x-coordinate,y-coordinate,Similarity_score
data/haunted_places_jsons_subset/haunted_place_6863.json,data/haunted_places_jsons_subset/haunted_place_7771.json,0.5
data/haunted_places_jsons_subset/haunted_place_6863.json,data/haunted_places_jsons_subset/haunted_place_2089.json,0.5
data/haunted_places_jsons_subset/haunted_place_6863.json,data/haunted_places_jsons_subset/haunted_place_8484.json,0.5
data/haunted_places_jsons_subset/haunted_place_6863.json,data/haunted_places_jsons_subset/haunted_place_2573.json,0.5
data/haunted_places_jsons_subset/haunted_place_6863.json,data/haunted_places_jsons_subset/haunted_place_588.json,0.5
data/haunted_places_jsons_subset/haunted_place_6863.json,data/haunted_places_jsons_subset/haunted_place_7321.json,0.5
data/haunted_places_jsons_subset/haunted_place_6863.json,data/haunted_places_jsons_subset/haunted_place_422.json,0.6363636363636364
data/haunted_places_jsons_subset/haunted_place_6863.json,data/haunted_places_jsons_subset/haunted_place_2123.json,0.5
data/haunted_places_jsons_subset/haunted_place_6863.json,data/haunted_places_jsons_subset/haunted_place_971.json,0.5
data/haunted_places_jsons_subset/haunted_place_6863.json,data/haunted_places_jsons_subset/haunted_place_6160.json,0.5
data/haunted_places_jsons_subset/haunted_place_6863.json,data/haunted_places_jsons_subset/haunted_place_3698.json,0.5
data/haunted_places_jsons_subset/haunted_place_6863.json,data/haunted_places_jsons_subset/haunted_place_9295.json,0.6363636363636364
data/haunted_places_jsons_subset/haunted_place_6863.json,data/haunted_places_jsons_subset/haunted_place_3362.json,0.5
data/haunted_places_jsons_subset/haunted_place_6863.json,data/haunted_places_jsons_subset/haunted_place_6530.json,0.5
data/haunted_places_jsons_subset/haunted_place_6863.json,data/haunted_places_jsons_subset/haunted_place_2820.json,0.5
data/haunted_places_jsons_subset/haunted_place_6863.json,data/haunted_places_jsons_subset/haunted_place_3732.json,0.5
data/haunted_places_jsons_subset/haunted_place_6863.json,data/haunted_places_jsons_subset/haunted_place_8938.json,0.5
data/haunted_places_jsons_subset/haunted_place_6863.json,data/haunted_places_jsons_subset/haunted_place_3227.json,0.5
data/haunted_places_jsons_subset/haunted_place_6863.json,data/haunted_places_jsons_subset/haunted_place_4018.json,0.5
data/haunted_places_jsons_subset/haunted_place_6863.json,data/haunted_places_jsons_subset/haunted_place_6025.json,0.5
data/haunted_places_jsons_subset/haunted_place_6863.json,data/haunted_places_jsons_subset/haunted_place_834.json,0.5
data/haunted_places_jsons_subset/haunted_place_6863.json,data/haunted_places_jsons_subset/haunted_place_10358.json,0.5
data/haunted_places_jsons_subset/haunted_place_6863.json,data/haunted_places_jsons_subset/haunted_place_2965.json,0.5
data/haunted_places_jsons_subset/haunted_place_6863.json,data/haunted_places_jsons_subset/haunted_place_3677.json,0.6363636363636364
data/haunted_places_jsons_subset/haunted_place_6863.json,data/haunted_places_jsons_subset/haunted_place_4448.json,0.5
data/haunted_places_jsons_subset/haunted_place_6863.json,data/haunted_places_jsons_subset/haunted_place_6475.json,0.5
data/haunted_places_jsons_subset/haunted_place_6863.json,data/haunted_places_jsons_subset/haunted_place_8892.json,0.6363636363636364
data/haunted_places_jsons_subset/haunted_place_6863.json,data/haunted_places_jsons_subset/haunted_place_10708.json,0.5
data/haunted_places_jsons_subset/haunted_place_6863.json,data/haunted_places_jsons_subset/haunted_place_9780.json,0.6363636363636364
data/haunted_places_jsons_subset/haunted_place_6863.json,data/haunted_places_jsons_subset/haunted_place_2436.json,0.5
data/haunted_places_jsons_subset/haunted_place_6863.json,data/haunted_places_jsons_subset/haunted_place_6926.json,0.5
data/haunted_places_jsons_subset/haunted_place_6863.json,data/haunted_places_jsons_subset/haunted_place_137.json,0.6363636363636364
data/haunted_places_jsons_subset/haunted_place_6863.json,data/haunted_places_jsons_subset/haunted_place_7634.json,0.5
data/haunted_places_jsons_subset/haunted_place_6863.json,data/haunted_places_jsons_subset/haunted_place_5609.json,0.6363636363636364
data/haunted_places_jsons_subset/haunted_place_6863.json,data/haunted_places_jsons_subset/haunted_place_2066.json,0.6363636363636364
data/haunted_places_jsons_subset/haunted_place_6863.json,data/haunted_places_jsons_subset/haunted_place_7264.json,0.5
data/haunted_places_jsons_subset/haunted_place_6863.json,data/haunted_places_jsons_subset/haunted_place_5259.json,0.5
data/haunted_places_jsons_subset/haunted_place_6863.json,data/haunted_places_jsons_subset/haunted_place_567.json,0.5
data/haunted_places_jsons_subset/haunted_place_6863.json,data/haunted_places_jsons_subset/haunted_place_8191.json,0.5
data/haunted_places_jsons_subset/haunted_place_6863.json,data/haunted_places_jsons_subset/haunted_place_1563.json,0.6363636363636364
data/haunted_places_jsons_subset/haunted_place_6863.json,data/haunted_places_jsons_subset/haunted_place_9153.json,0.6363636363636364
data/haunted_places_jsons_subset/haunted_place_6863.json,data/haunted_places_jsons_subset/haunted_place_10421.json,0.5
data/haunted_places_jsons_subset/haunted_place_6863.json,data/haunted_places_jsons_subset/haunted_place_1099.json,0.5
data/haunted_places_jsons_subset/haunted_place_6863.json,data/haunted_places_jsons_subset/haunted_place_4761.json,0.6363636363636364
data/haunted_places_jsons_subset/haunted_place_6863.json,data/haunted_places_jsons_subset/haunted_place_5873.json,0.5
data/haunted_places_jsons_subset/haunted_place_6863.json,data/haunted_places_jsons_subset/haunted_place_1133.json,0.5
data/haunted_places_jsons_subset/haunted_place_6863.json,data/haunted_places_jsons_subset/haunted_place_9503.json,0.5
data/haunted_places_jsons_subset/haunted_place_6863.json,data/haunted_places_jsons_subset/haunted_place_10071.json,0.5
data/haunted_places_jsons_subset/haunted_place_6863.json,data/haunted_places_jsons_subset/haunted_place_4331.json,0.5
data/haunted_places_jsons_subset/haunted_place_6863.json,data/haunted_places_jsons_subset/haunted_place_8742.json,0.5
data/haunted_places_jsons_subset/haunted_place_6863.json,data/haunted_places_jsons_subset/haunted_place_9850.json,0.5
data/haunted_places_jsons_subset/haunted_place_6863.json,data/haunted_places_jsons_subset/haunted_place_5170.json,0.5
data/haunted_places_jsons_subset/haunted_place_6863.json,data/haunted_places_jsons_subset/haunted_place_1830.json,0.6363636363636364
data/haunted_places_jsons_subset/haunted_place_6863.json,data/haunted_places_jsons_subset/haunted_place_8312.json,0.5
data/haunted_places_jsons_subset/haunted_place_6863.json,data/haunted_places_jsons_subset/haunted_place_10972.json,0.5
data/haunted_places_jsons_subset/haunted_place_6863.json,data/haunted_places_jsons_subset/haunted_place_5520.json,0.5
data/haunted_places_jsons_subset/haunted_place_6863.json,data/haunted_places_jsons_subset/haunted_place_5035.json,0.5
data/haunted_places_jsons_subset/haunted_place_6863.json,data/haunted_places_jsons_subset/haunted_place_7008.json,0.5
data/haunted_places_jsons_subset/haunted_place_6863.json,data/haunted_places_jsons_subset/haunted_place_8607.json,0.6363636363636364
data/haunted_places_jsons_subset/haunted_place_6863.json,data/haunted_places_jsons_subset/haunted_place_9915.json,0.6363636363636364
data/haunted_places_jsons_subset/haunted_place_6863.json,data/haunted_places_jsons_subset/haunted_place_10837.json,0.5
data/haunted_places_jsons_subset/haunted_place_6863.json,data/haunted_places_jsons_subset/haunted_place_5465.json,0.5
data/haunted_places_jsons_subset/haunted_place_6863.json,data/haunted_places_jsons_subset/haunted_place_7458.json,0.6363636363636364
data/haunted_places_jsons_subset/haunted_place_6863.json,data/haunted_places_jsons_subset/haunted_place_3948.json,0.5
data/haunted_places_jsons_subset/haunted_place_6863.json,data/haunted_places_jsons_subset/haunted_place_1975.json,0.5
data/haunted_places_jsons_subset/haunted_place_6863.json,data/haunted_places_jsons_subset/haunted_place_8257.json,0.5
data/haunted_places_jsons_subset/haunted_place_6863.json,data/haunted_places_jsons_subset/haunted_place_10564.json,0.5
data/haunted_places_jsons_subset/haunted_place_6863.json,data/haunted_places_jsons_subset/haunted_place_6619.json,0.6363636363636364
data/haunted_places_jsons_subset/haunted_place_6863.json,data/haunted_places_jsons_subset/haunted_place_4624.json,0.6363636363636364
data/haunted_places_jsons_subset/haunted_place_6863.json,data/haunted_places_jsons_subset/haunted_place_5936.json,0.5
data/haunted_places_jsons_subset/haunted_place_6863.json,data/haunted_places_jsons_subset/haunted_place_1426.json,0.5
data/haunted_places_jsons_subset/haunted_place_6863.json,data/haunted_places_jsons_subset/haunted_place_9016.json,0.5
data/haunted_places_jsons_subset/haunted_place_6863.json,data/haunted_places_jsons_subset/haunted_place_10134.json,0.6363636363636364
data/haunted_places_jsons_subset/haunted_place_6863.json,data/haunted_places_jsons_subset/haunted_place_6249.json,0.5
data/haunted_places_jsons_subset/haunted_place_6863.json,data/haunted_places_jsons_subset/haunted_place_4274.json,0.5
data/haunted_places_jsons_subset/haunted_place_6863.json,data/haunted_places_jsons_subset/haunted_place_1076.json,0.5
data/haunted_places_jsons_subset/haunted_place_6863.json,data/haunted_places_jsons_subset/haunted_place_9446.json,0.5
data/haunted_places_jsons_subset/haunted_place_6863.json,data/haunted_places_jsons_subset/haunted_place_9368.json,0.6363636363636364
data/haunted_places_jsons_subset/haunted_place_6863.json,data/haunted_places_jsons_subset/haunted_place_2877.json,0.5
data/haunted_places_jsons_subset/haunted_place_6863.json,data/haunted_places_jsons_subset/haunted_place_1758.json,0.5
data/haunted_places_jsons_subset/haunted_place_6863.json,data/haunted_places_jsons_subset/haunted_place_3765.json,0.5
data/haunted_places_jsons_subset/haunted_place_6863.json,data/haunted_places_jsons_subset/haunted_place_6567.json,0.6363636363636364
data/haunted_places_jsons_subset/haunted_place_6863.json,data/haunted_places_jsons_subset/haunted_place_8980.json,0.6363636363636364
data/haunted_places_jsons_subset/haunted_place_6863.json,data/haunted_places_jsons_subset/haunted_place_9692.json,0.5
data/haunted_places_jsons_subset/haunted_place_6863.json,data/haunted_places_jsons_subset/haunted_place_9738.json,0.5
data/haunted_places_jsons_subset/haunted_place_6863.json,data/haunted_places_jsons_subset/haunted_place_1308.json,0.5
data/haunted_places_jsons_subset/haunted_place_6863.json,data/haunted_places_jsons_subset/haunted_place_3335.json,0.5
data/haunted_places_jsons_subset/haunted_place_6863.json,data/haunted_places_jsons_subset/haunted_place_6137.json,0.5
data/haunted_places_jsons_subset/haunted_place_6863.json,data/haunted_places_jsons_subset/haunted_place_926.json,0.5
data/haunted_places_jsons_subset/haunted_place_6863.json,data/haunted_places_jsons_subset/haunted_place_8579.json,0.5
data/haunted_places_jsons_subset/haunted_place_6863.json,data/haunted_places_jsons_subset/haunted_place_2174.json,0.6363636363636364
data/haunted_places_jsons_subset/haunted_place_6863.json,data/haunted_places_jsons_subset/haunted_place_7376.json,0.6363636363636364
data/haunted_places_jsons_subset/haunted_place_6863.json,data/haunted_places_jsons_subset/haunted_place_475.json,0.5
data/haunted_places_jsons_subset/haunted_place_6863.json,data/haunted_places_jsons_subset/haunted_place_8083.json,0.5
data/haunted_places_jsons_subset/haunted_place_6863.json,data/haunted_places_jsons_subset/haunted_place_8129.json,0.5
data/haunted_places_jsons_subset/haunted_place_6863.json,data/haunted_places_jsons_subset/haunted_place_2524.json,0.5
data/haunted_places_jsons_subset/haunted_place_6863.json,data/haunted_places_jsons_subset/haunted_place_4809.json,0.6363636363636364
data/haunted_places_jsons_subset/haunted_place_6863.json,data/haunted_places_jsons_subset/haunted_place_6834.json,0.5
data/haunted_places_jsons_subset/haunted_place_6863.json,data/haunted_places_jsons_subset/haunted_place_7726.json,0.5
data/haunted_places_jsons_subset/haunted_place_6863.json,data/haunted_places_jsons_subset/haunted_place_7233.json,0.5
data/haunted_places_jsons_subset/haunted_place_6863.json,data/haunted_places_jsons_subset/haunted_place_530.json,0.5
data/haunted_places_jsons_subset/haunted_place_6863.json,data/haunted_places_jsons_subset/haunted_place_2031.json,0.6363636363636364
data/haunted_places_jsons_subset/haunted_place_6863.json,data/haunted_places_jsons_subset/haunted_place_160.json,0.5
data/haunted_places_jsons_subset/haunted_place_6863.json,data/haunted_places_jsons_subset/haunted_place_6971.json,0.5
data/haunted_places_jsons_subset/haunted_place_6863.json,data/haunted_places_jsons_subset/haunted_place_7663.json,0.5
data/haunted_places_jsons_subset/haunted_place_6863.json,data/haunted_places_jsons_subset/haunted_place_8596.json,0.6363636363636364
data/haunted_places_jsons_subset/haunted_place_6863.json,data/haunted_places_jsons_subset/haunted_place_2461.json,0.5
data/haunted_places_jsons_subset/haunted_place_6863.json,data/haunted_places_jsons_subset/haunted_place_7399.json,0.5
data/haunted_places_jsons_subset/haunted_place_6863.json,data/haunted_places_jsons_subset/haunted_place_6422.json,0.5
data/haunted_places_jsons_subset/haunted_place_6863.json,data/haunted_places_jsons_subset/haunted_place_2932.json,0.6363636363636364
data/haunted_places_jsons_subset/haunted_place_6863.json,data/haunted_places_jsons_subset/haunted_place_3620.json,0.5
data/haunted_places_jsons_subset/haunted_place_6863.json,data/haunted_places_jsons_subset/haunted_place_2898.json,0.5
data/haunted_places_jsons_subset/haunted_place_6863.json,data/haunted_places_jsons_subset/haunted_place_863.json,0.6363636363636364
data/haunted_places_jsons_subset/haunted_place_6863.json,data/haunted_places_jsons_subset/haunted_place_6072.json,0.5
data/haunted_places_jsons_subset/haunted_place_6863.json,data/haunted_places_jsons_subset/haunted_place_9387.json,0.5
data/haunted_places_jsons_subset/haunted_place_6863.json,data/haunted_places_jsons_subset/haunted_place_3270.json,0.5
data/haunted_places_jsons_subset/haunted_place_6863.json,data/haunted_places_jsons_subset/haunted_place_6588.json,0.6363636363636364
data/haunted_places_jsons_subset/haunted_place_6863.json,data/haunted_places_jsons_subset/haunted_place_10925.json,0.5
data/haunted_places_jsons_subset/haunted_place_6863.json,data/haunted_places_jsons_subset/haunted_place_249.json,0.5
data/haunted_places_jsons_subset/haunted_place_6863.json,data/haunted_places_jsons_subset/haunted_place_5577.json,0.5
data/haunted_places_jsons_subset/haunted_place_6863.json,data/haunted_places_jsons_subset/haunted_place_2748.json,0.5
data/haunted_places_jsons_subset/haunted_place_6863.json,data/haunted_places_jsons_subset/haunted_place_1867.json,0.6363636363636364
data/haunted_places_jsons_subset/haunted_place_6863.json,data/haunted_places_jsons_subset/haunted_place_8345.json,0.5
data/haunted_places_jsons_subset/haunted_place_6863.json,data/haunted_places_jsons_subset/haunted_place_5127.json,0.5
data/haunted_places_jsons_subset/haunted_place_6863.json,data/haunted_places_jsons_subset/haunted_place_619.json,0.5
data/haunted_places_jsons_subset/haunted_place_6863.json,data/haunted_places_jsons_subset/haunted_place_2318.json,0.5
data/haunted_places_jsons_subset/haunted_place_6863.json,data/haunted_places_jsons_subset/haunted_place_8715.json,0.5
data/haunted_places_jsons_subset/haunted_place_6863.json,data/haunted_places_jsons_subset/haunted_place_9807.json,0.5
data/haunted_places_jsons_subset/haunted_place_6863.json,data/haunted_places_jsons_subset/haunted_place_10026.json,0.6363636363636364
data/haunted_places_jsons_subset/haunted_place_6863.json,data/haunted_places_jsons_subset/haunted_place_4366.json,0.6363636363636364
data/haunted_places_jsons_subset/haunted_place_6863.json,data/haunted_places_jsons_subset/haunted_place_3159.json,0.5
data/haunted_places_jsons_subset/haunted_place_6863.json,data/haunted_places_jsons_subset/haunted_place_1164.json,0.5
data/haunted_places_jsons_subset/haunted_place_6863.json,data/haunted_places_jsons_subset/haunted_place_9554.json,0.5
data/haunted_places_jsons_subset/haunted_place_6863.json,data/haunted_places_jsons_subset/haunted_place_10476.json,0.6363636363636364
data/haunted_places_jsons_subset/haunted_place_6863.json,data/haunted_places_jsons_subset/haunted_place_4736.json,0.5
data/haunted_places_jsons_subset/haunted_place_6863.json,data/haunted_places_jsons_subset/haunted_place_5824.json,0.5
data/haunted_places_jsons_subset/haunted_place_6863.json,data/haunted_places_jsons_subset/haunted_place_7819.json,0.5
data/haunted_places_jsons_subset/haunted_place_6863.json,data/haunted_places_jsons_subset/haunted_place_3509.json,0.6363636363636364
data/haunted_places_jsons_subset/haunted_place_6863.json,data/haunted_places_jsons_subset/haunted_place_1534.json,0.5
data/haunted_places_jsons_subset/haunted_place_6863.json,data/haunted_places_jsons_subset/haunted_place_9104.json,0.5
data/haunted_places_jsons_subset/haunted_place_6863.json,data/haunted_places_jsons_subset/haunted_place_1021.json,0.5
data/haunted_places_jsons_subset/haunted_place_6863.json,data/haunted_places_jsons_subset/haunted_place_10499.json,0.5
data/haunted_places_jsons_subset/haunted_place_6863.json,data/haunted_places_jsons_subset/haunted_place_9411.json,0.5
data/haunted_places_jsons_subset/haunted_place_6863.json,data/haunted_places_jsons_subset/haunted_place_10163.json,0.6363636363636364
data/haunted_places_jsons_subset/haunted_place_6863.json,data/haunted_places_jsons_subset/haunted_place_4223.json,0.5
data/haunted_places_jsons_subset/haunted_place_6863.json,data/haunted_places_jsons_subset/haunted_place_4389.json,0.6363636363636364
data/haunted_places_jsons_subset/haunted_place_6863.json,data/haunted_places_jsons_subset/haunted_place_1471.json,0.5
data/haunted_places_jsons_subset/haunted_place_6863.json,data/haunted_places_jsons_subset/haunted_place_9041.json,0.6363636363636364
data/haunted_places_jsons_subset/haunted_place_6863.json,data/haunted_places_jsons_subset/haunted_place_10533.json,0.5
data/haunted_places_jsons_subset/haunted_place_6863.json,data/haunted_places_jsons_subset/haunted_place_4673.json,0.6363636363636364
data/haunted_places_jsons_subset/haunted_place_6863.json,data/haunted_places_jsons_subset/haunted_place_5961.json,0.6363636363636364
data/haunted_places_jsons_subset/haunted_place_6863.json,data/haunted_places_jsons_subset/haunted_place_1922.json,0.5
data/haunted_places_jsons_subset/haunted_place_6863.json,data/haunted_places_jsons_subset/haunted_place_8200.json,0.6363636363636364
data/haunted_places_jsons_subset/haunted_place_6863.json,data/haunted_places_jsons_subset/haunted_place_10860.json,0.5
data/haunted_places_jsons_subset/haunted_place_6863.json,data/haunted_places_jsons_subset/haunted_place_5432.json,0.5
data/haunted_places_jsons_subset/haunted_place_6863.json,data/haunted_places_jsons_subset/haunted_place_5598.json,0.5
data/haunted_places_jsons_subset/haunted_place_6863.json,data/haunted_places_jsons_subset/haunted_place_8650.json,0.5
data/haunted_places_jsons_subset/haunted_place_6863.json,data/haunted_places_jsons_subset/haunted_place_9942.json,0.5
data/haunted_places_jsons_subset/haunted_place_6863.json,data/haunted_places_jsons_subset/haunted_place_5062.json,0.6363636363636364
data/haunted_places_jsons_subset/haunted_place_6863.json,data/haunted_places_jsons_subset/haunted_place_1888.json,0.5
data/haunted_places_jsons_subset/haunted_place_6863.json,data/haunted_places_jsons_subset/haunted_place_7730.json,0.5
data/haunted_places_jsons_subset/haunted_place_6863.json,data/haunted_places_jsons_subset/haunted_place_6822.json,0.6363636363636364
data/haunted_places_jsons_subset/haunted_place_6863.json,data/haunted_places_jsons_subset/haunted_place_2532.json,0.5
data/haunted_places_jsons_subset/haunted_place_6863.json,data/haunted_places_jsons_subset/haunted_place_8095.json,0.5
data/haunted_places_jsons_subset/haunted_place_6863.json,data/haunted_places_jsons_subset/haunted_place_463.json,0.5
data/haunted_places_jsons_subset/haunted_place_6863.json,data/haunted_places_jsons_subset/haunted_place_7360.json,0.5
data/haunted_places_jsons_subset/haunted_place_6863.json,data/haunted_places_jsons_subset/haunted_place_2498.json,0.5
data/haunted_places_jsons_subset/haunted_place_6863.json,data/haunted_places_jsons_subset/haunted_place_2162.json,0.6363636363636364
data/haunted_places_jsons_subset/haunted_place_6863.json,data/haunted_places_jsons_subset/haunted_place_199.json,0.5
data/haunted_places_jsons_subset/haunted_place_6863.json,data/haunted_places_jsons_subset/haunted_place_6988.json,0.6363636363636364
data/haunted_places_jsons_subset/haunted_place_6863.json,data/haunted_places_jsons_subset/haunted_place_6121.json,0.5
data/haunted_places_jsons_subset/haunted_place_6863.json,data/haunted_places_jsons_subset/haunted_place_930.json,0.5
data/haunted_places_jsons_subset/haunted_place_6863.json,data/haunted_places_jsons_subset/haunted_place_3323.json,0.5
data/haunted_places_jsons_subset/haunted_place_6863.json,data/haunted_places_jsons_subset/haunted_place_9684.json,0.6363636363636364
data/haunted_places_jsons_subset/haunted_place_6863.json,data/haunted_places_jsons_subset/haunted_place_8996.json,0.5
data/haunted_places_jsons_subset/haunted_place_6863.json,data/haunted_places_jsons_subset/haunted_place_6571.json,0.5
data/haunted_places_jsons_subset/haunted_place_6863.json,data/haunted_places_jsons_subset/haunted_place_3289.json,0.5
data/haunted_places_jsons_subset/haunted_place_6863.json,data/haunted_places_jsons_subset/haunted_place_3773.json,0.6363636363636364
data/haunted_places_jsons_subset/haunted_place_6863.json,data/haunted_places_jsons_subset/haunted_place_2861.json,0.5
data/haunted_places_jsons_subset/haunted_place_6863.json,data/haunted_places_jsons_subset/haunted_place_3266.json,0.5
data/haunted_places_jsons_subset/haunted_place_6863.json,data/haunted_places_jsons_subset/haunted_place_8979.json,0.6363636363636364
data/haunted_places_jsons_subset/haunted_place_6863.json,data/haunted_places_jsons_subset/haunted_place_10319.json,0.5
data/haunted_places_jsons_subset/haunted_place_6863.json,data/haunted_places_jsons_subset/haunted_place_9391.json,0.5
data/haunted_places_jsons_subset/haunted_place_6863.json,data/haunted_places_jsons_subset/haunted_place_875.json,0.5
data/haunted_places_jsons_subset/haunted_place_6863.json,data/haunted_places_jsons_subset/haunted_place_6064.json,0.5
data/haunted_places_jsons_subset/haunted_place_6863.json,data/haunted_places_jsons_subset/haunted_place_4059.json,0.5
data/haunted_places_jsons_subset/haunted_place_6863.json,data/haunted_places_jsons_subset/haunted_place_3636.json,0.5
data/haunted_places_jsons_subset/haunted_place_6863.json,data/haunted_places_jsons_subset/haunted_place_2924.json,0.5
data/haunted_places_jsons_subset/haunted_place_6863.json,data/haunted_places_jsons_subset/haunted_place_10749.json,0.5
data/haunted_places_jsons_subset/haunted_place_6863.json,data/haunted_places_jsons_subset/haunted_place_6434.json,0.6363636363636364
data/haunted_places_jsons_subset/haunted_place_6863.json,data/haunted_places_jsons_subset/haunted_place_4409.json,0.5
data/haunted_places_jsons_subset/haunted_place_6863.json,data/haunted_places_jsons_subset/haunted_place_2477.json,0.5
data/haunted_places_jsons_subset/haunted_place_6863.json,data/haunted_places_jsons_subset/haunted_place_8580.json,0.5
data/haunted_places_jsons_subset/haunted_place_6863.json,data/haunted_places_jsons_subset/haunted_place_5648.json,0.5
data/haunted_places_jsons_subset/haunted_place_6863.json,data/haunted_places_jsons_subset/haunted_place_7675.json,0.5
data/haunted_places_jsons_subset/haunted_place_6863.json,data/haunted_places_jsons_subset/haunted_place_176.json,0.6363636363636364
data/haunted_places_jsons_subset/haunted_place_6863.json,data/haunted_places_jsons_subset/haunted_place_6967.json,0.5
data/haunted_places_jsons_subset/haunted_place_6863.json,data/haunted_places_jsons_subset/haunted_place_2027.json,0.5
data/haunted_places_jsons_subset/haunted_place_6863.json,data/haunted_places_jsons_subset/haunted_place_526.json,0.6363636363636364
data/haunted_places_jsons_subset/haunted_place_6863.json,data/haunted_places_jsons_subset/haunted_place_5218.json,0.5
data/haunted_places_jsons_subset/haunted_place_6863.json,data/haunted_places_jsons_subset/haunted_place_7225.json,0.6363636363636364
data/haunted_places_jsons_subset/haunted_place_6863.json,data/haunted_places_jsons_subset/haunted_place_9112.json,0.5
data/haunted_places_jsons_subset/haunted_place_6863.json,data/haunted_places_jsons_subset/haunted_place_1522.json,0.5
data/haunted_places_jsons_subset/haunted_place_6863.json,data/haunted_places_jsons_subset/haunted_place_5832.json,0.5
data/haunted_places_jsons_subset/haunted_place_6863.json,data/haunted_places_jsons_subset/haunted_place_4720.json,0.5
data/haunted_places_jsons_subset/haunted_place_6863.json,data/haunted_places_jsons_subset/haunted_place_10460.json,0.5
data/haunted_places_jsons_subset/haunted_place_6863.json,data/haunted_places_jsons_subset/haunted_place_9542.json,0.5
data/haunted_places_jsons_subset/haunted_place_6863.json,data/haunted_places_jsons_subset/haunted_place_5998.json,0.5
data/haunted_places_jsons_subset/haunted_place_6863.json,data/haunted_places_jsons_subset/haunted_place_1172.json,0.6363636363636364
data/haunted_places_jsons_subset/haunted_place_6863.json,data/haunted_places_jsons_subset/haunted_place_1488.json,0.6363636363636364
data/haunted_places_jsons_subset/haunted_place_6863.json,data/haunted_places_jsons_subset/haunted_place_4370.json,0.5
data/haunted_places_jsons_subset/haunted_place_6863.json,data/haunted_places_jsons_subset/haunted_place_10030.json,0.5
data/haunted_places_jsons_subset/haunted_place_6863.json,data/haunted_places_jsons_subset/haunted_place_10899.json,0.5
data/haunted_places_jsons_subset/haunted_place_6863.json,data/haunted_places_jsons_subset/haunted_place_9811.json,0.6363636363636364
data/haunted_places_jsons_subset/haunted_place_6863.json,data/haunted_places_jsons_subset/haunted_place_8703.json,0.6363636363636364
data/haunted_places_jsons_subset/haunted_place_6863.json,data/haunted_places_jsons_subset/haunted_place_5131.json,0.5
data/haunted_places_jsons_subset/haunted_place_6863.json,data/haunted_places_jsons_subset/haunted_place_8353.json,0.5
data/haunted_places_jsons_subset/haunted_place_6863.json,data/haunted_places_jsons_subset/haunted_place_1871.json,0.6363636363636364
data/haunted_places_jsons_subset/haunted_place_6863.json,data/haunted_places_jsons_subset/haunted_place_5561.json,0.6363636363636364
data/haunted_places_jsons_subset/haunted_place_6863.json,data/haunted_places_jsons_subset/haunted_place_10933.json,0.5
data/haunted_places_jsons_subset/haunted_place_6863.json,data/haunted_places_jsons_subset/haunted_place_7049.json,0.5
data/haunted_places_jsons_subset/haunted_place_6863.json,data/haunted_places_jsons_subset/haunted_place_5074.json,0.5
data/haunted_places_jsons_subset/haunted_place_6863.json,data/haunted_places_jsons_subset/haunted_place_9954.json,0.6363636363636364
data/haunted_places_jsons_subset/haunted_place_6863.json,data/haunted_places_jsons_subset/haunted_place_8646.json,0.5
data/haunted_places_jsons_subset/haunted_place_6863.json,data/haunted_places_jsons_subset/haunted_place_7419.json,0.5
data/haunted_places_jsons_subset/haunted_place_6863.json,data/haunted_places_jsons_subset/haunted_place_5424.json,0.6363636363636364
data/haunted_places_jsons_subset/haunted_place_6863.json,data/haunted_places_jsons_subset/haunted_place_10876.json,0.6363636363636364
data/haunted_places_jsons_subset/haunted_place_6863.json,data/haunted_places_jsons_subset/haunted_place_8216.json,0.5
data/haunted_places_jsons_subset/haunted_place_6863.json,data/haunted_places_jsons_subset/haunted_place_1934.json,0.5
data/haunted_places_jsons_subset/haunted_place_6863.json,data/haunted_places_jsons_subset/haunted_place_3909.json,0.6363636363636364
data/haunted_places_jsons_subset/haunted_place_6863.json,data/haunted_places_jsons_subset/haunted_place_5977.json,0.5
data/haunted_places_jsons_subset/haunted_place_6863.json,data/haunted_places_jsons_subset/haunted_place_4665.json,0.5
data/haunted_places_jsons_subset/haunted_place_6863.json,data/haunted_places_jsons_subset/haunted_place_6658.json,0.6363636363636364
data/haunted_places_jsons_subset/haunted_place_6863.json,data/haunted_places_jsons_subset/haunted_place_10525.json,0.5
data/haunted_places_jsons_subset/haunted_place_6863.json,data/haunted_places_jsons_subset/haunted_place_9057.json,0.6363636363636364
data/haunted_places_jsons_subset/haunted_place_6863.json,data/haunted_places_jsons_subset/haunted_place_1467.json,0.6363636363636364
data/haunted_places_jsons_subset/haunted_place_6863.json,data/haunted_places_jsons_subset/haunted_place_4235.json,0.5
data/haunted_places_jsons_subset/haunted_place_6863.json,data/haunted_places_jsons_subset/haunted_place_6208.json,0.5
data/haunted_places_jsons_subset/haunted_place_6863.json,data/haunted_places_jsons_subset/haunted_place_10175.json,0.6363636363636364
data/haunted_places_jsons_subset/haunted_place_6863.json,data/haunted_places_jsons_subset/haunted_place_9407.json,0.5
data/haunted_places_jsons_subset/haunted_place_6863.json,data/haunted_places_jsons_subset/haunted_place_1037.json,0.5
data/haunted_places_jsons_subset/haunted_place_6863.json,data/haunted_places_jsons_subset/haunted_place_3724.json,0.5
data/haunted_places_jsons_subset/haunted_place_6863.json,data/haunted_places_jsons_subset/haunted_place_1719.json,0.6363636363636364
data/haunted_places_jsons_subset/haunted_place_6863.json,data/haunted_places_jsons_subset/haunted_place_2836.json,0.5
data/haunted_places_jsons_subset/haunted_place_6863.json,data/haunted_places_jsons_subset/haunted_place_9329.json,0.5
data/haunted_places_jsons_subset/haunted_place_6863.json,data/haunted_places_jsons_subset/haunted_place_6526.json,0.5
data/haunted_places_jsons_subset/haunted_place_6863.json,data/haunted_places_jsons_subset/haunted_place_3374.json,0.5
data/haunted_places_jsons_subset/haunted_place_6863.json,data/haunted_places_jsons_subset/haunted_place_1349.json,0.5
data/haunted_places_jsons_subset/haunted_place_6863.json,data/haunted_places_jsons_subset/haunted_place_9779.json,0.5
data/haunted_places_jsons_subset/haunted_place_6863.json,data/haunted_places_jsons_subset/haunted_place_9283.json,0.6363636363636364
data/haunted_places_jsons_subset/haunted_place_6863.json,data/haunted_places_jsons_subset/haunted_place_967.json,0.5
data/haunted_places_jsons_subset/haunted_place_6863.json,data/haunted_places_jsons_subset/haunted_place_6176.json,0.5
data/haunted_places_jsons_subset/haunted_place_6863.json,data/haunted_places_jsons_subset/haunted_place_2135.json,0.5
data/haunted_places_jsons_subset/haunted_place_6863.json,data/haunted_places_jsons_subset/haunted_place_8538.json,0.5
data/haunted_places_jsons_subset/haunted_place_6863.json,data/haunted_places_jsons_subset/haunted_place_434.json,0.5
data/haunted_places_jsons_subset/haunted_place_6863.json,data/haunted_places_jsons_subset/haunted_place_7337.json,0.6363636363636364
data/haunted_places_jsons_subset/haunted_place_6863.json,data/haunted_places_jsons_subset/haunted_place_2565.json,0.5
data/haunted_places_jsons_subset/haunted_place_6863.json,data/haunted_places_jsons_subset/haunted_place_8168.json,0.5
data/haunted_places_jsons_subset/haunted_place_6863.json,data/haunted_places_jsons_subset/haunted_place_8492.json,0.6363636363636364
data/haunted_places_jsons_subset/haunted_place_6863.json,data/haunted_places_jsons_subset/haunted_place_7767.json,0.5
data/haunted_places_jsons_subset/haunted_place_6863.json,data/haunted_places_jsons_subset/haunted_place_6875.json,0.5
data/haunted_places_jsons_subset/haunted_place_6863.json,data/haunted_places_jsons_subset/haunted_place_4848.json,0.6363636363636364
data/haunted_places_jsons_subset/haunted_place_6863.json,data/haunted_places_jsons_subset/haunted_place_8187.json,0.5
data/haunted_places_jsons_subset/haunted_place_6863.json,data/haunted_places_jsons_subset/haunted_place_571.json,0.5
data/haunted_places_jsons_subset/haunted_place_6863.json,data/haunted_places_jsons_subset/haunted_place_7272.json,0.5
data/haunted_places_jsons_subset/haunted_place_6863.json,data/haunted_places_jsons_subset/haunted_place_2070.json,0.5
data/haunted_places_jsons_subset/haunted_place_6863.json,data/haunted_places_jsons_subset/haunted_place_7788.json,0.5
data/haunted_places_jsons_subset/haunted_place_6863.json,data/haunted_places_jsons_subset/haunted_place_7622.json,0.5
data/haunted_places_jsons_subset/haunted_place_6863.json,data/haunted_places_jsons_subset/haunted_place_6930.json,0.5
data/haunted_places_jsons_subset/haunted_place_6863.json,data/haunted_places_jsons_subset/haunted_place_121.json,0.5
data/haunted_places_jsons_subset/haunted_place_6863.json,data/haunted_places_jsons_subset/haunted_place_2420.json,0.5
data/haunted_places_jsons_subset/haunted_place_6863.json,data/haunted_places_jsons_subset/haunted_place_9796.json,0.5
data/haunted_places_jsons_subset/haunted_place_6863.json,data/haunted_places_jsons_subset/haunted_place_8884.json,0.5
data/haunted_places_jsons_subset/haunted_place_6863.json,data/haunted_places_jsons_subset/haunted_place_6463.json,0.5
data/haunted_places_jsons_subset/haunted_place_6863.json,data/haunted_places_jsons_subset/haunted_place_3661.json,0.6363636363636364
data/haunted_places_jsons_subset/haunted_place_6863.json,data/haunted_places_jsons_subset/haunted_place_988.json,0.5
data/haunted_places_jsons_subset/haunted_place_6863.json,data/haunted_places_jsons_subset/haunted_place_6199.json,0.6363636363636364
data/haunted_places_jsons_subset/haunted_place_6863.json,data/haunted_places_jsons_subset/haunted_place_2973.json,0.5
data/haunted_places_jsons_subset/haunted_place_6863.json,data/haunted_places_jsons_subset/haunted_place_6033.json,0.5
data/haunted_places_jsons_subset/haunted_place_6863.json,data/haunted_places_jsons_subset/haunted_place_822.json,0.5
data/haunted_places_jsons_subset/haunted_place_6863.json,data/haunted_places_jsons_subset/haunted_place_3231.json,0.6363636363636364
data/haunted_places_jsons_subset/haunted_place_6863.json,data/haunted_places_jsons_subset/haunted_place_5536.json,0.5
data/haunted_places_jsons_subset/haunted_place_6863.json,data/haunted_places_jsons_subset/haunted_place_208.json,0.5
data/haunted_places_jsons_subset/haunted_place_6863.json,data/haunted_places_jsons_subset/haunted_place_10964.json,0.5
data/haunted_places_jsons_subset/haunted_place_6863.json,data/haunted_places_jsons_subset/haunted_place_8304.json,0.5
data/haunted_places_jsons_subset/haunted_place_6863.json,data/haunted_places_jsons_subset/haunted_place_1826.json,0.5
data/haunted_places_jsons_subset/haunted_place_6863.json,data/haunted_places_jsons_subset/haunted_place_2709.json,0.5
data/haunted_places_jsons_subset/haunted_place_6863.json,data/haunted_places_jsons_subset/haunted_place_658.json,0.6363636363636364
data/haunted_places_jsons_subset/haunted_place_6863.json,data/haunted_places_jsons_subset/haunted_place_5166.json,0.5
data/haunted_places_jsons_subset/haunted_place_6863.json,data/haunted_places_jsons_subset/haunted_place_9846.json,0.5
data/haunted_places_jsons_subset/haunted_place_6863.json,data/haunted_places_jsons_subset/haunted_place_8754.json,0.5
data/haunted_places_jsons_subset/haunted_place_6863.json,data/haunted_places_jsons_subset/haunted_place_2359.json,0.6363636363636364
data/haunted_places_jsons_subset/haunted_place_6863.json,data/haunted_places_jsons_subset/haunted_place_4327.json,0.5
data/haunted_places_jsons_subset/haunted_place_6863.json,data/haunted_places_jsons_subset/haunted_place_10067.json,0.5
data/haunted_places_jsons_subset/haunted_place_6863.json,data/haunted_places_jsons_subset/haunted_place_9515.json,0.5
data/haunted_places_jsons_subset/haunted_place_6863.json,data/haunted_places_jsons_subset/haunted_place_1125.json,0.6363636363636364
data/haunted_places_jsons_subset/haunted_place_6863.json,data/haunted_places_jsons_subset/haunted_place_3118.json,0.5
data/haunted_places_jsons_subset/haunted_place_6863.json,data/haunted_places_jsons_subset/haunted_place_7858.json,0.5
data/haunted_places_jsons_subset/haunted_place_6863.json,data/haunted_places_jsons_subset/haunted_place_5865.json,0.5
data/haunted_places_jsons_subset/haunted_place_6863.json,data/haunted_places_jsons_subset/haunted_place_4777.json,0.5
data/haunted_places_jsons_subset/haunted_place_6863.json,data/haunted_places_jsons_subset/haunted_place_10437.json,0.6363636363636364
data/haunted_places_jsons_subset/haunted_place_6863.json,data/haunted_places_jsons_subset/haunted_place_9145.json,0.5
data/haunted_places_jsons_subset/haunted_place_6863.json,data/haunted_places_jsons_subset/haunted_place_1575.json,0.5
data/haunted_places_jsons_subset/haunted_place_6863.json,data/haunted_places_jsons_subset/haunted_place_3548.json,0.5
data/haunted_places_jsons_subset/haunted_place_6863.json,data/haunted_places_jsons_subset/haunted_place_9450.json,0.5
data/haunted_places_jsons_subset/haunted_place_6863.json,data/haunted_places_jsons_subset/haunted_place_4798.json,0.5
data/haunted_places_jsons_subset/haunted_place_6863.json,data/haunted_places_jsons_subset/haunted_place_1060.json,0.6363636363636364
data/haunted_places_jsons_subset/haunted_place_6863.json,data/haunted_places_jsons_subset/haunted_place_4262.json,0.6363636363636364
data/haunted_places_jsons_subset/haunted_place_6863.json,data/haunted_places_jsons_subset/haunted_place_10122.json,0.5
data/haunted_places_jsons_subset/haunted_place_6863.json,data/haunted_places_jsons_subset/haunted_place_10088.json,0.5
data/haunted_places_jsons_subset/haunted_place_6863.json,data/haunted_places_jsons_subset/haunted_place_9000.json,0.5
data/haunted_places_jsons_subset/haunted_place_6863.json,data/haunted_places_jsons_subset/haunted_place_1430.json,0.5
data/haunted_places_jsons_subset/haunted_place_6863.json,data/haunted_places_jsons_subset/haunted_place_5920.json,0.5
data/haunted_places_jsons_subset/haunted_place_6863.json,data/haunted_places_jsons_subset/haunted_place_4632.json,0.6363636363636364
data/haunted_places_jsons_subset/haunted_place_6863.json,data/haunted_places_jsons_subset/haunted_place_10572.json,0.5
data/haunted_places_jsons_subset/haunted_place_6863.json,data/haunted_places_jsons_subset/haunted_place_8241.json,0.5
data/haunted_places_jsons_subset/haunted_place_6863.json,data/haunted_places_jsons_subset/haunted_place_1963.json,0.5
data/haunted_places_jsons_subset/haunted_place_6863.json,data/haunted_places_jsons_subset/haunted_place_5189.json,0.5
data/haunted_places_jsons_subset/haunted_place_6863.json,data/haunted_places_jsons_subset/haunted_place_5473.json,0.5
data/haunted_places_jsons_subset/haunted_place_6863.json,data/haunted_places_jsons_subset/haunted_place_10821.json,0.5
data/haunted_places_jsons_subset/haunted_place_6863.json,data/haunted_places_jsons_subset/haunted_place_9903.json,0.5
data/haunted_places_jsons_subset/haunted_place_6863.json,data/haunted_places_jsons_subset/haunted_place_8611.json,0.5
data/haunted_places_jsons_subset/haunted_place_6863.json,data/haunted_places_jsons_subset/haunted_place_5023.json,0.5
data/haunted_places_jsons_subset/haunted_place_6863.json,data/haunted_places_jsons_subset/haunted_place_5234.json,0.5
data/haunted_places_jsons_subset/haunted_place_6863.json,data/haunted_places_jsons_subset/haunted_place_7209.json,0.5
data/haunted_places_jsons_subset/haunted_place_6863.json,data/haunted_places_jsons_subset/haunted_place_8406.json,0.6363636363636364
data/haunted_places_jsons_subset/haunted_place_6863.json,data/haunted_places_jsons_subset/haunted_place_5664.json,0.5
data/haunted_places_jsons_subset/haunted_place_6863.json,data/haunted_places_jsons_subset/haunted_place_7659.json,0.5
data/haunted_places_jsons_subset/haunted_place_6863.json,data/haunted_places_jsons_subset/haunted_place_4976.json,0.6363636363636364
data/haunted_places_jsons_subset/haunted_place_6863.json,data/haunted_places_jsons_subset/haunted_place_8056.json,0.5
data/haunted_places_jsons_subset/haunted_place_6863.json,data/haunted_places_jsons_subset/haunted_place_6418.json,0.5
data/haunted_places_jsons_subset/haunted_place_6863.json,data/haunted_places_jsons_subset/haunted_place_4425.json,0.5
data/haunted_places_jsons_subset/haunted_place_6863.json,data/haunted_places_jsons_subset/haunted_place_10765.json,0.5
data/haunted_places_jsons_subset/haunted_place_6863.json,data/haunted_places_jsons_subset/haunted_place_9217.json,0.6363636363636364
data/haunted_places_jsons_subset/haunted_place_6863.json,data/haunted_places_jsons_subset/haunted_place_1627.json,0.5
data/haunted_places_jsons_subset/haunted_place_6863.json,data/haunted_places_jsons_subset/haunted_place_2908.json,0.5
data/haunted_places_jsons_subset/haunted_place_6863.json,data/haunted_places_jsons_subset/haunted_place_859.json,0.5
data/haunted_places_jsons_subset/haunted_place_6863.json,data/haunted_places_jsons_subset/haunted_place_6048.json,0.5
data/haunted_places_jsons_subset/haunted_place_6863.json,data/haunted_places_jsons_subset/haunted_place_4075.json,0.5
data/haunted_places_jsons_subset/haunted_place_6863.json,data/haunted_places_jsons_subset/haunted_place_10335.json,0.6363636363636364
data/haunted_places_jsons_subset/haunted_place_6863.json,data/haunted_places_jsons_subset/haunted_place_9647.json,0.5
data/haunted_places_jsons_subset/haunted_place_6863.json,data/haunted_places_jsons_subset/haunted_place_8955.json,0.5
data/haunted_places_jsons_subset/haunted_place_6863.json,data/haunted_places_jsons_subset/haunted_place_1277.json,0.5
data/haunted_places_jsons_subset/haunted_place_6863.json,data/haunted_places_jsons_subset/haunted_place_9352.json,0.6363636363636364
data/haunted_places_jsons_subset/haunted_place_6863.json,data/haunted_places_jsons_subset/haunted_place_1762.json,0.5
data/haunted_places_jsons_subset/haunted_place_6863.json,data/haunted_places_jsons_subset/haunted_place_1298.json,0.6363636363636364
data/haunted_places_jsons_subset/haunted_place_6863.json,data/haunted_places_jsons_subset/haunted_place_4560.json,0.6363636363636364
data/haunted_places_jsons_subset/haunted_place_6863.json,data/haunted_places_jsons_subset/haunted_place_10620.json,0.5
data/haunted_places_jsons_subset/haunted_place_6863.json,data/haunted_places_jsons_subset/haunted_place_9702.json,0.6363636363636364
data/haunted_places_jsons_subset/haunted_place_6863.json,data/haunted_places_jsons_subset/haunted_place_8810.json,0.6363636363636364
data/haunted_places_jsons_subset/haunted_place_6863.json,data/haunted_places_jsons_subset/haunted_place_1332.json,0.5
data/haunted_places_jsons_subset/haunted_place_6863.json,data/haunted_places_jsons_subset/haunted_place_4130.json,0.5
data/haunted_places_jsons_subset/haunted_place_6863.json,data/haunted_places_jsons_subset/haunted_place_10270.json,0.5
data/haunted_places_jsons_subset/haunted_place_6863.json,data/haunted_places_jsons_subset/haunted_place_8543.json,0.5
data/haunted_places_jsons_subset/haunted_place_6863.json,data/haunted_places_jsons_subset/haunted_place_4999.json,0.5
data/haunted_places_jsons_subset/haunted_place_6863.json,data/haunted_places_jsons_subset/haunted_place_5371.json,0.5
data/haunted_places_jsons_subset/haunted_place_6863.json,data/haunted_places_jsons_subset/haunted_place_8113.json,0.5
data/haunted_places_jsons_subset/haunted_place_6863.json,data/haunted_places_jsons_subset/haunted_place_5721.json,0.6363636363636364
data/haunted_places_jsons_subset/haunted_place_6863.json,data/haunted_places_jsons_subset/haunted_place_4833.json,0.5
data/haunted_places_jsons_subset/haunted_place_6863.json,data/haunted_places_jsons_subset/haunted_place_3026.json,0.5
data/haunted_places_jsons_subset/haunted_place_6863.json,data/haunted_places_jsons_subset/haunted_place_10159.json,0.6363636363636364
data/haunted_places_jsons_subset/haunted_place_6863.json,data/haunted_places_jsons_subset/haunted_place_4219.json,0.5
data/haunted_places_jsons_subset/haunted_place_6863.json,data/haunted_places_jsons_subset/haunted_place_6224.json,0.6363636363636364
data/haunted_places_jsons_subset/haunted_place_6863.json,data/haunted_places_jsons_subset/haunted_place_3476.json,0.6363636363636364
data/haunted_places_jsons_subset/haunted_place_6863.json,data/haunted_places_jsons_subset/haunted_place_10509.json,0.5
data/haunted_places_jsons_subset/haunted_place_6863.json,data/haunted_places_jsons_subset/haunted_place_9581.json,0.5
data/haunted_places_jsons_subset/haunted_place_6863.json,data/haunted_places_jsons_subset/haunted_place_7966.json,0.5
data/haunted_places_jsons_subset/haunted_place_6863.json,data/haunted_places_jsons_subset/haunted_place_4649.json,0.5
data/haunted_places_jsons_subset/haunted_place_6863.json,data/haunted_places_jsons_subset/haunted_place_6674.json,0.6363636363636364
data/haunted_places_jsons_subset/haunted_place_6863.json,data/haunted_places_jsons_subset/haunted_place_1918.json,0.5
data/haunted_places_jsons_subset/haunted_place_6863.json,data/haunted_places_jsons_subset/haunted_place_3925.json,0.5
data/haunted_places_jsons_subset/haunted_place_6863.json,data/haunted_places_jsons_subset/haunted_place_2637.json,0.5
data/haunted_places_jsons_subset/haunted_place_6863.json,data/haunted_places_jsons_subset/haunted_place_76.json,0.5
data/haunted_places_jsons_subset/haunted_place_6863.json,data/haunted_places_jsons_subset/haunted_place_7435.json,0.6363636363636364
data/haunted_places_jsons_subset/haunted_place_6863.json,data/haunted_places_jsons_subset/haunted_place_5408.json,0.5
data/haunted_places_jsons_subset/haunted_place_6863.json,data/haunted_places_jsons_subset/haunted_place_336.json,0.5
data/haunted_places_jsons_subset/haunted_place_6863.json,data/haunted_places_jsons_subset/haunted_place_2267.json,0.5
data/haunted_places_jsons_subset/haunted_place_6863.json,data/haunted_places_jsons_subset/haunted_place_9978.json,0.5
data/haunted_places_jsons_subset/haunted_place_6863.json,data/haunted_places_jsons_subset/haunted_place_8390.json,0.5
data/haunted_places_jsons_subset/haunted_place_6863.json,data/haunted_places_jsons_subset/haunted_place_766.json,0.5
data/haunted_places_jsons_subset/haunted_place_6863.json,data/haunted_places_jsons_subset/haunted_place_7065.json,0.6363636363636364
data/haunted_places_jsons_subset/haunted_place_6863.json,data/haunted_places_jsons_subset/haunted_place_5058.json,0.5
data/haunted_places_jsons_subset/haunted_place_6863.json,data/haunted_places_jsons_subset/haunted_place_9997.json,0.5
data/haunted_places_jsons_subset/haunted_place_6863.json,data/haunted_places_jsons_subset/haunted_place_8685.json,0.6363636363636364
data/haunted_places_jsons_subset/haunted_place_6863.json,data/haunted_places_jsons_subset/haunted_place_7570.json,0.6363636363636364
data/haunted_places_jsons_subset/haunted_place_6863.json,data/haunted_places_jsons_subset/haunted_place_2288.json,0.5
data/haunted_places_jsons_subset/haunted_place_6863.json,data/haunted_places_jsons_subset/haunted_place_273.json,0.5
data/haunted_places_jsons_subset/haunted_place_6863.json,data/haunted_places_jsons_subset/haunted_place_3860.json,0.5
data/haunted_places_jsons_subset/haunted_place_6863.json,data/haunted_places_jsons_subset/haunted_place_789.json,0.5
data/haunted_places_jsons_subset/haunted_place_6863.json,data/haunted_places_jsons_subset/haunted_place_2772.json,0.6363636363636364
data/haunted_places_jsons_subset/haunted_place_6863.json,data/haunted_places_jsons_subset/haunted_place_623.json,0.6363636363636364
data/haunted_places_jsons_subset/haunted_place_6863.json,data/haunted_places_jsons_subset/haunted_place_7120.json,0.5
data/haunted_places_jsons_subset/haunted_place_6863.json,data/haunted_places_jsons_subset/haunted_place_2322.json,0.5
data/haunted_places_jsons_subset/haunted_place_6863.json,data/haunted_places_jsons_subset/haunted_place_99.json,0.5
data/haunted_places_jsons_subset/haunted_place_6863.json,data/haunted_places_jsons_subset/haunted_place_9094.json,0.5
data/haunted_places_jsons_subset/haunted_place_6863.json,data/haunted_places_jsons_subset/haunted_place_6361.json,0.5
data/haunted_places_jsons_subset/haunted_place_6863.json,data/haunted_places_jsons_subset/haunted_place_3499.json,0.5
data/haunted_places_jsons_subset/haunted_place_6863.json,data/haunted_places_jsons_subset/haunted_place_7989.json,0.6363636363636364
data/haunted_places_jsons_subset/haunted_place_6863.json,data/haunted_places_jsons_subset/haunted_place_3163.json,0.5
data/haunted_places_jsons_subset/haunted_place_6863.json,data/haunted_places_jsons_subset/haunted_place_7823.json,0.6363636363636364
data/haunted_places_jsons_subset/haunted_place_6863.json,data/haunted_places_jsons_subset/haunted_place_6731.json,0.5
data/haunted_places_jsons_subset/haunted_place_6863.json,data/haunted_places_jsons_subset/haunted_place_3533.json,0.5
data/haunted_places_jsons_subset/haunted_place_6863.json,data/haunted_places_jsons_subset/haunted_place_10698.json,0.5
data/haunted_places_jsons_subset/haunted_place_6863.json,data/haunted_places_jsons_subset/haunted_place_9610.json,0.5
data/haunted_places_jsons_subset/haunted_place_6863.json,data/haunted_places_jsons_subset/haunted_place_8902.json,0.5
data/haunted_places_jsons_subset/haunted_place_6863.json,data/haunted_places_jsons_subset/haunted_place_1220.json,0.5
data/haunted_places_jsons_subset/haunted_place_6863.json,data/haunted_places_jsons_subset/haunted_place_4022.json,0.5
data/haunted_places_jsons_subset/haunted_place_6863.json,data/haunted_places_jsons_subset/haunted_place_10362.json,0.6363636363636364
data/haunted_places_jsons_subset/haunted_place_6863.json,data/haunted_places_jsons_subset/haunted_place_9240.json,0.6363636363636364
data/haunted_places_jsons_subset/haunted_place_6863.json,data/haunted_places_jsons_subset/haunted_place_4188.json,0.5
data/haunted_places_jsons_subset/haunted_place_6863.json,data/haunted_places_jsons_subset/haunted_place_1670.json,0.5
data/haunted_places_jsons_subset/haunted_place_6863.json,data/haunted_places_jsons_subset/haunted_place_4472.json,0.5
data/haunted_places_jsons_subset/haunted_place_6863.json,data/haunted_places_jsons_subset/haunted_place_10732.json,0.8
data/haunted_places_jsons_subset/haunted_place_6863.json,data/haunted_places_jsons_subset/haunted_place_8001.json,0.6363636363636364
data/haunted_places_jsons_subset/haunted_place_6863.json,data/haunted_places_jsons_subset/haunted_place_5633.json,0.6363636363636364
data/haunted_places_jsons_subset/haunted_place_6863.json,data/haunted_places_jsons_subset/haunted_place_4921.json,0.5
data/haunted_places_jsons_subset/haunted_place_6863.json,data/haunted_places_jsons_subset/haunted_place_8451.json,0.5
data/haunted_places_jsons_subset/haunted_place_6863.json,data/haunted_places_jsons_subset/haunted_place_5799.json,0.6363636363636364
data/haunted_places_jsons_subset/haunted_place_6863.json,data/haunted_places_jsons_subset/haunted_place_5263.json,0.6363636363636364
data/haunted_places_jsons_subset/haunted_place_6863.json,data/haunted_places_jsons_subset/haunted_place_5776.json,0.5
data/haunted_places_jsons_subset/haunted_place_6863.json,data/haunted_places_jsons_subset/haunted_place_6859.json,0.6363636363636364
data/haunted_places_jsons_subset/haunted_place_6863.json,data/haunted_places_jsons_subset/haunted_place_4864.json,0.6363636363636364
data/haunted_places_jsons_subset/haunted_place_6863.json,data/haunted_places_jsons_subset/haunted_place_8144.json,0.5
data/haunted_places_jsons_subset/haunted_place_6863.json,data/haunted_places_jsons_subset/haunted_place_2549.json,0.5
data/haunted_places_jsons_subset/haunted_place_6863.json,data/haunted_places_jsons_subset/haunted_place_418.json,0.6363636363636364
data/haunted_places_jsons_subset/haunted_place_6863.json,data/haunted_places_jsons_subset/haunted_place_5326.json,0.6363636363636364
data/haunted_places_jsons_subset/haunted_place_6863.json,data/haunted_places_jsons_subset/haunted_place_8514.json,0.5
data/haunted_places_jsons_subset/haunted_place_6863.json,data/haunted_places_jsons_subset/haunted_place_2119.json,0.5
data/haunted_places_jsons_subset/haunted_place_6863.json,data/haunted_places_jsons_subset/haunted_place_4167.json,0.5
data/haunted_places_jsons_subset/haunted_place_6863.json,data/haunted_places_jsons_subset/haunted_place_10227.json,0.5
data/haunted_places_jsons_subset/haunted_place_6863.json,data/haunted_places_jsons_subset/haunted_place_9755.json,0.6363636363636364
data/haunted_places_jsons_subset/haunted_place_6863.json,data/haunted_places_jsons_subset/haunted_place_8847.json,0.6363636363636364
data/haunted_places_jsons_subset/haunted_place_6863.json,data/haunted_places_jsons_subset/haunted_place_3358.json,0.5
data/haunted_places_jsons_subset/haunted_place_6863.json,data/haunted_places_jsons_subset/haunted_place_1365.json,0.6363636363636364
data/haunted_places_jsons_subset/haunted_place_6863.json,data/haunted_places_jsons_subset/haunted_place_4537.json,0.5
data/haunted_places_jsons_subset/haunted_place_6863.json,data/haunted_places_jsons_subset/haunted_place_10677.json,0.6363636363636364
data/haunted_places_jsons_subset/haunted_place_6863.json,data/haunted_places_jsons_subset/haunted_place_9305.json,0.6363636363636364
data/haunted_places_jsons_subset/haunted_place_6863.json,data/haunted_places_jsons_subset/haunted_place_3708.json,0.5
data/haunted_places_jsons_subset/haunted_place_6863.json,data/haunted_places_jsons_subset/haunted_place_1735.json,0.5
data/haunted_places_jsons_subset/haunted_place_6863.json,data/haunted_places_jsons_subset/haunted_place_731.json,0.5
data/haunted_places_jsons_subset/haunted_place_6863.json,data/haunted_places_jsons_subset/haunted_place_7032.json,0.6363636363636364
data/haunted_places_jsons_subset/haunted_place_6863.json,data/haunted_places_jsons_subset/haunted_place_2230.json,0.6363636363636364
data/haunted_places_jsons_subset/haunted_place_6863.json,data/haunted_places_jsons_subset/haunted_place_9885.json,0.5
data/haunted_places_jsons_subset/haunted_place_6863.json,data/haunted_places_jsons_subset/haunted_place_8797.json,0.5
data/haunted_places_jsons_subset/haunted_place_6863.json,data/haunted_places_jsons_subset/haunted_place_21.json,0.5
data/haunted_places_jsons_subset/haunted_place_6863.json,data/haunted_places_jsons_subset/haunted_place_7462.json,0.5
data/haunted_places_jsons_subset/haunted_place_6863.json,data/haunted_places_jsons_subset/haunted_place_361.json,0.5
data/haunted_places_jsons_subset/haunted_place_6863.json,data/haunted_places_jsons_subset/haunted_place_3972.json,0.5
data/haunted_places_jsons_subset/haunted_place_6863.json,data/haunted_places_jsons_subset/haunted_place_2660.json,0.5
data/haunted_places_jsons_subset/haunted_place_6863.json,data/haunted_places_jsons_subset/haunted_place_7198.json,0.5
data/haunted_places_jsons_subset/haunted_place_6863.json,data/haunted_places_jsons_subset/haunted_place_7931.json,0.5
data/haunted_places_jsons_subset/haunted_place_6863.json,data/haunted_places_jsons_subset/haunted_place_6623.json,0.5
data/haunted_places_jsons_subset/haunted_place_6863.json,data/haunted_places_jsons_subset/haunted_place_3421.json,0.5
data/haunted_places_jsons_subset/haunted_place_6863.json,data/haunted_places_jsons_subset/haunted_place_9186.json,0.6363636363636364
data/haunted_places_jsons_subset/haunted_place_6863.json,data/haunted_places_jsons_subset/haunted_place_6273.json,0.5
data/haunted_places_jsons_subset/haunted_place_6863.json,data/haunted_places_jsons_subset/haunted_place_3071.json,0.5
data/haunted_places_jsons_subset/haunted_place_6863.json,data/haunted_places_jsons_subset/haunted_place_6789.json,0.5
data/haunted_places_jsons_subset/haunted_place_6863.json,data/haunted_places_jsons_subset/haunted_place_1559.json,0.6363636363636364
data/haunted_places_jsons_subset/haunted_place_6863.json,data/haunted_places_jsons_subset/haunted_place_3564.json,0.5
data/haunted_places_jsons_subset/haunted_place_6863.json,data/haunted_places_jsons_subset/haunted_place_9169.json,0.5
data/haunted_places_jsons_subset/haunted_place_6863.json,data/haunted_places_jsons_subset/haunted_place_9493.json,0.5
data/haunted_places_jsons_subset/haunted_place_6863.json,data/haunted_places_jsons_subset/haunted_place_7874.json,0.5
data/haunted_places_jsons_subset/haunted_place_6863.json,data/haunted_places_jsons_subset/haunted_place_5849.json,0.5
data/haunted_places_jsons_subset/haunted_place_6863.json,data/haunted_places_jsons_subset/haunted_place_6766.json,0.6363636363636364
data/haunted_places_jsons_subset/haunted_place_6863.json,data/haunted_places_jsons_subset/haunted_place_1109.json,0.6363636363636364
data/haunted_places_jsons_subset/haunted_place_6863.json,data/haunted_places_jsons_subset/haunted_place_3134.json,0.5
data/haunted_places_jsons_subset/haunted_place_6863.json,data/haunted_places_jsons_subset/haunted_place_9539.json,0.5
data/haunted_places_jsons_subset/haunted_place_6863.json,data/haunted_places_jsons_subset/haunted_place_6336.json,0.6363636363636364
data/haunted_places_jsons_subset/haunted_place_6863.json,data/haunted_places_jsons_subset/haunted_place_2375.json,0.5
data/haunted_places_jsons_subset/haunted_place_6863.json,data/haunted_places_jsons_subset/haunted_place_8778.json,0.6363636363636364
data/haunted_places_jsons_subset/haunted_place_6863.json,data/haunted_places_jsons_subset/haunted_place_8282.json,0.6363636363636364
data/haunted_places_jsons_subset/haunted_place_6863.json,data/haunted_places_jsons_subset/haunted_place_674.json,0.5
data/haunted_places_jsons_subset/haunted_place_6863.json,data/haunted_places_jsons_subset/haunted_place_7177.json,0.5
data/haunted_places_jsons_subset/haunted_place_6863.json,data/haunted_places_jsons_subset/haunted_place_3837.json,0.5
data/haunted_places_jsons_subset/haunted_place_6863.json,data/haunted_places_jsons_subset/haunted_place_2725.json,0.5
data/haunted_places_jsons_subset/haunted_place_6863.json,data/haunted_places_jsons_subset/haunted_place_8328.json,0.5
data/haunted_places_jsons_subset/haunted_place_6863.json,data/haunted_places_jsons_subset/haunted_place_10948.json,0.6363636363636364
data/haunted_places_jsons_subset/haunted_place_6863.json,data/haunted_places_jsons_subset/haunted_place_7527.json,0.5
data/haunted_places_jsons_subset/haunted_place_6863.json,data/haunted_places_jsons_subset/haunted_place_224.json,0.5
data/haunted_places_jsons_subset/haunted_place_6863.json,data/haunted_places_jsons_subset/haunted_place_7248.json,0.5
data/haunted_places_jsons_subset/haunted_place_6863.json,data/haunted_places_jsons_subset/haunted_place_5275.json,0.6363636363636364
data/haunted_places_jsons_subset/haunted_place_6863.json,data/haunted_places_jsons_subset/haunted_place_8447.json,0.5
data/haunted_places_jsons_subset/haunted_place_6863.json,data/haunted_places_jsons_subset/haunted_place_4937.json,0.5
data/haunted_places_jsons_subset/haunted_place_6863.json,data/haunted_places_jsons_subset/haunted_place_7618.json,0.5
data/haunted_places_jsons_subset/haunted_place_6863.json,data/haunted_places_jsons_subset/haunted_place_5625.json,0.5
data/haunted_places_jsons_subset/haunted_place_6863.json,data/haunted_places_jsons_subset/haunted_place_8017.json,0.5
data/haunted_places_jsons_subset/haunted_place_6863.json,data/haunted_places_jsons_subset/haunted_place_10724.json,0.5
data/haunted_places_jsons_subset/haunted_place_6863.json,data/haunted_places_jsons_subset/haunted_place_4464.json,0.5
data/haunted_places_jsons_subset/haunted_place_6863.json,data/haunted_places_jsons_subset/haunted_place_6459.json,0.6363636363636364
data/haunted_places_jsons_subset/haunted_place_6863.json,data/haunted_places_jsons_subset/haunted_place_2949.json,0.5
data/haunted_places_jsons_subset/haunted_place_6863.json,data/haunted_places_jsons_subset/haunted_place_1666.json,0.5
data/haunted_places_jsons_subset/haunted_place_6863.json,data/haunted_places_jsons_subset/haunted_place_9256.json,0.5
data/haunted_places_jsons_subset/haunted_place_6863.json,data/haunted_places_jsons_subset/haunted_place_10374.json,0.5
data/haunted_places_jsons_subset/haunted_place_6863.json,data/haunted_places_jsons_subset/haunted_place_4034.json,0.5
data/haunted_places_jsons_subset/haunted_place_6863.json,data/haunted_places_jsons_subset/haunted_place_6009.json,0.5
data/haunted_places_jsons_subset/haunted_place_6863.json,data/haunted_places_jsons_subset/haunted_place_818.json,0.5
data/haunted_places_jsons_subset/haunted_place_6863.json,data/haunted_places_jsons_subset/haunted_place_1236.json,0.6363636363636364
data/haunted_places_jsons_subset/haunted_place_6863.json,data/haunted_places_jsons_subset/haunted_place_8914.json,0.5
data/haunted_places_jsons_subset/haunted_place_6863.json,data/haunted_places_jsons_subset/haunted_place_9606.json,0.5
data/haunted_places_jsons_subset/haunted_place_6863.json,data/haunted_places_jsons_subset/haunted_place_1723.json,0.5
data/haunted_places_jsons_subset/haunted_place_6863.json,data/haunted_places_jsons_subset/haunted_place_9313.json,0.5
data/haunted_places_jsons_subset/haunted_place_6863.json,data/haunted_places_jsons_subset/haunted_place_10661.json,0.6363636363636364
data/haunted_places_jsons_subset/haunted_place_6863.json,data/haunted_places_jsons_subset/haunted_place_4521.json,0.5
data/haunted_places_jsons_subset/haunted_place_6863.json,data/haunted_places_jsons_subset/haunted_place_1373.json,0.5
data/haunted_places_jsons_subset/haunted_place_6863.json,data/haunted_places_jsons_subset/haunted_place_8851.json,0.5
data/haunted_places_jsons_subset/haunted_place_6863.json,data/haunted_places_jsons_subset/haunted_place_9743.json,0.5
data/haunted_places_jsons_subset/haunted_place_6863.json,data/haunted_places_jsons_subset/haunted_place_10231.json,0.6363636363636364
data/haunted_places_jsons_subset/haunted_place_6863.json,data/haunted_places_jsons_subset/haunted_place_1689.json,0.5
data/haunted_places_jsons_subset/haunted_place_6863.json,data/haunted_places_jsons_subset/haunted_place_4171.json,0.5
data/haunted_places_jsons_subset/haunted_place_6863.json,data/haunted_places_jsons_subset/haunted_place_8502.json,0.5
data/haunted_places_jsons_subset/haunted_place_6863.json,data/haunted_places_jsons_subset/haunted_place_5330.json,0.5
data/haunted_places_jsons_subset/haunted_place_6863.json,data/haunted_places_jsons_subset/haunted_place_8152.json,0.5
data/haunted_places_jsons_subset/haunted_place_6863.json,data/haunted_places_jsons_subset/haunted_place_4872.json,0.6363636363636364
data/haunted_places_jsons_subset/haunted_place_6863.json,data/haunted_places_jsons_subset/haunted_place_5760.json,0.5
data/haunted_places_jsons_subset/haunted_place_6863.json,data/haunted_places_jsons_subset/haunted_place_3067.json,0.6363636363636364
data/haunted_places_jsons_subset/haunted_place_6863.json,data/haunted_places_jsons_subset/haunted_place_6265.json,0.5
data/haunted_places_jsons_subset/haunted_place_6863.json,data/haunted_places_jsons_subset/haunted_place_4258.json,0.5
data/haunted_places_jsons_subset/haunted_place_6863.json,data/haunted_places_jsons_subset/haunted_place_10118.json,0.6363636363636364
data/haunted_places_jsons_subset/haunted_place_6863.json,data/haunted_places_jsons_subset/haunted_place_9190.json,0.5
data/haunted_places_jsons_subset/haunted_place_6863.json,data/haunted_places_jsons_subset/haunted_place_3437.json,0.6363636363636364
data/haunted_places_jsons_subset/haunted_place_6863.json,data/haunted_places_jsons_subset/haunted_place_6635.json,0.5
data/haunted_places_jsons_subset/haunted_place_6863.json,data/haunted_places_jsons_subset/haunted_place_4608.json,0.5
data/haunted_places_jsons_subset/haunted_place_6863.json,data/haunted_places_jsons_subset/haunted_place_7927.json,0.5
data/haunted_places_jsons_subset/haunted_place_6863.json,data/haunted_places_jsons_subset/haunted_place_10548.json,0.5
data/haunted_places_jsons_subset/haunted_place_6863.json,data/haunted_places_jsons_subset/haunted_place_2676.json,0.5
data/haunted_places_jsons_subset/haunted_place_6863.json,data/haunted_places_jsons_subset/haunted_place_3964.json,0.6363636363636364
data/haunted_places_jsons_subset/haunted_place_6863.json,data/haunted_places_jsons_subset/haunted_place_1959.json,0.5
data/haunted_places_jsons_subset/haunted_place_6863.json,data/haunted_places_jsons_subset/haunted_place_377.json,0.5
data/haunted_places_jsons_subset/haunted_place_6863.json,data/haunted_places_jsons_subset/haunted_place_5449.json,0.6363636363636364
data/haunted_places_jsons_subset/haunted_place_6863.json,data/haunted_places_jsons_subset/haunted_place_7474.json,0.5
data/haunted_places_jsons_subset/haunted_place_6863.json,data/haunted_places_jsons_subset/haunted_place_8781.json,0.5
data/haunted_places_jsons_subset/haunted_place_6863.json,data/haunted_places_jsons_subset/haunted_place_37.json,0.5
data/haunted_places_jsons_subset/haunted_place_6863.json,data/haunted_places_jsons_subset/haunted_place_9893.json,0.6363636363636364
data/haunted_places_jsons_subset/haunted_place_6863.json,data/haunted_places_jsons_subset/haunted_place_9939.json,0.5
data/haunted_places_jsons_subset/haunted_place_6863.json,data/haunted_places_jsons_subset/haunted_place_2226.json,0.6363636363636364
data/haunted_places_jsons_subset/haunted_place_6863.json,data/haunted_places_jsons_subset/haunted_place_5019.json,0.5
data/haunted_places_jsons_subset/haunted_place_6863.json,data/haunted_places_jsons_subset/haunted_place_7024.json,0.5
data/haunted_places_jsons_subset/haunted_place_6863.json,data/haunted_places_jsons_subset/haunted_place_727.json,0.6363636363636364
data/haunted_places_jsons_subset/haunted_place_6863.json,data/haunted_places_jsons_subset/haunted_place_232.json,0.6363636363636364
data/haunted_places_jsons_subset/haunted_place_6863.json,data/haunted_places_jsons_subset/haunted_place_7531.json,0.5
data/haunted_places_jsons_subset/haunted_place_6863.json,data/haunted_places_jsons_subset/haunted_place_2733.json,0.5
data/haunted_places_jsons_subset/haunted_place_6863.json,data/haunted_places_jsons_subset/haunted_place_3821.json,0.5
data/haunted_places_jsons_subset/haunted_place_6863.json,data/haunted_places_jsons_subset/haunted_place_7161.json,0.6363636363636364
data/haunted_places_jsons_subset/haunted_place_6863.json,data/haunted_places_jsons_subset/haunted_place_2699.json,0.5
data/haunted_places_jsons_subset/haunted_place_6863.json,data/haunted_places_jsons_subset/haunted_place_662.json,0.5
data/haunted_places_jsons_subset/haunted_place_6863.json,data/haunted_places_jsons_subset/haunted_place_8294.json,0.5
data/haunted_places_jsons_subset/haunted_place_6863.json,data/haunted_places_jsons_subset/haunted_place_398.json,0.6363636363636364
data/haunted_places_jsons_subset/haunted_place_6863.json,data/haunted_places_jsons_subset/haunted_place_2363.json,0.5
data/haunted_places_jsons_subset/haunted_place_6863.json,data/haunted_places_jsons_subset/haunted_place_6320.json,0.5
data/haunted_places_jsons_subset/haunted_place_6863.json,data/haunted_places_jsons_subset/haunted_place_3122.json,0.5
data/haunted_places_jsons_subset/haunted_place_6863.json,data/haunted_places_jsons_subset/haunted_place_6770.json,0.5
data/haunted_places_jsons_subset/haunted_place_6863.json,data/haunted_places_jsons_subset/haunted_place_3088.json,0.6363636363636364
data/haunted_places_jsons_subset/haunted_place_6863.json,data/haunted_places_jsons_subset/haunted_place_7862.json,0.5
data/haunted_places_jsons_subset/haunted_place_6863.json,data/haunted_places_jsons_subset/haunted_place_9485.json,0.5
data/haunted_places_jsons_subset/haunted_place_6863.json,data/haunted_places_jsons_subset/haunted_place_3572.json,0.5
data/haunted_places_jsons_subset/haunted_place_6863.json,data/haunted_places_jsons_subset/haunted_place_4599.json,0.5
data/haunted_places_jsons_subset/haunted_place_6863.json,data/haunted_places_jsons_subset/haunted_place_1261.json,0.6363636363636364
data/haunted_places_jsons_subset/haunted_place_6863.json,data/haunted_places_jsons_subset/haunted_place_8943.json,0.6363636363636364
data/haunted_places_jsons_subset/haunted_place_6863.json,data/haunted_places_jsons_subset/haunted_place_9651.json,0.5
data/haunted_places_jsons_subset/haunted_place_6863.json,data/haunted_places_jsons_subset/haunted_place_10323.json,0.6363636363636364
data/haunted_places_jsons_subset/haunted_place_6863.json,data/haunted_places_jsons_subset/haunted_place_4063.json,0.5
data/haunted_places_jsons_subset/haunted_place_6863.json,data/haunted_places_jsons_subset/haunted_place_1631.json,0.5
data/haunted_places_jsons_subset/haunted_place_6863.json,data/haunted_places_jsons_subset/haunted_place_10289.json,0.5
data/haunted_places_jsons_subset/haunted_place_6863.json,data/haunted_places_jsons_subset/haunted_place_9201.json,0.5
data/haunted_places_jsons_subset/haunted_place_6863.json,data/haunted_places_jsons_subset/haunted_place_10773.json,0.5
data/haunted_places_jsons_subset/haunted_place_6863.json,data/haunted_places_jsons_subset/haunted_place_4433.json,0.6363636363636364
data/haunted_places_jsons_subset/haunted_place_6863.json,data/haunted_places_jsons_subset/haunted_place_5388.json,0.5
data/haunted_places_jsons_subset/haunted_place_6863.json,data/haunted_places_jsons_subset/haunted_place_8040.json,0.5
data/haunted_places_jsons_subset/haunted_place_6863.json,data/haunted_places_jsons_subset/haunted_place_4960.json,0.5
data/haunted_places_jsons_subset/haunted_place_6863.json,data/haunted_places_jsons_subset/haunted_place_5672.json,0.5
data/haunted_places_jsons_subset/haunted_place_6863.json,data/haunted_places_jsons_subset/haunted_place_8410.json,0.5
data/haunted_places_jsons_subset/haunted_place_6863.json,data/haunted_places_jsons_subset/haunted_place_5222.json,0.6363636363636364
data/haunted_places_jsons_subset/haunted_place_6863.json,data/haunted_places_jsons_subset/haunted_place_4825.json,0.5
data/haunted_places_jsons_subset/haunted_place_6863.json,data/haunted_places_jsons_subset/haunted_place_6818.json,0.5
data/haunted_places_jsons_subset/haunted_place_6863.json,data/haunted_places_jsons_subset/haunted_place_5737.json,0.5
data/haunted_places_jsons_subset/haunted_place_6863.json,data/haunted_places_jsons_subset/haunted_place_2508.json,0.5
data/haunted_places_jsons_subset/haunted_place_6863.json,data/haunted_places_jsons_subset/haunted_place_8105.json,0.6363636363636364
data/haunted_places_jsons_subset/haunted_place_6863.json,data/haunted_places_jsons_subset/haunted_place_5367.json,0.6363636363636364
data/haunted_places_jsons_subset/haunted_place_6863.json,data/haunted_places_jsons_subset/haunted_place_459.json,0.6363636363636364
data/haunted_places_jsons_subset/haunted_place_6863.json,data/haunted_places_jsons_subset/haunted_place_2158.json,0.5
data/haunted_places_jsons_subset/haunted_place_6863.json,data/haunted_places_jsons_subset/haunted_place_8555.json,0.5
data/haunted_places_jsons_subset/haunted_place_6863.json,data/haunted_places_jsons_subset/haunted_place_10266.json,0.5
data/haunted_places_jsons_subset/haunted_place_6863.json,data/haunted_places_jsons_subset/haunted_place_4126.json,0.5
data/haunted_places_jsons_subset/haunted_place_6863.json,data/haunted_places_jsons_subset/haunted_place_1324.json,0.6363636363636364
data/haunted_places_jsons_subset/haunted_place_6863.json,data/haunted_places_jsons_subset/haunted_place_3319.json,0.6363636363636364
data/haunted_places_jsons_subset/haunted_place_6863.json,data/haunted_places_jsons_subset/haunted_place_8806.json,0.5
data/haunted_places_jsons_subset/haunted_place_6863.json,data/haunted_places_jsons_subset/haunted_place_9714.json,0.5
data/haunted_places_jsons_subset/haunted_place_6863.json,data/haunted_places_jsons_subset/haunted_place_10636.json,0.5
data/haunted_places_jsons_subset/haunted_place_6863.json,data/haunted_places_jsons_subset/haunted_place_4576.json,0.6363636363636364
data/haunted_places_jsons_subset/haunted_place_6863.json,data/haunted_places_jsons_subset/haunted_place_1774.json,0.5
data/haunted_places_jsons_subset/haunted_place_6863.json,data/haunted_places_jsons_subset/haunted_place_3749.json,0.5
data/haunted_places_jsons_subset/haunted_place_6863.json,data/haunted_places_jsons_subset/haunted_place_9344.json,0.6363636363636364
data/haunted_places_jsons_subset/haunted_place_6863.json,data/haunted_places_jsons_subset/haunted_place_7073.json,0.5
data/haunted_places_jsons_subset/haunted_place_6863.json,data/haunted_places_jsons_subset/haunted_place_770.json,0.5
data/haunted_places_jsons_subset/haunted_place_6863.json,data/haunted_places_jsons_subset/haunted_place_3899.json,0.6363636363636364
data/haunted_places_jsons_subset/haunted_place_6863.json,data/haunted_places_jsons_subset/haunted_place_8386.json,0.5
data/haunted_places_jsons_subset/haunted_place_6863.json,data/haunted_places_jsons_subset/haunted_place_2271.json,0.5
data/haunted_places_jsons_subset/haunted_place_6863.json,data/haunted_places_jsons_subset/haunted_place_7589.json,0.5
data/haunted_places_jsons_subset/haunted_place_6863.json,data/haunted_places_jsons_subset/haunted_place_320.json,0.5
data/haunted_places_jsons_subset/haunted_place_6863.json,data/haunted_places_jsons_subset/haunted_place_7423.json,0.6363636363636364
data/haunted_places_jsons_subset/haunted_place_6863.json,data/haunted_places_jsons_subset/haunted_place_60.json,0.5
data/haunted_places_jsons_subset/haunted_place_6863.json,data/haunted_places_jsons_subset/haunted_place_2621.json,0.5
data/haunted_places_jsons_subset/haunted_place_6863.json,data/haunted_places_jsons_subset/haunted_place_3933.json,0.6363636363636364
data/haunted_places_jsons_subset/haunted_place_6863.json,data/haunted_places_jsons_subset/haunted_place_6662.json,0.6363636363636364
data/haunted_places_jsons_subset/haunted_place_6863.json,data/haunted_places_jsons_subset/haunted_place_7970.json,0.5
data/haunted_places_jsons_subset/haunted_place_6863.json,data/haunted_places_jsons_subset/haunted_place_9597.json,0.5
data/haunted_places_jsons_subset/haunted_place_6863.json,data/haunted_places_jsons_subset/haunted_place_3460.json,0.6363636363636364
data/haunted_places_jsons_subset/haunted_place_6863.json,data/haunted_places_jsons_subset/haunted_place_6398.json,0.6363636363636364
data/haunted_places_jsons_subset/haunted_place_6863.json,data/haunted_places_jsons_subset/haunted_place_6232.json,0.5
data/haunted_places_jsons_subset/haunted_place_6863.json,data/haunted_places_jsons_subset/haunted_place_3030.json,0.5
data/haunted_places_jsons_subset/haunted_place_6863.json,data/haunted_places_jsons_subset/haunted_place_9128.json,0.5
data/haunted_places_jsons_subset/haunted_place_6863.json,data/haunted_places_jsons_subset/haunted_place_3525.json,0.5
data/haunted_places_jsons_subset/haunted_place_6863.json,data/haunted_places_jsons_subset/haunted_place_1518.json,0.6363636363636364
data/haunted_places_jsons_subset/haunted_place_6863.json,data/haunted_places_jsons_subset/haunted_place_6727.json,0.5
data/haunted_places_jsons_subset/haunted_place_6863.json,data/haunted_places_jsons_subset/haunted_place_5808.json,0.5
data/haunted_places_jsons_subset/haunted_place_6863.json,data/haunted_places_jsons_subset/haunted_place_7835.json,0.5
data/haunted_places_jsons_subset/haunted_place_6863.json,data/haunted_places_jsons_subset/haunted_place_9578.json,0.6363636363636364
data/haunted_places_jsons_subset/haunted_place_6863.json,data/haunted_places_jsons_subset/haunted_place_3175.json,0.5
data/haunted_places_jsons_subset/haunted_place_6863.json,data/haunted_places_jsons_subset/haunted_place_1148.json,0.5
data/haunted_places_jsons_subset/haunted_place_6863.json,data/haunted_places_jsons_subset/haunted_place_6377.json,0.5
data/haunted_places_jsons_subset/haunted_place_6863.json,data/haunted_places_jsons_subset/haunted_place_9082.json,0.6363636363636364
data/haunted_places_jsons_subset/haunted_place_6863.json,data/haunted_places_jsons_subset/haunted_place_8739.json,0.6363636363636364
data/haunted_places_jsons_subset/haunted_place_6863.json,data/haunted_places_jsons_subset/haunted_place_2334.json,0.5
data/haunted_places_jsons_subset/haunted_place_6863.json,data/haunted_places_jsons_subset/haunted_place_7136.json,0.5
data/haunted_places_jsons_subset/haunted_place_6863.json,data/haunted_places_jsons_subset/haunted_place_635.json,0.5
data/haunted_places_jsons_subset/haunted_place_6863.json,data/haunted_places_jsons_subset/haunted_place_8369.json,0.6363636363636364
data/haunted_places_jsons_subset/haunted_place_6863.json,data/haunted_places_jsons_subset/haunted_place_2764.json,0.6363636363636364
data/haunted_places_jsons_subset/haunted_place_6863.json,data/haunted_places_jsons_subset/haunted_place_3876.json,0.5
data/haunted_places_jsons_subset/haunted_place_6863.json,data/haunted_places_jsons_subset/haunted_place_265.json,0.5
data/haunted_places_jsons_subset/haunted_place_6863.json,data/haunted_places_jsons_subset/haunted_place_7566.json,0.5
data/haunted_places_jsons_subset/haunted_place_6863.json,data/haunted_places_jsons_subset/haunted_place_8693.json,0.5
data/haunted_places_jsons_subset/haunted_place_6863.json,data/haunted_places_jsons_subset/haunted_place_10909.json,0.6363636363636364
data/haunted_places_jsons_subset/haunted_place_6863.json,data/haunted_places_jsons_subset/haunted_place_9981.json,0.5
data/haunted_places_jsons_subset/haunted_place_6863.json,data/haunted_places_jsons_subset/haunted_place_212.json,0.6363636363636364
data/haunted_places_jsons_subset/haunted_place_6863.json,data/haunted_places_jsons_subset/haunted_place_7511.json,0.5
data/haunted_places_jsons_subset/haunted_place_6863.json,data/haunted_places_jsons_subset/haunted_place_2713.json,0.5
data/haunted_places_jsons_subset/haunted_place_6863.json,data/haunted_places_jsons_subset/haunted_place_3801.json,0.5
data/haunted_places_jsons_subset/haunted_place_6863.json,data/haunted_places_jsons_subset/haunted_place_7141.json,0.6363636363636364
data/haunted_places_jsons_subset/haunted_place_6863.json,data/haunted_places_jsons_subset/haunted_place_642.json,0.5
data/haunted_places_jsons_subset/haunted_place_6863.json,data/haunted_places_jsons_subset/haunted_place_1996.json,0.5
data/haunted_places_jsons_subset/haunted_place_6863.json,data/haunted_places_jsons_subset/haunted_place_5486.json,0.5
data/haunted_places_jsons_subset/haunted_place_6863.json,data/haunted_places_jsons_subset/haunted_place_2343.json,0.5
data/haunted_places_jsons_subset/haunted_place_6863.json,data/haunted_places_jsons_subset/haunted_place_6300.json,0.6363636363636364
data/haunted_places_jsons_subset/haunted_place_6863.json,data/haunted_places_jsons_subset/haunted_place_10587.json,0.5
data/haunted_places_jsons_subset/haunted_place_6863.json,data/haunted_places_jsons_subset/haunted_place_3102.json,0.5
data/haunted_places_jsons_subset/haunted_place_6863.json,data/haunted_places_jsons_subset/haunted_place_6750.json,0.5
data/haunted_places_jsons_subset/haunted_place_6863.json,data/haunted_places_jsons_subset/haunted_place_1095.json,0.6363636363636364
data/haunted_places_jsons_subset/haunted_place_6863.json,data/haunted_places_jsons_subset/haunted_place_7842.json,0.6363636363636364
data/haunted_places_jsons_subset/haunted_place_6863.json,data/haunted_places_jsons_subset/haunted_place_3552.json,0.5
data/haunted_places_jsons_subset/haunted_place_6863.json,data/haunted_places_jsons_subset/haunted_place_4297.json,0.5
data/haunted_places_jsons_subset/haunted_place_6863.json,data/haunted_places_jsons_subset/haunted_place_4782.json,0.5
data/haunted_places_jsons_subset/haunted_place_6863.json,data/haunted_places_jsons_subset/haunted_place_3047.json,0.6363636363636364
data/haunted_places_jsons_subset/haunted_place_6863.json,data/haunted_places_jsons_subset/haunted_place_5890.json,0.5
data/haunted_places_jsons_subset/haunted_place_6863.json,data/haunted_places_jsons_subset/haunted_place_1580.json,0.5
data/haunted_places_jsons_subset/haunted_place_6863.json,data/haunted_places_jsons_subset/haunted_place_4278.json,0.5
data/haunted_places_jsons_subset/haunted_place_6863.json,data/haunted_places_jsons_subset/haunted_place_6245.json,0.6363636363636364
data/haunted_places_jsons_subset/haunted_place_6863.json,data/haunted_places_jsons_subset/haunted_place_10138.json,0.5
data/haunted_places_jsons_subset/haunted_place_6863.json,data/haunted_places_jsons_subset/haunted_place_10092.json,0.5
data/haunted_places_jsons_subset/haunted_place_6863.json,data/haunted_places_jsons_subset/haunted_place_3417.json,0.5
data/haunted_places_jsons_subset/haunted_place_6863.json,data/haunted_places_jsons_subset/haunted_place_4628.json,0.5
data/haunted_places_jsons_subset/haunted_place_6863.json,data/haunted_places_jsons_subset/haunted_place_6615.json,0.5
data/haunted_places_jsons_subset/haunted_place_6863.json,data/haunted_places_jsons_subset/haunted_place_7907.json,0.5
data/haunted_places_jsons_subset/haunted_place_6863.json,data/haunted_places_jsons_subset/haunted_place_10568.json,0.5
data/haunted_places_jsons_subset/haunted_place_6863.json,data/haunted_places_jsons_subset/haunted_place_2656.json,0.5
data/haunted_places_jsons_subset/haunted_place_6863.json,data/haunted_places_jsons_subset/haunted_place_5193.json,0.5
data/haunted_places_jsons_subset/haunted_place_6863.json,data/haunted_places_jsons_subset/haunted_place_1979.json,0.5
data/haunted_places_jsons_subset/haunted_place_6863.json,data/haunted_places_jsons_subset/haunted_place_3944.json,0.5
data/haunted_places_jsons_subset/haunted_place_6863.json,data/haunted_places_jsons_subset/haunted_place_357.json,0.5
data/haunted_places_jsons_subset/haunted_place_6863.json,data/haunted_places_jsons_subset/haunted_place_7454.json,0.5
data/haunted_places_jsons_subset/haunted_place_6863.json,data/haunted_places_jsons_subset/haunted_place_5469.json,0.5
data/haunted_places_jsons_subset/haunted_place_6863.json,data/haunted_places_jsons_subset/haunted_place_17.json,0.6363636363636364
data/haunted_places_jsons_subset/haunted_place_6863.json,data/haunted_places_jsons_subset/haunted_place_10991.json,0.5
data/haunted_places_jsons_subset/haunted_place_6863.json,data/haunted_places_jsons_subset/haunted_place_9919.json,0.5
data/haunted_places_jsons_subset/haunted_place_6863.json,data/haunted_places_jsons_subset/haunted_place_2206.json,0.5
data/haunted_places_jsons_subset/haunted_place_6863.json,data/haunted_places_jsons_subset/haunted_place_7004.json,0.5
data/haunted_places_jsons_subset/haunted_place_6863.json,data/haunted_places_jsons_subset/haunted_place_5039.json,0.6363636363636364
data/haunted_places_jsons_subset/haunted_place_6863.json,data/haunted_places_jsons_subset/haunted_place_707.json,0.5
data/haunted_places_jsons_subset/haunted_place_6863.json,data/haunted_places_jsons_subset/haunted_place_1703.json,0.5
data/haunted_places_jsons_subset/haunted_place_6863.json,data/haunted_places_jsons_subset/haunted_place_9333.json,0.5
data/haunted_places_jsons_subset/haunted_place_6863.json,data/haunted_places_jsons_subset/haunted_place_10641.json,0.5
data/haunted_places_jsons_subset/haunted_place_6863.json,data/haunted_places_jsons_subset/haunted_place_4501.json,0.5
data/haunted_places_jsons_subset/haunted_place_6863.json,data/haunted_places_jsons_subset/haunted_place_1353.json,0.6363636363636364
data/haunted_places_jsons_subset/haunted_place_6863.json,data/haunted_places_jsons_subset/haunted_place_6496.json,0.5
data/haunted_places_jsons_subset/haunted_place_6863.json,data/haunted_places_jsons_subset/haunted_place_8871.json,0.5
data/haunted_places_jsons_subset/haunted_place_6863.json,data/haunted_places_jsons_subset/haunted_place_9763.json,0.5
data/haunted_places_jsons_subset/haunted_place_6863.json,data/haunted_places_jsons_subset/haunted_place_10211.json,0.5
data/haunted_places_jsons_subset/haunted_place_6863.json,data/haunted_places_jsons_subset/haunted_place_9299.json,0.5
data/haunted_places_jsons_subset/haunted_place_6863.json,data/haunted_places_jsons_subset/haunted_place_2986.json,0.5
data/haunted_places_jsons_subset/haunted_place_6863.json,data/haunted_places_jsons_subset/haunted_place_4151.json,0.5
data/haunted_places_jsons_subset/haunted_place_6863.json,data/haunted_places_jsons_subset/haunted_place_3694.json,0.5
data/haunted_places_jsons_subset/haunted_place_6863.json,data/haunted_places_jsons_subset/haunted_place_8522.json,0.5
data/haunted_places_jsons_subset/haunted_place_6863.json,data/haunted_places_jsons_subset/haunted_place_5310.json,0.6363636363636364
data/haunted_places_jsons_subset/haunted_place_6863.json,data/haunted_places_jsons_subset/haunted_place_7287.json,0.5
data/haunted_places_jsons_subset/haunted_place_6863.json,data/haunted_places_jsons_subset/haunted_place_584.json,0.5
data/haunted_places_jsons_subset/haunted_place_6863.json,data/haunted_places_jsons_subset/haunted_place_8172.json,0.5
data/haunted_places_jsons_subset/haunted_place_6863.json,data/haunted_places_jsons_subset/haunted_place_8488.json,0.5
data/haunted_places_jsons_subset/haunted_place_6863.json,data/haunted_places_jsons_subset/haunted_place_4852.json,0.5
data/haunted_places_jsons_subset/haunted_place_6863.json,data/haunted_places_jsons_subset/haunted_place_2085.json,0.5
data/haunted_places_jsons_subset/haunted_place_6863.json,data/haunted_places_jsons_subset/haunted_place_5740.json,0.6363636363636364
data/haunted_places_jsons_subset/haunted_place_7771.json,data/haunted_places_jsons_subset/haunted_place_2089.json,0.6363636363636364
data/haunted_places_jsons_subset/haunted_place_7771.json,data/haunted_places_jsons_subset/haunted_place_8484.json,0.5
data/haunted_places_jsons_subset/haunted_place_7771.json,data/haunted_places_jsons_subset/haunted_place_2573.json,0.5
data/haunted_places_jsons_subset/haunted_place_7771.json,data/haunted_places_jsons_subset/haunted_place_588.json,0.5
data/haunted_places_jsons_subset/haunted_place_7771.json,data/haunted_places_jsons_subset/haunted_place_7321.json,0.5
data/haunted_places_jsons_subset/haunted_place_7771.json,data/haunted_places_jsons_subset/haunted_place_422.json,0.5
data/haunted_places_jsons_subset/haunted_place_7771.json,data/haunted_places_jsons_subset/haunted_place_2123.json,0.5
data/haunted_places_jsons_subset/haunted_place_7771.json,data/haunted_places_jsons_subset/haunted_place_971.json,0.5
data/haunted_places_jsons_subset/haunted_place_7771.json,data/haunted_places_jsons_subset/haunted_place_6160.json,0.5
data/haunted_places_jsons_subset/haunted_place_7771.json,data/haunted_places_jsons_subset/haunted_place_3698.json,0.5
data/haunted_places_jsons_subset/haunted_place_7771.json,data/haunted_places_jsons_subset/haunted_place_9295.json,0.5
data/haunted_places_jsons_subset/haunted_place_7771.json,data/haunted_places_jsons_subset/haunted_place_3362.json,0.5
data/haunted_places_jsons_subset/haunted_place_7771.json,data/haunted_places_jsons_subset/haunted_place_6530.json,0.5
data/haunted_places_jsons_subset/haunted_place_7771.json,data/haunted_places_jsons_subset/haunted_place_2820.json,0.6363636363636364
data/haunted_places_jsons_subset/haunted_place_7771.json,data/haunted_places_jsons_subset/haunted_place_3732.json,0.5
data/haunted_places_jsons_subset/haunted_place_7771.json,data/haunted_places_jsons_subset/haunted_place_8938.json,0.5
data/haunted_places_jsons_subset/haunted_place_7771.json,data/haunted_places_jsons_subset/haunted_place_3227.json,0.5
data/haunted_places_jsons_subset/haunted_place_7771.json,data/haunted_places_jsons_subset/haunted_place_4018.json,0.5
data/haunted_places_jsons_subset/haunted_place_7771.json,data/haunted_places_jsons_subset/haunted_place_6025.json,0.5
data/haunted_places_jsons_subset/haunted_place_7771.json,data/haunted_places_jsons_subset/haunted_place_834.json,0.5
data/haunted_places_jsons_subset/haunted_place_7771.json,data/haunted_places_jsons_subset/haunted_place_10358.json,0.5
data/haunted_places_jsons_subset/haunted_place_7771.json,data/haunted_places_jsons_subset/haunted_place_2965.json,0.5
data/haunted_places_jsons_subset/haunted_place_7771.json,data/haunted_places_jsons_subset/haunted_place_3677.json,0.6363636363636364
data/haunted_places_jsons_subset/haunted_place_7771.json,data/haunted_places_jsons_subset/haunted_place_4448.json,0.6363636363636364
data/haunted_places_jsons_subset/haunted_place_7771.json,data/haunted_places_jsons_subset/haunted_place_6475.json,0.6363636363636364
data/haunted_places_jsons_subset/haunted_place_7771.json,data/haunted_places_jsons_subset/haunted_place_8892.json,0.5
data/haunted_places_jsons_subset/haunted_place_7771.json,data/haunted_places_jsons_subset/haunted_place_10708.json,0.5
data/haunted_places_jsons_subset/haunted_place_7771.json,data/haunted_places_jsons_subset/haunted_place_9780.json,0.5
data/haunted_places_jsons_subset/haunted_place_7771.json,data/haunted_places_jsons_subset/haunted_place_2436.json,0.5
data/haunted_places_jsons_subset/haunted_place_7771.json,data/haunted_places_jsons_subset/haunted_place_6926.json,0.5
data/haunted_places_jsons_subset/haunted_place_7771.json,data/haunted_places_jsons_subset/haunted_place_137.json,0.5
data/haunted_places_jsons_subset/haunted_place_7771.json,data/haunted_places_jsons_subset/haunted_place_7634.json,0.6363636363636364
data/haunted_places_jsons_subset/haunted_place_7771.json,data/haunted_places_jsons_subset/haunted_place_5609.json,0.6363636363636364
data/haunted_places_jsons_subset/haunted_place_7771.json,data/haunted_places_jsons_subset/haunted_place_2066.json,0.5
data/haunted_places_jsons_subset/haunted_place_7771.json,data/haunted_places_jsons_subset/haunted_place_7264.json,0.5
data/haunted_places_jsons_subset/haunted_place_7771.json,data/haunted_places_jsons_subset/haunted_place_5259.json,0.5
data/haunted_places_jsons_subset/haunted_place_7771.json,data/haunted_places_jsons_subset/haunted_place_567.json,0.6363636363636364
data/haunted_places_jsons_subset/haunted_place_7771.json,data/haunted_places_jsons_subset/haunted_place_8191.json,0.5
data/haunted_places_jsons_subset/haunted_place_7771.json,data/haunted_places_jsons_subset/haunted_place_1563.json,0.5
data/haunted_places_jsons_subset/haunted_place_7771.json,data/haunted_places_jsons_subset/haunted_place_9153.json,0.5
data/haunted_places_jsons_subset/haunted_place_7771.json,data/haunted_places_jsons_subset/haunted_place_10421.json,0.5
data/haunted_places_jsons_subset/haunted_place_7771.json,data/haunted_places_jsons_subset/haunted_place_1099.json,0.5
data/haunted_places_jsons_subset/haunted_place_7771.json,data/haunted_places_jsons_subset/haunted_place_4761.json,0.5
data/haunted_places_jsons_subset/haunted_place_7771.json,data/haunted_places_jsons_subset/haunted_place_5873.json,0.5
data/haunted_places_jsons_subset/haunted_place_7771.json,data/haunted_places_jsons_subset/haunted_place_1133.json,0.5
data/haunted_places_jsons_subset/haunted_place_7771.json,data/haunted_places_jsons_subset/haunted_place_9503.json,0.5
data/haunted_places_jsons_subset/haunted_place_7771.json,data/haunted_places_jsons_subset/haunted_place_10071.json,0.6363636363636364
data/haunted_places_jsons_subset/haunted_place_7771.json,data/haunted_places_jsons_subset/haunted_place_4331.json,0.5
data/haunted_places_jsons_subset/haunted_place_7771.json,data/haunted_places_jsons_subset/haunted_place_8742.json,0.5
data/haunted_places_jsons_subset/haunted_place_7771.json,data/haunted_places_jsons_subset/haunted_place_9850.json,0.5
data/haunted_places_jsons_subset/haunted_place_7771.json,data/haunted_places_jsons_subset/haunted_place_5170.json,0.5
data/haunted_places_jsons_subset/haunted_place_7771.json,data/haunted_places_jsons_subset/haunted_place_1830.json,0.5
data/haunted_places_jsons_subset/haunted_place_7771.json,data/haunted_places_jsons_subset/haunted_place_8312.json,0.5
data/haunted_places_jsons_subset/haunted_place_7771.json,data/haunted_places_jsons_subset/haunted_place_10972.json,0.5
data/haunted_places_jsons_subset/haunted_place_7771.json,data/haunted_places_jsons_subset/haunted_place_5520.json,0.6363636363636364
data/haunted_places_jsons_subset/haunted_place_7771.json,data/haunted_places_jsons_subset/haunted_place_5035.json,0.6363636363636364
data/haunted_places_jsons_subset/haunted_place_7771.json,data/haunted_places_jsons_subset/haunted_place_7008.json,0.6363636363636364
data/haunted_places_jsons_subset/haunted_place_7771.json,data/haunted_places_jsons_subset/haunted_place_8607.json,0.5
data/haunted_places_jsons_subset/haunted_place_7771.json,data/haunted_places_jsons_subset/haunted_place_9915.json,0.5
data/haunted_places_jsons_subset/haunted_place_7771.json,data/haunted_places_jsons_subset/haunted_place_10837.json,0.5
data/haunted_places_jsons_subset/haunted_place_7771.json,data/haunted_places_jsons_subset/haunted_place_5465.json,0.5
data/haunted_places_jsons_subset/haunted_place_7771.json,data/haunted_places_jsons_subset/haunted_place_7458.json,0.6363636363636364
data/haunted_places_jsons_subset/haunted_place_7771.json,data/haunted_places_jsons_subset/haunted_place_3948.json,0.5
data/haunted_places_jsons_subset/haunted_place_7771.json,data/haunted_places_jsons_subset/haunted_place_1975.json,0.5
data/haunted_places_jsons_subset/haunted_place_7771.json,data/haunted_places_jsons_subset/haunted_place_8257.json,0.6363636363636364
data/haunted_places_jsons_subset/haunted_place_7771.json,data/haunted_places_jsons_subset/haunted_place_10564.json,0.5
data/haunted_places_jsons_subset/haunted_place_7771.json,data/haunted_places_jsons_subset/haunted_place_6619.json,0.5
data/haunted_places_jsons_subset/haunted_place_7771.json,data/haunted_places_jsons_subset/haunted_place_4624.json,0.5
data/haunted_places_jsons_subset/haunted_place_7771.json,data/haunted_places_jsons_subset/haunted_place_5936.json,0.6363636363636364
data/haunted_places_jsons_subset/haunted_place_7771.json,data/haunted_places_jsons_subset/haunted_place_1426.json,0.5
data/haunted_places_jsons_subset/haunted_place_7771.json,data/haunted_places_jsons_subset/haunted_place_9016.json,0.6363636363636364
data/haunted_places_jsons_subset/haunted_place_7771.json,data/haunted_places_jsons_subset/haunted_place_10134.json,0.5
data/haunted_places_jsons_subset/haunted_place_7771.json,data/haunted_places_jsons_subset/haunted_place_6249.json,0.5
data/haunted_places_jsons_subset/haunted_place_7771.json,data/haunted_places_jsons_subset/haunted_place_4274.json,0.5
data/haunted_places_jsons_subset/haunted_place_7771.json,data/haunted_places_jsons_subset/haunted_place_1076.json,0.5
data/haunted_places_jsons_subset/haunted_place_7771.json,data/haunted_places_jsons_subset/haunted_place_9446.json,0.5
data/haunted_places_jsons_subset/haunted_place_7771.json,data/haunted_places_jsons_subset/haunted_place_9368.json,0.5
data/haunted_places_jsons_subset/haunted_place_7771.json,data/haunted_places_jsons_subset/haunted_place_2877.json,0.6363636363636364
data/haunted_places_jsons_subset/haunted_place_7771.json,data/haunted_places_jsons_subset/haunted_place_1758.json,0.5
data/haunted_places_jsons_subset/haunted_place_7771.json,data/haunted_places_jsons_subset/haunted_place_3765.json,0.5
data/haunted_places_jsons_subset/haunted_place_7771.json,data/haunted_places_jsons_subset/haunted_place_6567.json,0.6363636363636364
data/haunted_places_jsons_subset/haunted_place_7771.json,data/haunted_places_jsons_subset/haunted_place_8980.json,0.5
data/haunted_places_jsons_subset/haunted_place_7771.json,data/haunted_places_jsons_subset/haunted_place_9692.json,0.6363636363636364
data/haunted_places_jsons_subset/haunted_place_7771.json,data/haunted_places_jsons_subset/haunted_place_9738.json,0.5
data/haunted_places_jsons_subset/haunted_place_7771.json,data/haunted_places_jsons_subset/haunted_place_1308.json,0.6363636363636364
data/haunted_places_jsons_subset/haunted_place_7771.json,data/haunted_places_jsons_subset/haunted_place_3335.json,0.6363636363636364
data/haunted_places_jsons_subset/haunted_place_7771.json,data/haunted_places_jsons_subset/haunted_place_6137.json,0.5
data/haunted_places_jsons_subset/haunted_place_7771.json,data/haunted_places_jsons_subset/haunted_place_926.json,0.5
data/haunted_places_jsons_subset/haunted_place_7771.json,data/haunted_places_jsons_subset/haunted_place_8579.json,0.5
data/haunted_places_jsons_subset/haunted_place_7771.json,data/haunted_places_jsons_subset/haunted_place_2174.json,0.6363636363636364
data/haunted_places_jsons_subset/haunted_place_7771.json,data/haunted_places_jsons_subset/haunted_place_7376.json,0.5
data/haunted_places_jsons_subset/haunted_place_7771.json,data/haunted_places_jsons_subset/haunted_place_475.json,0.5
data/haunted_places_jsons_subset/haunted_place_7771.json,data/haunted_places_jsons_subset/haunted_place_8083.json,0.5
data/haunted_places_jsons_subset/haunted_place_7771.json,data/haunted_places_jsons_subset/haunted_place_8129.json,0.5
data/haunted_places_jsons_subset/haunted_place_7771.json,data/haunted_places_jsons_subset/haunted_place_2524.json,0.5
data/haunted_places_jsons_subset/haunted_place_7771.json,data/haunted_places_jsons_subset/haunted_place_4809.json,0.5
data/haunted_places_jsons_subset/haunted_place_7771.json,data/haunted_places_jsons_subset/haunted_place_6834.json,0.5
data/haunted_places_jsons_subset/haunted_place_7771.json,data/haunted_places_jsons_subset/haunted_place_7726.json,0.6363636363636364
data/haunted_places_jsons_subset/haunted_place_7771.json,data/haunted_places_jsons_subset/haunted_place_7233.json,0.5
data/haunted_places_jsons_subset/haunted_place_7771.json,data/haunted_places_jsons_subset/haunted_place_530.json,0.6363636363636364
data/haunted_places_jsons_subset/haunted_place_7771.json,data/haunted_places_jsons_subset/haunted_place_2031.json,0.5
data/haunted_places_jsons_subset/haunted_place_7771.json,data/haunted_places_jsons_subset/haunted_place_160.json,0.5
data/haunted_places_jsons_subset/haunted_place_7771.json,data/haunted_places_jsons_subset/haunted_place_6971.json,0.5
data/haunted_places_jsons_subset/haunted_place_7771.json,data/haunted_places_jsons_subset/haunted_place_7663.json,0.6363636363636364
data/haunted_places_jsons_subset/haunted_place_7771.json,data/haunted_places_jsons_subset/haunted_place_8596.json,0.5
data/haunted_places_jsons_subset/haunted_place_7771.json,data/haunted_places_jsons_subset/haunted_place_2461.json,0.5
data/haunted_places_jsons_subset/haunted_place_7771.json,data/haunted_places_jsons_subset/haunted_place_7399.json,0.6363636363636364
data/haunted_places_jsons_subset/haunted_place_7771.json,data/haunted_places_jsons_subset/haunted_place_6422.json,0.5
data/haunted_places_jsons_subset/haunted_place_7771.json,data/haunted_places_jsons_subset/haunted_place_2932.json,0.5
data/haunted_places_jsons_subset/haunted_place_7771.json,data/haunted_places_jsons_subset/haunted_place_3620.json,0.5
data/haunted_places_jsons_subset/haunted_place_7771.json,data/haunted_places_jsons_subset/haunted_place_2898.json,0.5
data/haunted_places_jsons_subset/haunted_place_7771.json,data/haunted_places_jsons_subset/haunted_place_863.json,0.6363636363636364
data/haunted_places_jsons_subset/haunted_place_7771.json,data/haunted_places_jsons_subset/haunted_place_6072.json,0.5
data/haunted_places_jsons_subset/haunted_place_7771.json,data/haunted_places_jsons_subset/haunted_place_9387.json,0.5
data/haunted_places_jsons_subset/haunted_place_7771.json,data/haunted_places_jsons_subset/haunted_place_3270.json,0.5
data/haunted_places_jsons_subset/haunted_place_7771.json,data/haunted_places_jsons_subset/haunted_place_6588.json,0.5
data/haunted_places_jsons_subset/haunted_place_7771.json,data/haunted_places_jsons_subset/haunted_place_10925.json,0.6363636363636364
data/haunted_places_jsons_subset/haunted_place_7771.json,data/haunted_places_jsons_subset/haunted_place_249.json,0.5
data/haunted_places_jsons_subset/haunted_place_7771.json,data/haunted_places_jsons_subset/haunted_place_5577.json,0.5
data/haunted_places_jsons_subset/haunted_place_7771.json,data/haunted_places_jsons_subset/haunted_place_2748.json,0.6363636363636364
data/haunted_places_jsons_subset/haunted_place_7771.json,data/haunted_places_jsons_subset/haunted_place_1867.json,0.5
data/haunted_places_jsons_subset/haunted_place_7771.json,data/haunted_places_jsons_subset/haunted_place_8345.json,0.5
data/haunted_places_jsons_subset/haunted_place_7771.json,data/haunted_places_jsons_subset/haunted_place_5127.json,0.5
data/haunted_places_jsons_subset/haunted_place_7771.json,data/haunted_places_jsons_subset/haunted_place_619.json,0.5
data/haunted_places_jsons_subset/haunted_place_7771.json,data/haunted_places_jsons_subset/haunted_place_2318.json,0.6363636363636364
data/haunted_places_jsons_subset/haunted_place_7771.json,data/haunted_places_jsons_subset/haunted_place_8715.json,0.5
data/haunted_places_jsons_subset/haunted_place_7771.json,data/haunted_places_jsons_subset/haunted_place_9807.json,0.5
data/haunted_places_jsons_subset/haunted_place_7771.json,data/haunted_places_jsons_subset/haunted_place_10026.json,0.5
data/haunted_places_jsons_subset/haunted_place_7771.json,data/haunted_places_jsons_subset/haunted_place_4366.json,0.5
data/haunted_places_jsons_subset/haunted_place_7771.json,data/haunted_places_jsons_subset/haunted_place_3159.json,0.5
data/haunted_places_jsons_subset/haunted_place_7771.json,data/haunted_places_jsons_subset/haunted_place_1164.json,0.6363636363636364
data/haunted_places_jsons_subset/haunted_place_7771.json,data/haunted_places_jsons_subset/haunted_place_9554.json,0.6363636363636364
data/haunted_places_jsons_subset/haunted_place_7771.json,data/haunted_places_jsons_subset/haunted_place_10476.json,0.5
data/haunted_places_jsons_subset/haunted_place_7771.json,data/haunted_places_jsons_subset/haunted_place_4736.json,0.5
data/haunted_places_jsons_subset/haunted_place_7771.json,data/haunted_places_jsons_subset/haunted_place_5824.json,0.5
data/haunted_places_jsons_subset/haunted_place_7771.json,data/haunted_places_jsons_subset/haunted_place_7819.json,0.6363636363636364
data/haunted_places_jsons_subset/haunted_place_7771.json,data/haunted_places_jsons_subset/haunted_place_3509.json,0.5
data/haunted_places_jsons_subset/haunted_place_7771.json,data/haunted_places_jsons_subset/haunted_place_1534.json,0.5
data/haunted_places_jsons_subset/haunted_place_7771.json,data/haunted_places_jsons_subset/haunted_place_9104.json,0.6363636363636364
data/haunted_places_jsons_subset/haunted_place_7771.json,data/haunted_places_jsons_subset/haunted_place_1021.json,0.5
data/haunted_places_jsons_subset/haunted_place_7771.json,data/haunted_places_jsons_subset/haunted_place_10499.json,0.5
data/haunted_places_jsons_subset/haunted_place_7771.json,data/haunted_places_jsons_subset/haunted_place_9411.json,0.5
data/haunted_places_jsons_subset/haunted_place_7771.json,data/haunted_places_jsons_subset/haunted_place_10163.json,0.5
data/haunted_places_jsons_subset/haunted_place_7771.json,data/haunted_places_jsons_subset/haunted_place_4223.json,0.5
data/haunted_places_jsons_subset/haunted_place_7771.json,data/haunted_places_jsons_subset/haunted_place_4389.json,0.5
data/haunted_places_jsons_subset/haunted_place_7771.json,data/haunted_places_jsons_subset/haunted_place_1471.json,0.6363636363636364
data/haunted_places_jsons_subset/haunted_place_7771.json,data/haunted_places_jsons_subset/haunted_place_9041.json,0.5
data/haunted_places_jsons_subset/haunted_place_7771.json,data/haunted_places_jsons_subset/haunted_place_10533.json,0.5
data/haunted_places_jsons_subset/haunted_place_7771.json,data/haunted_places_jsons_subset/haunted_place_4673.json,0.5
data/haunted_places_jsons_subset/haunted_place_7771.json,data/haunted_places_jsons_subset/haunted_place_5961.json,0.6363636363636364
data/haunted_places_jsons_subset/haunted_place_7771.json,data/haunted_places_jsons_subset/haunted_place_1922.json,0.5
data/haunted_places_jsons_subset/haunted_place_7771.json,data/haunted_places_jsons_subset/haunted_place_8200.json,0.5
data/haunted_places_jsons_subset/haunted_place_7771.json,data/haunted_places_jsons_subset/haunted_place_10860.json,0.5
data/haunted_places_jsons_subset/haunted_place_7771.json,data/haunted_places_jsons_subset/haunted_place_5432.json,0.5
data/haunted_places_jsons_subset/haunted_place_7771.json,data/haunted_places_jsons_subset/haunted_place_5598.json,0.6363636363636364
data/haunted_places_jsons_subset/haunted_place_7771.json,data/haunted_places_jsons_subset/haunted_place_8650.json,0.5
data/haunted_places_jsons_subset/haunted_place_7771.json,data/haunted_places_jsons_subset/haunted_place_9942.json,0.6363636363636364
data/haunted_places_jsons_subset/haunted_place_7771.json,data/haunted_places_jsons_subset/haunted_place_5062.json,0.5
data/haunted_places_jsons_subset/haunted_place_7771.json,data/haunted_places_jsons_subset/haunted_place_1888.json,0.5
data/haunted_places_jsons_subset/haunted_place_7771.json,data/haunted_places_jsons_subset/haunted_place_7730.json,0.5
data/haunted_places_jsons_subset/haunted_place_7771.json,data/haunted_places_jsons_subset/haunted_place_6822.json,0.5
data/haunted_places_jsons_subset/haunted_place_7771.json,data/haunted_places_jsons_subset/haunted_place_2532.json,0.5
data/haunted_places_jsons_subset/haunted_place_7771.json,data/haunted_places_jsons_subset/haunted_place_8095.json,0.5
data/haunted_places_jsons_subset/haunted_place_7771.json,data/haunted_places_jsons_subset/haunted_place_463.json,0.6363636363636364
data/haunted_places_jsons_subset/haunted_place_7771.json,data/haunted_places_jsons_subset/haunted_place_7360.json,0.5
data/haunted_places_jsons_subset/haunted_place_7771.json,data/haunted_places_jsons_subset/haunted_place_2498.json,0.5
data/haunted_places_jsons_subset/haunted_place_7771.json,data/haunted_places_jsons_subset/haunted_place_2162.json,0.5
data/haunted_places_jsons_subset/haunted_place_7771.json,data/haunted_places_jsons_subset/haunted_place_199.json,0.5
data/haunted_places_jsons_subset/haunted_place_7771.json,data/haunted_places_jsons_subset/haunted_place_6988.json,0.5
data/haunted_places_jsons_subset/haunted_place_7771.json,data/haunted_places_jsons_subset/haunted_place_6121.json,0.6363636363636364
data/haunted_places_jsons_subset/haunted_place_7771.json,data/haunted_places_jsons_subset/haunted_place_930.json,0.5
data/haunted_places_jsons_subset/haunted_place_7771.json,data/haunted_places_jsons_subset/haunted_place_3323.json,0.5
data/haunted_places_jsons_subset/haunted_place_7771.json,data/haunted_places_jsons_subset/haunted_place_9684.json,0.6363636363636364
data/haunted_places_jsons_subset/haunted_place_7771.json,data/haunted_places_jsons_subset/haunted_place_8996.json,0.5
data/haunted_places_jsons_subset/haunted_place_7771.json,data/haunted_places_jsons_subset/haunted_place_6571.json,0.5
data/haunted_places_jsons_subset/haunted_place_7771.json,data/haunted_places_jsons_subset/haunted_place_3289.json,0.5
data/haunted_places_jsons_subset/haunted_place_7771.json,data/haunted_places_jsons_subset/haunted_place_3773.json,0.5
data/haunted_places_jsons_subset/haunted_place_7771.json,data/haunted_places_jsons_subset/haunted_place_2861.json,0.6363636363636364
data/haunted_places_jsons_subset/haunted_place_7771.json,data/haunted_places_jsons_subset/haunted_place_3266.json,0.6363636363636364
data/haunted_places_jsons_subset/haunted_place_7771.json,data/haunted_places_jsons_subset/haunted_place_8979.json,0.5
data/haunted_places_jsons_subset/haunted_place_7771.json,data/haunted_places_jsons_subset/haunted_place_10319.json,0.6363636363636364
data/haunted_places_jsons_subset/haunted_place_7771.json,data/haunted_places_jsons_subset/haunted_place_9391.json,0.5
data/haunted_places_jsons_subset/haunted_place_7771.json,data/haunted_places_jsons_subset/haunted_place_875.json,0.5
data/haunted_places_jsons_subset/haunted_place_7771.json,data/haunted_places_jsons_subset/haunted_place_6064.json,0.5
data/haunted_places_jsons_subset/haunted_place_7771.json,data/haunted_places_jsons_subset/haunted_place_4059.json,0.6363636363636364
data/haunted_places_jsons_subset/haunted_place_7771.json,data/haunted_places_jsons_subset/haunted_place_3636.json,0.5
data/haunted_places_jsons_subset/haunted_place_7771.json,data/haunted_places_jsons_subset/haunted_place_2924.json,0.5
data/haunted_places_jsons_subset/haunted_place_7771.json,data/haunted_places_jsons_subset/haunted_place_10749.json,0.5
data/haunted_places_jsons_subset/haunted_place_7771.json,data/haunted_places_jsons_subset/haunted_place_6434.json,0.6363636363636364
data/haunted_places_jsons_subset/haunted_place_7771.json,data/haunted_places_jsons_subset/haunted_place_4409.json,0.6363636363636364
data/haunted_places_jsons_subset/haunted_place_7771.json,data/haunted_places_jsons_subset/haunted_place_2477.json,0.5
data/haunted_places_jsons_subset/haunted_place_7771.json,data/haunted_places_jsons_subset/haunted_place_8580.json,0.5
data/haunted_places_jsons_subset/haunted_place_7771.json,data/haunted_places_jsons_subset/haunted_place_5648.json,0.5
data/haunted_places_jsons_subset/haunted_place_7771.json,data/haunted_places_jsons_subset/haunted_place_7675.json,0.5
data/haunted_places_jsons_subset/haunted_place_7771.json,data/haunted_places_jsons_subset/haunted_place_176.json,0.5
data/haunted_places_jsons_subset/haunted_place_7771.json,data/haunted_places_jsons_subset/haunted_place_6967.json,0.6363636363636364
data/haunted_places_jsons_subset/haunted_place_7771.json,data/haunted_places_jsons_subset/haunted_place_2027.json,0.5
data/haunted_places_jsons_subset/haunted_place_7771.json,data/haunted_places_jsons_subset/haunted_place_526.json,0.5
data/haunted_places_jsons_subset/haunted_place_7771.json,data/haunted_places_jsons_subset/haunted_place_5218.json,0.5
data/haunted_places_jsons_subset/haunted_place_7771.json,data/haunted_places_jsons_subset/haunted_place_7225.json,0.5
data/haunted_places_jsons_subset/haunted_place_7771.json,data/haunted_places_jsons_subset/haunted_place_9112.json,0.5
data/haunted_places_jsons_subset/haunted_place_7771.json,data/haunted_places_jsons_subset/haunted_place_1522.json,0.5
data/haunted_places_jsons_subset/haunted_place_7771.json,data/haunted_places_jsons_subset/haunted_place_5832.json,0.6363636363636364
data/haunted_places_jsons_subset/haunted_place_7771.json,data/haunted_places_jsons_subset/haunted_place_4720.json,0.5
data/haunted_places_jsons_subset/haunted_place_7771.json,data/haunted_places_jsons_subset/haunted_place_10460.json,0.5
data/haunted_places_jsons_subset/haunted_place_7771.json,data/haunted_places_jsons_subset/haunted_place_9542.json,0.5
data/haunted_places_jsons_subset/haunted_place_7771.json,data/haunted_places_jsons_subset/haunted_place_5998.json,0.5
data/haunted_places_jsons_subset/haunted_place_7771.json,data/haunted_places_jsons_subset/haunted_place_1172.json,0.5
data/haunted_places_jsons_subset/haunted_place_7771.json,data/haunted_places_jsons_subset/haunted_place_1488.json,0.5
data/haunted_places_jsons_subset/haunted_place_7771.json,data/haunted_places_jsons_subset/haunted_place_4370.json,0.5
data/haunted_places_jsons_subset/haunted_place_7771.json,data/haunted_places_jsons_subset/haunted_place_10030.json,0.5
data/haunted_places_jsons_subset/haunted_place_7771.json,data/haunted_places_jsons_subset/haunted_place_10899.json,0.5
data/haunted_places_jsons_subset/haunted_place_7771.json,data/haunted_places_jsons_subset/haunted_place_9811.json,0.5
data/haunted_places_jsons_subset/haunted_place_7771.json,data/haunted_places_jsons_subset/haunted_place_8703.json,0.5
data/haunted_places_jsons_subset/haunted_place_7771.json,data/haunted_places_jsons_subset/haunted_place_5131.json,0.6363636363636364
data/haunted_places_jsons_subset/haunted_place_7771.json,data/haunted_places_jsons_subset/haunted_place_8353.json,0.5
data/haunted_places_jsons_subset/haunted_place_7771.json,data/haunted_places_jsons_subset/haunted_place_1871.json,0.5
data/haunted_places_jsons_subset/haunted_place_7771.json,data/haunted_places_jsons_subset/haunted_place_5561.json,0.6363636363636364
data/haunted_places_jsons_subset/haunted_place_7771.json,data/haunted_places_jsons_subset/haunted_place_10933.json,0.5
data/haunted_places_jsons_subset/haunted_place_7771.json,data/haunted_places_jsons_subset/haunted_place_7049.json,0.5
data/haunted_places_jsons_subset/haunted_place_7771.json,data/haunted_places_jsons_subset/haunted_place_5074.json,0.5
data/haunted_places_jsons_subset/haunted_place_7771.json,data/haunted_places_jsons_subset/haunted_place_9954.json,0.5
data/haunted_places_jsons_subset/haunted_place_7771.json,data/haunted_places_jsons_subset/haunted_place_8646.json,0.5
data/haunted_places_jsons_subset/haunted_place_7771.json,data/haunted_places_jsons_subset/haunted_place_7419.json,0.5
data/haunted_places_jsons_subset/haunted_place_7771.json,data/haunted_places_jsons_subset/haunted_place_5424.json,0.5
data/haunted_places_jsons_subset/haunted_place_7771.json,data/haunted_places_jsons_subset/haunted_place_10876.json,0.5
data/haunted_places_jsons_subset/haunted_place_7771.json,data/haunted_places_jsons_subset/haunted_place_8216.json,0.5
data/haunted_places_jsons_subset/haunted_place_7771.json,data/haunted_places_jsons_subset/haunted_place_1934.json,0.6363636363636364
data/haunted_places_jsons_subset/haunted_place_7771.json,data/haunted_places_jsons_subset/haunted_place_3909.json,0.6363636363636364
data/haunted_places_jsons_subset/haunted_place_7771.json,data/haunted_places_jsons_subset/haunted_place_5977.json,0.5
data/haunted_places_jsons_subset/haunted_place_7771.json,data/haunted_places_jsons_subset/haunted_place_4665.json,0.5
data/haunted_places_jsons_subset/haunted_place_7771.json,data/haunted_places_jsons_subset/haunted_place_6658.json,0.5
data/haunted_places_jsons_subset/haunted_place_7771.json,data/haunted_places_jsons_subset/haunted_place_10525.json,0.6363636363636364
data/haunted_places_jsons_subset/haunted_place_7771.json,data/haunted_places_jsons_subset/haunted_place_9057.json,0.5
data/haunted_places_jsons_subset/haunted_place_7771.json,data/haunted_places_jsons_subset/haunted_place_1467.json,0.5
data/haunted_places_jsons_subset/haunted_place_7771.json,data/haunted_places_jsons_subset/haunted_place_4235.json,0.5
data/haunted_places_jsons_subset/haunted_place_7771.json,data/haunted_places_jsons_subset/haunted_place_6208.json,0.5
data/haunted_places_jsons_subset/haunted_place_7771.json,data/haunted_places_jsons_subset/haunted_place_10175.json,0.5
data/haunted_places_jsons_subset/haunted_place_7771.json,data/haunted_places_jsons_subset/haunted_place_9407.json,0.6363636363636364
data/haunted_places_jsons_subset/haunted_place_7771.json,data/haunted_places_jsons_subset/haunted_place_1037.json,0.5
data/haunted_places_jsons_subset/haunted_place_7771.json,data/haunted_places_jsons_subset/haunted_place_3724.json,0.5
data/haunted_places_jsons_subset/haunted_place_7771.json,data/haunted_places_jsons_subset/haunted_place_1719.json,0.5
data/haunted_places_jsons_subset/haunted_place_7771.json,data/haunted_places_jsons_subset/haunted_place_2836.json,0.5
data/haunted_places_jsons_subset/haunted_place_7771.json,data/haunted_places_jsons_subset/haunted_place_9329.json,0.6363636363636364
data/haunted_places_jsons_subset/haunted_place_7771.json,data/haunted_places_jsons_subset/haunted_place_6526.json,0.5
data/haunted_places_jsons_subset/haunted_place_7771.json,data/haunted_places_jsons_subset/haunted_place_3374.json,0.5
data/haunted_places_jsons_subset/haunted_place_7771.json,data/haunted_places_jsons_subset/haunted_place_1349.json,0.6363636363636364
data/haunted_places_jsons_subset/haunted_place_7771.json,data/haunted_places_jsons_subset/haunted_place_9779.json,0.6363636363636364
data/haunted_places_jsons_subset/haunted_place_7771.json,data/haunted_places_jsons_subset/haunted_place_9283.json,0.5
data/haunted_places_jsons_subset/haunted_place_7771.json,data/haunted_places_jsons_subset/haunted_place_967.json,0.5
data/haunted_places_jsons_subset/haunted_place_7771.json,data/haunted_places_jsons_subset/haunted_place_6176.json,0.5
data/haunted_places_jsons_subset/haunted_place_7771.json,data/haunted_places_jsons_subset/haunted_place_2135.json,0.5
data/haunted_places_jsons_subset/haunted_place_7771.json,data/haunted_places_jsons_subset/haunted_place_8538.json,0.6363636363636364
data/haunted_places_jsons_subset/haunted_place_7771.json,data/haunted_places_jsons_subset/haunted_place_434.json,0.5
data/haunted_places_jsons_subset/haunted_place_7771.json,data/haunted_places_jsons_subset/haunted_place_7337.json,0.5
data/haunted_places_jsons_subset/haunted_place_7771.json,data/haunted_places_jsons_subset/haunted_place_2565.json,0.5
data/haunted_places_jsons_subset/haunted_place_7771.json,data/haunted_places_jsons_subset/haunted_place_8168.json,0.6363636363636364
data/haunted_places_jsons_subset/haunted_place_7771.json,data/haunted_places_jsons_subset/haunted_place_8492.json,0.5
data/haunted_places_jsons_subset/haunted_place_7771.json,data/haunted_places_jsons_subset/haunted_place_7767.json,0.5
data/haunted_places_jsons_subset/haunted_place_7771.json,data/haunted_places_jsons_subset/haunted_place_6875.json,0.6363636363636364
data/haunted_places_jsons_subset/haunted_place_7771.json,data/haunted_places_jsons_subset/haunted_place_4848.json,0.5
data/haunted_places_jsons_subset/haunted_place_7771.json,data/haunted_places_jsons_subset/haunted_place_8187.json,0.5
data/haunted_places_jsons_subset/haunted_place_7771.json,data/haunted_places_jsons_subset/haunted_place_571.json,0.5
data/haunted_places_jsons_subset/haunted_place_7771.json,data/haunted_places_jsons_subset/haunted_place_7272.json,0.5
data/haunted_places_jsons_subset/haunted_place_7771.json,data/haunted_places_jsons_subset/haunted_place_2070.json,0.5
data/haunted_places_jsons_subset/haunted_place_7771.json,data/haunted_places_jsons_subset/haunted_place_7788.json,0.5
data/haunted_places_jsons_subset/haunted_place_7771.json,data/haunted_places_jsons_subset/haunted_place_7622.json,0.6363636363636364
data/haunted_places_jsons_subset/haunted_place_7771.json,data/haunted_places_jsons_subset/haunted_place_6930.json,0.5
data/haunted_places_jsons_subset/haunted_place_7771.json,data/haunted_places_jsons_subset/haunted_place_121.json,0.6363636363636364
data/haunted_places_jsons_subset/haunted_place_7771.json,data/haunted_places_jsons_subset/haunted_place_2420.json,0.5
data/haunted_places_jsons_subset/haunted_place_7771.json,data/haunted_places_jsons_subset/haunted_place_9796.json,0.5
data/haunted_places_jsons_subset/haunted_place_7771.json,data/haunted_places_jsons_subset/haunted_place_8884.json,0.5
data/haunted_places_jsons_subset/haunted_place_7771.json,data/haunted_places_jsons_subset/haunted_place_6463.json,0.5
data/haunted_places_jsons_subset/haunted_place_7771.json,data/haunted_places_jsons_subset/haunted_place_3661.json,0.6363636363636364
data/haunted_places_jsons_subset/haunted_place_7771.json,data/haunted_places_jsons_subset/haunted_place_988.json,0.6363636363636364
data/haunted_places_jsons_subset/haunted_place_7771.json,data/haunted_places_jsons_subset/haunted_place_6199.json,0.5
data/haunted_places_jsons_subset/haunted_place_7771.json,data/haunted_places_jsons_subset/haunted_place_2973.json,0.5
data/haunted_places_jsons_subset/haunted_place_7771.json,data/haunted_places_jsons_subset/haunted_place_6033.json,0.6363636363636364
data/haunted_places_jsons_subset/haunted_place_7771.json,data/haunted_places_jsons_subset/haunted_place_822.json,0.5
data/haunted_places_jsons_subset/haunted_place_7771.json,data/haunted_places_jsons_subset/haunted_place_3231.json,0.5
data/haunted_places_jsons_subset/haunted_place_7771.json,data/haunted_places_jsons_subset/haunted_place_5536.json,0.5
data/haunted_places_jsons_subset/haunted_place_7771.json,data/haunted_places_jsons_subset/haunted_place_208.json,0.6363636363636364
data/haunted_places_jsons_subset/haunted_place_7771.json,data/haunted_places_jsons_subset/haunted_place_10964.json,0.5
data/haunted_places_jsons_subset/haunted_place_7771.json,data/haunted_places_jsons_subset/haunted_place_8304.json,0.5
data/haunted_places_jsons_subset/haunted_place_7771.json,data/haunted_places_jsons_subset/haunted_place_1826.json,0.6363636363636364
data/haunted_places_jsons_subset/haunted_place_7771.json,data/haunted_places_jsons_subset/haunted_place_2709.json,0.5
data/haunted_places_jsons_subset/haunted_place_7771.json,data/haunted_places_jsons_subset/haunted_place_658.json,0.6363636363636364
data/haunted_places_jsons_subset/haunted_place_7771.json,data/haunted_places_jsons_subset/haunted_place_5166.json,0.6363636363636364
data/haunted_places_jsons_subset/haunted_place_7771.json,data/haunted_places_jsons_subset/haunted_place_9846.json,0.5
data/haunted_places_jsons_subset/haunted_place_7771.json,data/haunted_places_jsons_subset/haunted_place_8754.json,0.5
data/haunted_places_jsons_subset/haunted_place_7771.json,data/haunted_places_jsons_subset/haunted_place_2359.json,0.5
data/haunted_places_jsons_subset/haunted_place_7771.json,data/haunted_places_jsons_subset/haunted_place_4327.json,0.5
data/haunted_places_jsons_subset/haunted_place_7771.json,data/haunted_places_jsons_subset/haunted_place_10067.json,0.5
data/haunted_places_jsons_subset/haunted_place_7771.json,data/haunted_places_jsons_subset/haunted_place_9515.json,0.6363636363636364
data/haunted_places_jsons_subset/haunted_place_7771.json,data/haunted_places_jsons_subset/haunted_place_1125.json,0.6363636363636364
data/haunted_places_jsons_subset/haunted_place_7771.json,data/haunted_places_jsons_subset/haunted_place_3118.json,0.5
data/haunted_places_jsons_subset/haunted_place_7771.json,data/haunted_places_jsons_subset/haunted_place_7858.json,0.5
data/haunted_places_jsons_subset/haunted_place_7771.json,data/haunted_places_jsons_subset/haunted_place_5865.json,0.5
data/haunted_places_jsons_subset/haunted_place_7771.json,data/haunted_places_jsons_subset/haunted_place_4777.json,0.5
data/haunted_places_jsons_subset/haunted_place_7771.json,data/haunted_places_jsons_subset/haunted_place_10437.json,0.5
data/haunted_places_jsons_subset/haunted_place_7771.json,data/haunted_places_jsons_subset/haunted_place_9145.json,0.5
data/haunted_places_jsons_subset/haunted_place_7771.json,data/haunted_places_jsons_subset/haunted_place_1575.json,0.5
data/haunted_places_jsons_subset/haunted_place_7771.json,data/haunted_places_jsons_subset/haunted_place_3548.json,0.5
data/haunted_places_jsons_subset/haunted_place_7771.json,data/haunted_places_jsons_subset/haunted_place_9450.json,0.5
data/haunted_places_jsons_subset/haunted_place_7771.json,data/haunted_places_jsons_subset/haunted_place_4798.json,0.6363636363636364
data/haunted_places_jsons_subset/haunted_place_7771.json,data/haunted_places_jsons_subset/haunted_place_1060.json,0.5
data/haunted_places_jsons_subset/haunted_place_7771.json,data/haunted_places_jsons_subset/haunted_place_4262.json,0.5
data/haunted_places_jsons_subset/haunted_place_7771.json,data/haunted_places_jsons_subset/haunted_place_10122.json,0.5
data/haunted_places_jsons_subset/haunted_place_7771.json,data/haunted_places_jsons_subset/haunted_place_10088.json,0.5
data/haunted_places_jsons_subset/haunted_place_7771.json,data/haunted_places_jsons_subset/haunted_place_9000.json,0.5
data/haunted_places_jsons_subset/haunted_place_7771.json,data/haunted_places_jsons_subset/haunted_place_1430.json,0.5
data/haunted_places_jsons_subset/haunted_place_7771.json,data/haunted_places_jsons_subset/haunted_place_5920.json,0.5
data/haunted_places_jsons_subset/haunted_place_7771.json,data/haunted_places_jsons_subset/haunted_place_4632.json,0.6363636363636364
data/haunted_places_jsons_subset/haunted_place_7771.json,data/haunted_places_jsons_subset/haunted_place_10572.json,0.5
data/haunted_places_jsons_subset/haunted_place_7771.json,data/haunted_places_jsons_subset/haunted_place_8241.json,0.5
data/haunted_places_jsons_subset/haunted_place_7771.json,data/haunted_places_jsons_subset/haunted_place_1963.json,0.5
data/haunted_places_jsons_subset/haunted_place_7771.json,data/haunted_places_jsons_subset/haunted_place_5189.json,0.6363636363636364
data/haunted_places_jsons_subset/haunted_place_7771.json,data/haunted_places_jsons_subset/haunted_place_5473.json,0.5
data/haunted_places_jsons_subset/haunted_place_7771.json,data/haunted_places_jsons_subset/haunted_place_10821.json,0.5
data/haunted_places_jsons_subset/haunted_place_7771.json,data/haunted_places_jsons_subset/haunted_place_9903.json,0.5
data/haunted_places_jsons_subset/haunted_place_7771.json,data/haunted_places_jsons_subset/haunted_place_8611.json,0.6363636363636364
data/haunted_places_jsons_subset/haunted_place_7771.json,data/haunted_places_jsons_subset/haunted_place_5023.json,0.6363636363636364
data/haunted_places_jsons_subset/haunted_place_7771.json,data/haunted_places_jsons_subset/haunted_place_5234.json,0.5
data/haunted_places_jsons_subset/haunted_place_7771.json,data/haunted_places_jsons_subset/haunted_place_7209.json,0.6363636363636364
data/haunted_places_jsons_subset/haunted_place_7771.json,data/haunted_places_jsons_subset/haunted_place_8406.json,0.5
data/haunted_places_jsons_subset/haunted_place_7771.json,data/haunted_places_jsons_subset/haunted_place_5664.json,0.5
data/haunted_places_jsons_subset/haunted_place_7771.json,data/haunted_places_jsons_subset/haunted_place_7659.json,0.6363636363636364
data/haunted_places_jsons_subset/haunted_place_7771.json,data/haunted_places_jsons_subset/haunted_place_4976.json,0.5
data/haunted_places_jsons_subset/haunted_place_7771.json,data/haunted_places_jsons_subset/haunted_place_8056.json,0.5
data/haunted_places_jsons_subset/haunted_place_7771.json,data/haunted_places_jsons_subset/haunted_place_6418.json,0.5
data/haunted_places_jsons_subset/haunted_place_7771.json,data/haunted_places_jsons_subset/haunted_place_4425.json,0.5
data/haunted_places_jsons_subset/haunted_place_7771.json,data/haunted_places_jsons_subset/haunted_place_10765.json,0.6363636363636364
data/haunted_places_jsons_subset/haunted_place_7771.json,data/haunted_places_jsons_subset/haunted_place_9217.json,0.5
data/haunted_places_jsons_subset/haunted_place_7771.json,data/haunted_places_jsons_subset/haunted_place_1627.json,0.5
data/haunted_places_jsons_subset/haunted_place_7771.json,data/haunted_places_jsons_subset/haunted_place_2908.json,0.6363636363636364
data/haunted_places_jsons_subset/haunted_place_7771.json,data/haunted_places_jsons_subset/haunted_place_859.json,0.5
data/haunted_places_jsons_subset/haunted_place_7771.json,data/haunted_places_jsons_subset/haunted_place_6048.json,0.6363636363636364
data/haunted_places_jsons_subset/haunted_place_7771.json,data/haunted_places_jsons_subset/haunted_place_4075.json,0.5
data/haunted_places_jsons_subset/haunted_place_7771.json,data/haunted_places_jsons_subset/haunted_place_10335.json,0.5
data/haunted_places_jsons_subset/haunted_place_7771.json,data/haunted_places_jsons_subset/haunted_place_9647.json,0.5
data/haunted_places_jsons_subset/haunted_place_7771.json,data/haunted_places_jsons_subset/haunted_place_8955.json,0.5
data/haunted_places_jsons_subset/haunted_place_7771.json,data/haunted_places_jsons_subset/haunted_place_1277.json,0.5
data/haunted_places_jsons_subset/haunted_place_7771.json,data/haunted_places_jsons_subset/haunted_place_9352.json,0.5
data/haunted_places_jsons_subset/haunted_place_7771.json,data/haunted_places_jsons_subset/haunted_place_1762.json,0.5
data/haunted_places_jsons_subset/haunted_place_7771.json,data/haunted_places_jsons_subset/haunted_place_1298.json,0.5
data/haunted_places_jsons_subset/haunted_place_7771.json,data/haunted_places_jsons_subset/haunted_place_4560.json,0.5
data/haunted_places_jsons_subset/haunted_place_7771.json,data/haunted_places_jsons_subset/haunted_place_10620.json,0.6363636363636364
data/haunted_places_jsons_subset/haunted_place_7771.json,data/haunted_places_jsons_subset/haunted_place_9702.json,0.5
data/haunted_places_jsons_subset/haunted_place_7771.json,data/haunted_places_jsons_subset/haunted_place_8810.json,0.5
data/haunted_places_jsons_subset/haunted_place_7771.json,data/haunted_places_jsons_subset/haunted_place_1332.json,0.5
data/haunted_places_jsons_subset/haunted_place_7771.json,data/haunted_places_jsons_subset/haunted_place_4130.json,0.5
data/haunted_places_jsons_subset/haunted_place_7771.json,data/haunted_places_jsons_subset/haunted_place_10270.json,0.6363636363636364
data/haunted_places_jsons_subset/haunted_place_7771.json,data/haunted_places_jsons_subset/haunted_place_8543.json,0.5
data/haunted_places_jsons_subset/haunted_place_7771.json,data/haunted_places_jsons_subset/haunted_place_4999.json,0.5
data/haunted_places_jsons_subset/haunted_place_7771.json,data/haunted_places_jsons_subset/haunted_place_5371.json,0.5
data/haunted_places_jsons_subset/haunted_place_7771.json,data/haunted_places_jsons_subset/haunted_place_8113.json,0.5
data/haunted_places_jsons_subset/haunted_place_7771.json,data/haunted_places_jsons_subset/haunted_place_5721.json,0.5
data/haunted_places_jsons_subset/haunted_place_7771.json,data/haunted_places_jsons_subset/haunted_place_4833.json,0.5
data/haunted_places_jsons_subset/haunted_place_7771.json,data/haunted_places_jsons_subset/haunted_place_3026.json,0.5
data/haunted_places_jsons_subset/haunted_place_7771.json,data/haunted_places_jsons_subset/haunted_place_10159.json,0.5
data/haunted_places_jsons_subset/haunted_place_7771.json,data/haunted_places_jsons_subset/haunted_place_4219.json,0.6363636363636364
data/haunted_places_jsons_subset/haunted_place_7771.json,data/haunted_places_jsons_subset/haunted_place_6224.json,0.5
data/haunted_places_jsons_subset/haunted_place_7771.json,data/haunted_places_jsons_subset/haunted_place_3476.json,0.5
data/haunted_places_jsons_subset/haunted_place_7771.json,data/haunted_places_jsons_subset/haunted_place_10509.json,0.5
data/haunted_places_jsons_subset/haunted_place_7771.json,data/haunted_places_jsons_subset/haunted_place_9581.json,0.5
data/haunted_places_jsons_subset/haunted_place_7771.json,data/haunted_places_jsons_subset/haunted_place_7966.json,0.6363636363636364
data/haunted_places_jsons_subset/haunted_place_7771.json,data/haunted_places_jsons_subset/haunted_place_4649.json,0.5
data/haunted_places_jsons_subset/haunted_place_7771.json,data/haunted_places_jsons_subset/haunted_place_6674.json,0.5
data/haunted_places_jsons_subset/haunted_place_7771.json,data/haunted_places_jsons_subset/haunted_place_1918.json,0.5
data/haunted_places_jsons_subset/haunted_place_7771.json,data/haunted_places_jsons_subset/haunted_place_3925.json,0.6363636363636364
data/haunted_places_jsons_subset/haunted_place_7771.json,data/haunted_places_jsons_subset/haunted_place_2637.json,0.6363636363636364
data/haunted_places_jsons_subset/haunted_place_7771.json,data/haunted_places_jsons_subset/haunted_place_76.json,0.5
data/haunted_places_jsons_subset/haunted_place_7771.json,data/haunted_places_jsons_subset/haunted_place_7435.json,0.6363636363636364
data/haunted_places_jsons_subset/haunted_place_7771.json,data/haunted_places_jsons_subset/haunted_place_5408.json,0.5
data/haunted_places_jsons_subset/haunted_place_7771.json,data/haunted_places_jsons_subset/haunted_place_336.json,0.5
data/haunted_places_jsons_subset/haunted_place_7771.json,data/haunted_places_jsons_subset/haunted_place_2267.json,0.5
data/haunted_places_jsons_subset/haunted_place_7771.json,data/haunted_places_jsons_subset/haunted_place_9978.json,0.5
data/haunted_places_jsons_subset/haunted_place_7771.json,data/haunted_places_jsons_subset/haunted_place_8390.json,0.5
data/haunted_places_jsons_subset/haunted_place_7771.json,data/haunted_places_jsons_subset/haunted_place_766.json,0.5
data/haunted_places_jsons_subset/haunted_place_7771.json,data/haunted_places_jsons_subset/haunted_place_7065.json,0.5
data/haunted_places_jsons_subset/haunted_place_7771.json,data/haunted_places_jsons_subset/haunted_place_5058.json,0.6363636363636364
data/haunted_places_jsons_subset/haunted_place_7771.json,data/haunted_places_jsons_subset/haunted_place_9997.json,0.6363636363636364
data/haunted_places_jsons_subset/haunted_place_7771.json,data/haunted_places_jsons_subset/haunted_place_8685.json,0.6363636363636364
data/haunted_places_jsons_subset/haunted_place_7771.json,data/haunted_places_jsons_subset/haunted_place_7570.json,0.5
data/haunted_places_jsons_subset/haunted_place_7771.json,data/haunted_places_jsons_subset/haunted_place_2288.json,0.5
data/haunted_places_jsons_subset/haunted_place_7771.json,data/haunted_places_jsons_subset/haunted_place_273.json,0.5
data/haunted_places_jsons_subset/haunted_place_7771.json,data/haunted_places_jsons_subset/haunted_place_3860.json,0.5
data/haunted_places_jsons_subset/haunted_place_7771.json,data/haunted_places_jsons_subset/haunted_place_789.json,0.5
data/haunted_places_jsons_subset/haunted_place_7771.json,data/haunted_places_jsons_subset/haunted_place_2772.json,0.6363636363636364
data/haunted_places_jsons_subset/haunted_place_7771.json,data/haunted_places_jsons_subset/haunted_place_623.json,0.6363636363636364
data/haunted_places_jsons_subset/haunted_place_7771.json,data/haunted_places_jsons_subset/haunted_place_7120.json,0.5
data/haunted_places_jsons_subset/haunted_place_7771.json,data/haunted_places_jsons_subset/haunted_place_2322.json,0.5
data/haunted_places_jsons_subset/haunted_place_7771.json,data/haunted_places_jsons_subset/haunted_place_99.json,0.5
data/haunted_places_jsons_subset/haunted_place_7771.json,data/haunted_places_jsons_subset/haunted_place_9094.json,0.5
data/haunted_places_jsons_subset/haunted_place_7771.json,data/haunted_places_jsons_subset/haunted_place_6361.json,0.6363636363636364
data/haunted_places_jsons_subset/haunted_place_7771.json,data/haunted_places_jsons_subset/haunted_place_3499.json,0.5
data/haunted_places_jsons_subset/haunted_place_7771.json,data/haunted_places_jsons_subset/haunted_place_7989.json,0.5
data/haunted_places_jsons_subset/haunted_place_7771.json,data/haunted_places_jsons_subset/haunted_place_3163.json,0.5
data/haunted_places_jsons_subset/haunted_place_7771.json,data/haunted_places_jsons_subset/haunted_place_7823.json,0.6363636363636364
data/haunted_places_jsons_subset/haunted_place_7771.json,data/haunted_places_jsons_subset/haunted_place_6731.json,0.5
data/haunted_places_jsons_subset/haunted_place_7771.json,data/haunted_places_jsons_subset/haunted_place_3533.json,0.5
data/haunted_places_jsons_subset/haunted_place_7771.json,data/haunted_places_jsons_subset/haunted_place_10698.json,0.5
data/haunted_places_jsons_subset/haunted_place_7771.json,data/haunted_places_jsons_subset/haunted_place_9610.json,0.5
data/haunted_places_jsons_subset/haunted_place_7771.json,data/haunted_places_jsons_subset/haunted_place_8902.json,0.6363636363636364
data/haunted_places_jsons_subset/haunted_place_7771.json,data/haunted_places_jsons_subset/haunted_place_1220.json,0.5
data/haunted_places_jsons_subset/haunted_place_7771.json,data/haunted_places_jsons_subset/haunted_place_4022.json,0.5
data/haunted_places_jsons_subset/haunted_place_7771.json,data/haunted_places_jsons_subset/haunted_place_10362.json,0.6363636363636364
data/haunted_places_jsons_subset/haunted_place_7771.json,data/haunted_places_jsons_subset/haunted_place_9240.json,0.5
data/haunted_places_jsons_subset/haunted_place_7771.json,data/haunted_places_jsons_subset/haunted_place_4188.json,0.5
data/haunted_places_jsons_subset/haunted_place_7771.json,data/haunted_places_jsons_subset/haunted_place_1670.json,0.5
data/haunted_places_jsons_subset/haunted_place_7771.json,data/haunted_places_jsons_subset/haunted_place_4472.json,0.5
data/haunted_places_jsons_subset/haunted_place_7771.json,data/haunted_places_jsons_subset/haunted_place_10732.json,0.5
data/haunted_places_jsons_subset/haunted_place_7771.json,data/haunted_places_jsons_subset/haunted_place_8001.json,0.5
data/haunted_places_jsons_subset/haunted_place_7771.json,data/haunted_places_jsons_subset/haunted_place_5633.json,0.5
data/haunted_places_jsons_subset/haunted_place_7771.json,data/haunted_places_jsons_subset/haunted_place_4921.json,0.5
data/haunted_places_jsons_subset/haunted_place_7771.json,data/haunted_places_jsons_subset/haunted_place_8451.json,0.5
data/haunted_places_jsons_subset/haunted_place_7771.json,data/haunted_places_jsons_subset/haunted_place_5799.json,0.5
data/haunted_places_jsons_subset/haunted_place_7771.json,data/haunted_places_jsons_subset/haunted_place_5263.json,0.5
data/haunted_places_jsons_subset/haunted_place_7771.json,data/haunted_places_jsons_subset/haunted_place_5776.json,0.5
data/haunted_places_jsons_subset/haunted_place_7771.json,data/haunted_places_jsons_subset/haunted_place_6859.json,0.5
data/haunted_places_jsons_subset/haunted_place_7771.json,data/haunted_places_jsons_subset/haunted_place_4864.json,0.6363636363636364
data/haunted_places_jsons_subset/haunted_place_7771.json,data/haunted_places_jsons_subset/haunted_place_8144.json,0.5
data/haunted_places_jsons_subset/haunted_place_7771.json,data/haunted_places_jsons_subset/haunted_place_2549.json,0.5
data/haunted_places_jsons_subset/haunted_place_7771.json,data/haunted_places_jsons_subset/haunted_place_418.json,0.5
data/haunted_places_jsons_subset/haunted_place_7771.json,data/haunted_places_jsons_subset/haunted_place_5326.json,0.5
data/haunted_places_jsons_subset/haunted_place_7771.json,data/haunted_places_jsons_subset/haunted_place_8514.json,0.5
data/haunted_places_jsons_subset/haunted_place_7771.json,data/haunted_places_jsons_subset/haunted_place_2119.json,0.6363636363636364
data/haunted_places_jsons_subset/haunted_place_7771.json,data/haunted_places_jsons_subset/haunted_place_4167.json,0.5
data/haunted_places_jsons_subset/haunted_place_7771.json,data/haunted_places_jsons_subset/haunted_place_10227.json,0.5
data/haunted_places_jsons_subset/haunted_place_7771.json,data/haunted_places_jsons_subset/haunted_place_9755.json,0.5
data/haunted_places_jsons_subset/haunted_place_7771.json,data/haunted_places_jsons_subset/haunted_place_8847.json,0.5
data/haunted_places_jsons_subset/haunted_place_7771.json,data/haunted_places_jsons_subset/haunted_place_3358.json,0.5
data/haunted_places_jsons_subset/haunted_place_7771.json,data/haunted_places_jsons_subset/haunted_place_1365.json,0.5
data/haunted_places_jsons_subset/haunted_place_7771.json,data/haunted_places_jsons_subset/haunted_place_4537.json,0.6363636363636364
data/haunted_places_jsons_subset/haunted_place_7771.json,data/haunted_places_jsons_subset/haunted_place_10677.json,0.5
data/haunted_places_jsons_subset/haunted_place_7771.json,data/haunted_places_jsons_subset/haunted_place_9305.json,0.5
data/haunted_places_jsons_subset/haunted_place_7771.json,data/haunted_places_jsons_subset/haunted_place_3708.json,0.6363636363636364
data/haunted_places_jsons_subset/haunted_place_7771.json,data/haunted_places_jsons_subset/haunted_place_1735.json,0.5
data/haunted_places_jsons_subset/haunted_place_7771.json,data/haunted_places_jsons_subset/haunted_place_731.json,0.5
data/haunted_places_jsons_subset/haunted_place_7771.json,data/haunted_places_jsons_subset/haunted_place_7032.json,0.6363636363636364
data/haunted_places_jsons_subset/haunted_place_7771.json,data/haunted_places_jsons_subset/haunted_place_2230.json,0.5
data/haunted_places_jsons_subset/haunted_place_7771.json,data/haunted_places_jsons_subset/haunted_place_9885.json,0.5
data/haunted_places_jsons_subset/haunted_place_7771.json,data/haunted_places_jsons_subset/haunted_place_8797.json,0.5
data/haunted_places_jsons_subset/haunted_place_7771.json,data/haunted_places_jsons_subset/haunted_place_21.json,0.5
data/haunted_places_jsons_subset/haunted_place_7771.json,data/haunted_places_jsons_subset/haunted_place_7462.json,0.5
data/haunted_places_jsons_subset/haunted_place_7771.json,data/haunted_places_jsons_subset/haunted_place_361.json,0.5
data/haunted_places_jsons_subset/haunted_place_7771.json,data/haunted_places_jsons_subset/haunted_place_3972.json,0.5
data/haunted_places_jsons_subset/haunted_place_7771.json,data/haunted_places_jsons_subset/haunted_place_2660.json,0.5
data/haunted_places_jsons_subset/haunted_place_7771.json,data/haunted_places_jsons_subset/haunted_place_7198.json,0.5
data/haunted_places_jsons_subset/haunted_place_7771.json,data/haunted_places_jsons_subset/haunted_place_7931.json,0.5
data/haunted_places_jsons_subset/haunted_place_7771.json,data/haunted_places_jsons_subset/haunted_place_6623.json,0.5
data/haunted_places_jsons_subset/haunted_place_7771.json,data/haunted_places_jsons_subset/haunted_place_3421.json,0.5
data/haunted_places_jsons_subset/haunted_place_7771.json,data/haunted_places_jsons_subset/haunted_place_9186.json,0.5
data/haunted_places_jsons_subset/haunted_place_7771.json,data/haunted_places_jsons_subset/haunted_place_6273.json,0.5
data/haunted_places_jsons_subset/haunted_place_7771.json,data/haunted_places_jsons_subset/haunted_place_3071.json,0.5
data/haunted_places_jsons_subset/haunted_place_7771.json,data/haunted_places_jsons_subset/haunted_place_6789.json,0.5
data/haunted_places_jsons_subset/haunted_place_7771.json,data/haunted_places_jsons_subset/haunted_place_1559.json,0.6363636363636364
data/haunted_places_jsons_subset/haunted_place_7771.json,data/haunted_places_jsons_subset/haunted_place_3564.json,0.5
data/haunted_places_jsons_subset/haunted_place_7771.json,data/haunted_places_jsons_subset/haunted_place_9169.json,0.5
data/haunted_places_jsons_subset/haunted_place_7771.json,data/haunted_places_jsons_subset/haunted_place_9493.json,0.5
data/haunted_places_jsons_subset/haunted_place_7771.json,data/haunted_places_jsons_subset/haunted_place_7874.json,0.6363636363636364
data/haunted_places_jsons_subset/haunted_place_7771.json,data/haunted_places_jsons_subset/haunted_place_5849.json,0.6363636363636364
data/haunted_places_jsons_subset/haunted_place_7771.json,data/haunted_places_jsons_subset/haunted_place_6766.json,0.6363636363636364
data/haunted_places_jsons_subset/haunted_place_7771.json,data/haunted_places_jsons_subset/haunted_place_1109.json,0.6363636363636364
data/haunted_places_jsons_subset/haunted_place_7771.json,data/haunted_places_jsons_subset/haunted_place_3134.json,0.5
data/haunted_places_jsons_subset/haunted_place_7771.json,data/haunted_places_jsons_subset/haunted_place_9539.json,0.5
data/haunted_places_jsons_subset/haunted_place_7771.json,data/haunted_places_jsons_subset/haunted_place_6336.json,0.6363636363636364
data/haunted_places_jsons_subset/haunted_place_7771.json,data/haunted_places_jsons_subset/haunted_place_2375.json,0.6363636363636364
data/haunted_places_jsons_subset/haunted_place_7771.json,data/haunted_places_jsons_subset/haunted_place_8778.json,0.5
data/haunted_places_jsons_subset/haunted_place_7771.json,data/haunted_places_jsons_subset/haunted_place_8282.json,0.6363636363636364
data/haunted_places_jsons_subset/haunted_place_7771.json,data/haunted_places_jsons_subset/haunted_place_674.json,0.5
data/haunted_places_jsons_subset/haunted_place_7771.json,data/haunted_places_jsons_subset/haunted_place_7177.json,0.6363636363636364
data/haunted_places_jsons_subset/haunted_place_7771.json,data/haunted_places_jsons_subset/haunted_place_3837.json,0.5
data/haunted_places_jsons_subset/haunted_place_7771.json,data/haunted_places_jsons_subset/haunted_place_2725.json,0.5
data/haunted_places_jsons_subset/haunted_place_7771.json,data/haunted_places_jsons_subset/haunted_place_8328.json,0.5
data/haunted_places_jsons_subset/haunted_place_7771.json,data/haunted_places_jsons_subset/haunted_place_10948.json,0.6363636363636364
data/haunted_places_jsons_subset/haunted_place_7771.json,data/haunted_places_jsons_subset/haunted_place_7527.json,0.5
data/haunted_places_jsons_subset/haunted_place_7771.json,data/haunted_places_jsons_subset/haunted_place_224.json,0.6363636363636364
data/haunted_places_jsons_subset/haunted_place_7771.json,data/haunted_places_jsons_subset/haunted_place_7248.json,0.5
data/haunted_places_jsons_subset/haunted_place_7771.json,data/haunted_places_jsons_subset/haunted_place_5275.json,0.5
data/haunted_places_jsons_subset/haunted_place_7771.json,data/haunted_places_jsons_subset/haunted_place_8447.json,0.5
data/haunted_places_jsons_subset/haunted_place_7771.json,data/haunted_places_jsons_subset/haunted_place_4937.json,0.5
data/haunted_places_jsons_subset/haunted_place_7771.json,data/haunted_places_jsons_subset/haunted_place_7618.json,0.5
data/haunted_places_jsons_subset/haunted_place_7771.json,data/haunted_places_jsons_subset/haunted_place_5625.json,0.5
data/haunted_places_jsons_subset/haunted_place_7771.json,data/haunted_places_jsons_subset/haunted_place_8017.json,0.5
data/haunted_places_jsons_subset/haunted_place_7771.json,data/haunted_places_jsons_subset/haunted_place_10724.json,0.5
data/haunted_places_jsons_subset/haunted_place_7771.json,data/haunted_places_jsons_subset/haunted_place_4464.json,0.5
data/haunted_places_jsons_subset/haunted_place_7771.json,data/haunted_places_jsons_subset/haunted_place_6459.json,0.5
data/haunted_places_jsons_subset/haunted_place_7771.json,data/haunted_places_jsons_subset/haunted_place_2949.json,0.6363636363636364
data/haunted_places_jsons_subset/haunted_place_7771.json,data/haunted_places_jsons_subset/haunted_place_1666.json,0.5
data/haunted_places_jsons_subset/haunted_place_7771.json,data/haunted_places_jsons_subset/haunted_place_9256.json,0.5
data/haunted_places_jsons_subset/haunted_place_7771.json,data/haunted_places_jsons_subset/haunted_place_10374.json,0.6363636363636364
data/haunted_places_jsons_subset/haunted_place_7771.json,data/haunted_places_jsons_subset/haunted_place_4034.json,0.6363636363636364
data/haunted_places_jsons_subset/haunted_place_7771.json,data/haunted_places_jsons_subset/haunted_place_6009.json,0.5
data/haunted_places_jsons_subset/haunted_place_7771.json,data/haunted_places_jsons_subset/haunted_place_818.json,0.5
data/haunted_places_jsons_subset/haunted_place_7771.json,data/haunted_places_jsons_subset/haunted_place_1236.json,0.5
data/haunted_places_jsons_subset/haunted_place_7771.json,data/haunted_places_jsons_subset/haunted_place_8914.json,0.5
data/haunted_places_jsons_subset/haunted_place_7771.json,data/haunted_places_jsons_subset/haunted_place_9606.json,0.5
data/haunted_places_jsons_subset/haunted_place_7771.json,data/haunted_places_jsons_subset/haunted_place_1723.json,0.5
data/haunted_places_jsons_subset/haunted_place_7771.json,data/haunted_places_jsons_subset/haunted_place_9313.json,0.5
data/haunted_places_jsons_subset/haunted_place_7771.json,data/haunted_places_jsons_subset/haunted_place_10661.json,0.6363636363636364
data/haunted_places_jsons_subset/haunted_place_7771.json,data/haunted_places_jsons_subset/haunted_place_4521.json,0.5
data/haunted_places_jsons_subset/haunted_place_7771.json,data/haunted_places_jsons_subset/haunted_place_1373.json,0.6363636363636364
data/haunted_places_jsons_subset/haunted_place_7771.json,data/haunted_places_jsons_subset/haunted_place_8851.json,0.5
data/haunted_places_jsons_subset/haunted_place_7771.json,data/haunted_places_jsons_subset/haunted_place_9743.json,0.5
data/haunted_places_jsons_subset/haunted_place_7771.json,data/haunted_places_jsons_subset/haunted_place_10231.json,0.5
data/haunted_places_jsons_subset/haunted_place_7771.json,data/haunted_places_jsons_subset/haunted_place_1689.json,0.6363636363636364
data/haunted_places_jsons_subset/haunted_place_7771.json,data/haunted_places_jsons_subset/haunted_place_4171.json,0.5
data/haunted_places_jsons_subset/haunted_place_7771.json,data/haunted_places_jsons_subset/haunted_place_8502.json,0.5
data/haunted_places_jsons_subset/haunted_place_7771.json,data/haunted_places_jsons_subset/haunted_place_5330.json,0.5
data/haunted_places_jsons_subset/haunted_place_7771.json,data/haunted_places_jsons_subset/haunted_place_8152.json,0.6363636363636364
data/haunted_places_jsons_subset/haunted_place_7771.json,data/haunted_places_jsons_subset/haunted_place_4872.json,0.5
data/haunted_places_jsons_subset/haunted_place_7771.json,data/haunted_places_jsons_subset/haunted_place_5760.json,0.5
data/haunted_places_jsons_subset/haunted_place_7771.json,data/haunted_places_jsons_subset/haunted_place_3067.json,0.5
data/haunted_places_jsons_subset/haunted_place_7771.json,data/haunted_places_jsons_subset/haunted_place_6265.json,0.6363636363636364
data/haunted_places_jsons_subset/haunted_place_7771.json,data/haunted_places_jsons_subset/haunted_place_4258.json,0.5
data/haunted_places_jsons_subset/haunted_place_7771.json,data/haunted_places_jsons_subset/haunted_place_10118.json,0.5
data/haunted_places_jsons_subset/haunted_place_7771.json,data/haunted_places_jsons_subset/haunted_place_9190.json,0.5
data/haunted_places_jsons_subset/haunted_place_7771.json,data/haunted_places_jsons_subset/haunted_place_3437.json,0.5
data/haunted_places_jsons_subset/haunted_place_7771.json,data/haunted_places_jsons_subset/haunted_place_6635.json,0.6363636363636364
data/haunted_places_jsons_subset/haunted_place_7771.json,data/haunted_places_jsons_subset/haunted_place_4608.json,0.5
data/haunted_places_jsons_subset/haunted_place_7771.json,data/haunted_places_jsons_subset/haunted_place_7927.json,0.5
data/haunted_places_jsons_subset/haunted_place_7771.json,data/haunted_places_jsons_subset/haunted_place_10548.json,0.6363636363636364
data/haunted_places_jsons_subset/haunted_place_7771.json,data/haunted_places_jsons_subset/haunted_place_2676.json,0.5
data/haunted_places_jsons_subset/haunted_place_7771.json,data/haunted_places_jsons_subset/haunted_place_3964.json,0.5
data/haunted_places_jsons_subset/haunted_place_7771.json,data/haunted_places_jsons_subset/haunted_place_1959.json,0.5
data/haunted_places_jsons_subset/haunted_place_7771.json,data/haunted_places_jsons_subset/haunted_place_377.json,0.5
data/haunted_places_jsons_subset/haunted_place_7771.json,data/haunted_places_jsons_subset/haunted_place_5449.json,0.5
data/haunted_places_jsons_subset/haunted_place_7771.json,data/haunted_places_jsons_subset/haunted_place_7474.json,0.6363636363636364
data/haunted_places_jsons_subset/haunted_place_7771.json,data/haunted_places_jsons_subset/haunted_place_8781.json,0.5
data/haunted_places_jsons_subset/haunted_place_7771.json,data/haunted_places_jsons_subset/haunted_place_37.json,0.5
data/haunted_places_jsons_subset/haunted_place_7771.json,data/haunted_places_jsons_subset/haunted_place_9893.json,0.5
data/haunted_places_jsons_subset/haunted_place_7771.json,data/haunted_places_jsons_subset/haunted_place_9939.json,0.6363636363636364
data/haunted_places_jsons_subset/haunted_place_7771.json,data/haunted_places_jsons_subset/haunted_place_2226.json,0.6363636363636364
data/haunted_places_jsons_subset/haunted_place_7771.json,data/haunted_places_jsons_subset/haunted_place_5019.json,0.5
data/haunted_places_jsons_subset/haunted_place_7771.json,data/haunted_places_jsons_subset/haunted_place_7024.json,0.5
data/haunted_places_jsons_subset/haunted_place_7771.json,data/haunted_places_jsons_subset/haunted_place_727.json,0.5
data/haunted_places_jsons_subset/haunted_place_7771.json,data/haunted_places_jsons_subset/haunted_place_232.json,0.6363636363636364
data/haunted_places_jsons_subset/haunted_place_7771.json,data/haunted_places_jsons_subset/haunted_place_7531.json,0.5
data/haunted_places_jsons_subset/haunted_place_7771.json,data/haunted_places_jsons_subset/haunted_place_2733.json,0.5
data/haunted_places_jsons_subset/haunted_place_7771.json,data/haunted_places_jsons_subset/haunted_place_3821.json,0.5
data/haunted_places_jsons_subset/haunted_place_7771.json,data/haunted_places_jsons_subset/haunted_place_7161.json,0.5
data/haunted_places_jsons_subset/haunted_place_7771.json,data/haunted_places_jsons_subset/haunted_place_2699.json,0.5
data/haunted_places_jsons_subset/haunted_place_7771.json,data/haunted_places_jsons_subset/haunted_place_662.json,0.5
data/haunted_places_jsons_subset/haunted_place_7771.json,data/haunted_places_jsons_subset/haunted_place_8294.json,0.6363636363636364
data/haunted_places_jsons_subset/haunted_place_7771.json,data/haunted_places_jsons_subset/haunted_place_398.json,0.5
data/haunted_places_jsons_subset/haunted_place_7771.json,data/haunted_places_jsons_subset/haunted_place_2363.json,0.5
data/haunted_places_jsons_subset/haunted_place_7771.json,data/haunted_places_jsons_subset/haunted_place_6320.json,0.5
data/haunted_places_jsons_subset/haunted_place_7771.json,data/haunted_places_jsons_subset/haunted_place_3122.json,0.6363636363636364
data/haunted_places_jsons_subset/haunted_place_7771.json,data/haunted_places_jsons_subset/haunted_place_6770.json,0.5
data/haunted_places_jsons_subset/haunted_place_7771.json,data/haunted_places_jsons_subset/haunted_place_3088.json,0.6363636363636364
data/haunted_places_jsons_subset/haunted_place_7771.json,data/haunted_places_jsons_subset/haunted_place_7862.json,0.5
data/haunted_places_jsons_subset/haunted_place_7771.json,data/haunted_places_jsons_subset/haunted_place_9485.json,0.5
data/haunted_places_jsons_subset/haunted_place_7771.json,data/haunted_places_jsons_subset/haunted_place_3572.json,0.6363636363636364
data/haunted_places_jsons_subset/haunted_place_7771.json,data/haunted_places_jsons_subset/haunted_place_4599.json,0.5
data/haunted_places_jsons_subset/haunted_place_7771.json,data/haunted_places_jsons_subset/haunted_place_1261.json,0.5
data/haunted_places_jsons_subset/haunted_place_7771.json,data/haunted_places_jsons_subset/haunted_place_8943.json,0.6363636363636364
data/haunted_places_jsons_subset/haunted_place_7771.json,data/haunted_places_jsons_subset/haunted_place_9651.json,0.6363636363636364
data/haunted_places_jsons_subset/haunted_place_7771.json,data/haunted_places_jsons_subset/haunted_place_10323.json,0.5
data/haunted_places_jsons_subset/haunted_place_7771.json,data/haunted_places_jsons_subset/haunted_place_4063.json,0.5
data/haunted_places_jsons_subset/haunted_place_7771.json,data/haunted_places_jsons_subset/haunted_place_1631.json,0.6363636363636364
data/haunted_places_jsons_subset/haunted_place_7771.json,data/haunted_places_jsons_subset/haunted_place_10289.json,0.6363636363636364
data/haunted_places_jsons_subset/haunted_place_7771.json,data/haunted_places_jsons_subset/haunted_place_9201.json,0.5
data/haunted_places_jsons_subset/haunted_place_7771.json,data/haunted_places_jsons_subset/haunted_place_10773.json,0.5
data/haunted_places_jsons_subset/haunted_place_7771.json,data/haunted_places_jsons_subset/haunted_place_4433.json,0.5
data/haunted_places_jsons_subset/haunted_place_7771.json,data/haunted_places_jsons_subset/haunted_place_5388.json,0.6363636363636364
data/haunted_places_jsons_subset/haunted_place_7771.json,data/haunted_places_jsons_subset/haunted_place_8040.json,0.5
data/haunted_places_jsons_subset/haunted_place_7771.json,data/haunted_places_jsons_subset/haunted_place_4960.json,0.5
data/haunted_places_jsons_subset/haunted_place_7771.json,data/haunted_places_jsons_subset/haunted_place_5672.json,0.5
data/haunted_places_jsons_subset/haunted_place_7771.json,data/haunted_places_jsons_subset/haunted_place_8410.json,0.5
data/haunted_places_jsons_subset/haunted_place_7771.json,data/haunted_places_jsons_subset/haunted_place_5222.json,0.6363636363636364
data/haunted_places_jsons_subset/haunted_place_7771.json,data/haunted_places_jsons_subset/haunted_place_4825.json,0.5
data/haunted_places_jsons_subset/haunted_place_7771.json,data/haunted_places_jsons_subset/haunted_place_6818.json,0.6363636363636364
data/haunted_places_jsons_subset/haunted_place_7771.json,data/haunted_places_jsons_subset/haunted_place_5737.json,0.5
data/haunted_places_jsons_subset/haunted_place_7771.json,data/haunted_places_jsons_subset/haunted_place_2508.json,0.5
data/haunted_places_jsons_subset/haunted_place_7771.json,data/haunted_places_jsons_subset/haunted_place_8105.json,0.6363636363636364
data/haunted_places_jsons_subset/haunted_place_7771.json,data/haunted_places_jsons_subset/haunted_place_5367.json,0.5
data/haunted_places_jsons_subset/haunted_place_7771.json,data/haunted_places_jsons_subset/haunted_place_459.json,0.5
data/haunted_places_jsons_subset/haunted_place_7771.json,data/haunted_places_jsons_subset/haunted_place_2158.json,0.5
data/haunted_places_jsons_subset/haunted_place_7771.json,data/haunted_places_jsons_subset/haunted_place_8555.json,0.6363636363636364
data/haunted_places_jsons_subset/haunted_place_7771.json,data/haunted_places_jsons_subset/haunted_place_10266.json,0.5
data/haunted_places_jsons_subset/haunted_place_7771.json,data/haunted_places_jsons_subset/haunted_place_4126.json,0.5
data/haunted_places_jsons_subset/haunted_place_7771.json,data/haunted_places_jsons_subset/haunted_place_1324.json,0.5
data/haunted_places_jsons_subset/haunted_place_7771.json,data/haunted_places_jsons_subset/haunted_place_3319.json,0.5
data/haunted_places_jsons_subset/haunted_place_7771.json,data/haunted_places_jsons_subset/haunted_place_8806.json,0.5
data/haunted_places_jsons_subset/haunted_place_7771.json,data/haunted_places_jsons_subset/haunted_place_9714.json,0.6363636363636364
data/haunted_places_jsons_subset/haunted_place_7771.json,data/haunted_places_jsons_subset/haunted_place_10636.json,0.6363636363636364
data/haunted_places_jsons_subset/haunted_place_7771.json,data/haunted_places_jsons_subset/haunted_place_4576.json,0.5
data/haunted_places_jsons_subset/haunted_place_7771.json,data/haunted_places_jsons_subset/haunted_place_1774.json,0.5
data/haunted_places_jsons_subset/haunted_place_7771.json,data/haunted_places_jsons_subset/haunted_place_3749.json,0.6363636363636364
data/haunted_places_jsons_subset/haunted_place_7771.json,data/haunted_places_jsons_subset/haunted_place_9344.json,0.5
data/haunted_places_jsons_subset/haunted_place_7771.json,data/haunted_places_jsons_subset/haunted_place_7073.json,0.6363636363636364
data/haunted_places_jsons_subset/haunted_place_7771.json,data/haunted_places_jsons_subset/haunted_place_770.json,0.6363636363636364
data/haunted_places_jsons_subset/haunted_place_7771.json,data/haunted_places_jsons_subset/haunted_place_3899.json,0.5
data/haunted_places_jsons_subset/haunted_place_7771.json,data/haunted_places_jsons_subset/haunted_place_8386.json,0.5
data/haunted_places_jsons_subset/haunted_place_7771.json,data/haunted_places_jsons_subset/haunted_place_2271.json,0.5
data/haunted_places_jsons_subset/haunted_place_7771.json,data/haunted_places_jsons_subset/haunted_place_7589.json,0.5
data/haunted_places_jsons_subset/haunted_place_7771.json,data/haunted_places_jsons_subset/haunted_place_320.json,0.5
data/haunted_places_jsons_subset/haunted_place_7771.json,data/haunted_places_jsons_subset/haunted_place_7423.json,0.5
data/haunted_places_jsons_subset/haunted_place_7771.json,data/haunted_places_jsons_subset/haunted_place_60.json,0.5
data/haunted_places_jsons_subset/haunted_place_7771.json,data/haunted_places_jsons_subset/haunted_place_2621.json,0.5
data/haunted_places_jsons_subset/haunted_place_7771.json,data/haunted_places_jsons_subset/haunted_place_3933.json,0.6363636363636364
data/haunted_places_jsons_subset/haunted_place_7771.json,data/haunted_places_jsons_subset/haunted_place_6662.json,0.6363636363636364
data/haunted_places_jsons_subset/haunted_place_7771.json,data/haunted_places_jsons_subset/haunted_place_7970.json,0.5
data/haunted_places_jsons_subset/haunted_place_7771.json,data/haunted_places_jsons_subset/haunted_place_9597.json,0.5
data/haunted_places_jsons_subset/haunted_place_7771.json,data/haunted_places_jsons_subset/haunted_place_3460.json,0.6363636363636364
data/haunted_places_jsons_subset/haunted_place_7771.json,data/haunted_places_jsons_subset/haunted_place_6398.json,0.6363636363636364
data/haunted_places_jsons_subset/haunted_place_7771.json,data/haunted_places_jsons_subset/haunted_place_6232.json,0.5
data/haunted_places_jsons_subset/haunted_place_7771.json,data/haunted_places_jsons_subset/haunted_place_3030.json,0.5
data/haunted_places_jsons_subset/haunted_place_7771.json,data/haunted_places_jsons_subset/haunted_place_9128.json,0.5
data/haunted_places_jsons_subset/haunted_place_7771.json,data/haunted_places_jsons_subset/haunted_place_3525.json,0.6363636363636364
data/haunted_places_jsons_subset/haunted_place_7771.json,data/haunted_places_jsons_subset/haunted_place_1518.json,0.5
data/haunted_places_jsons_subset/haunted_place_7771.json,data/haunted_places_jsons_subset/haunted_place_6727.json,0.5
data/haunted_places_jsons_subset/haunted_place_7771.json,data/haunted_places_jsons_subset/haunted_place_5808.json,0.5
data/haunted_places_jsons_subset/haunted_place_7771.json,data/haunted_places_jsons_subset/haunted_place_7835.json,0.5
data/haunted_places_jsons_subset/haunted_place_7771.json,data/haunted_places_jsons_subset/haunted_place_9578.json,0.6363636363636364
data/haunted_places_jsons_subset/haunted_place_7771.json,data/haunted_places_jsons_subset/haunted_place_3175.json,0.5
data/haunted_places_jsons_subset/haunted_place_7771.json,data/haunted_places_jsons_subset/haunted_place_1148.json,0.5
data/haunted_places_jsons_subset/haunted_place_7771.json,data/haunted_places_jsons_subset/haunted_place_6377.json,0.5
data/haunted_places_jsons_subset/haunted_place_7771.json,data/haunted_places_jsons_subset/haunted_place_9082.json,0.5
data/haunted_places_jsons_subset/haunted_place_7771.json,data/haunted_places_jsons_subset/haunted_place_8739.json,0.6363636363636364
data/haunted_places_jsons_subset/haunted_place_7771.json,data/haunted_places_jsons_subset/haunted_place_2334.json,0.5
data/haunted_places_jsons_subset/haunted_place_7771.json,data/haunted_places_jsons_subset/haunted_place_7136.json,0.5
data/haunted_places_jsons_subset/haunted_place_7771.json,data/haunted_places_jsons_subset/haunted_place_635.json,0.5
data/haunted_places_jsons_subset/haunted_place_7771.json,data/haunted_places_jsons_subset/haunted_place_8369.json,0.5
data/haunted_places_jsons_subset/haunted_place_7771.json,data/haunted_places_jsons_subset/haunted_place_2764.json,0.6363636363636364
data/haunted_places_jsons_subset/haunted_place_7771.json,data/haunted_places_jsons_subset/haunted_place_3876.json,0.6363636363636364
data/haunted_places_jsons_subset/haunted_place_7771.json,data/haunted_places_jsons_subset/haunted_place_265.json,0.5
data/haunted_places_jsons_subset/haunted_place_7771.json,data/haunted_places_jsons_subset/haunted_place_7566.json,0.5
data/haunted_places_jsons_subset/haunted_place_7771.json,data/haunted_places_jsons_subset/haunted_place_8693.json,0.5
data/haunted_places_jsons_subset/haunted_place_7771.json,data/haunted_places_jsons_subset/haunted_place_10909.json,0.6363636363636364
data/haunted_places_jsons_subset/haunted_place_7771.json,data/haunted_places_jsons_subset/haunted_place_9981.json,0.6363636363636364
data/haunted_places_jsons_subset/haunted_place_7771.json,data/haunted_places_jsons_subset/haunted_place_212.json,0.5
data/haunted_places_jsons_subset/haunted_place_7771.json,data/haunted_places_jsons_subset/haunted_place_7511.json,0.6363636363636364
data/haunted_places_jsons_subset/haunted_place_7771.json,data/haunted_places_jsons_subset/haunted_place_2713.json,0.6363636363636364
data/haunted_places_jsons_subset/haunted_place_7771.json,data/haunted_places_jsons_subset/haunted_place_3801.json,0.5
data/haunted_places_jsons_subset/haunted_place_7771.json,data/haunted_places_jsons_subset/haunted_place_7141.json,0.5
data/haunted_places_jsons_subset/haunted_place_7771.json,data/haunted_places_jsons_subset/haunted_place_642.json,0.6363636363636364
data/haunted_places_jsons_subset/haunted_place_7771.json,data/haunted_places_jsons_subset/haunted_place_1996.json,0.5
data/haunted_places_jsons_subset/haunted_place_7771.json,data/haunted_places_jsons_subset/haunted_place_5486.json,0.5
data/haunted_places_jsons_subset/haunted_place_7771.json,data/haunted_places_jsons_subset/haunted_place_2343.json,0.5
data/haunted_places_jsons_subset/haunted_place_7771.json,data/haunted_places_jsons_subset/haunted_place_6300.json,0.5
data/haunted_places_jsons_subset/haunted_place_7771.json,data/haunted_places_jsons_subset/haunted_place_10587.json,0.6363636363636364
data/haunted_places_jsons_subset/haunted_place_7771.json,data/haunted_places_jsons_subset/haunted_place_3102.json,0.5
data/haunted_places_jsons_subset/haunted_place_7771.json,data/haunted_places_jsons_subset/haunted_place_6750.json,0.5
data/haunted_places_jsons_subset/haunted_place_7771.json,data/haunted_places_jsons_subset/haunted_place_1095.json,0.5
data/haunted_places_jsons_subset/haunted_place_7771.json,data/haunted_places_jsons_subset/haunted_place_7842.json,0.5
data/haunted_places_jsons_subset/haunted_place_7771.json,data/haunted_places_jsons_subset/haunted_place_3552.json,0.6363636363636364
data/haunted_places_jsons_subset/haunted_place_7771.json,data/haunted_places_jsons_subset/haunted_place_4297.json,0.5
data/haunted_places_jsons_subset/haunted_place_7771.json,data/haunted_places_jsons_subset/haunted_place_4782.json,0.5
data/haunted_places_jsons_subset/haunted_place_7771.json,data/haunted_places_jsons_subset/haunted_place_3047.json,0.5
data/haunted_places_jsons_subset/haunted_place_7771.json,data/haunted_places_jsons_subset/haunted_place_5890.json,0.5
data/haunted_places_jsons_subset/haunted_place_7771.json,data/haunted_places_jsons_subset/haunted_place_1580.json,0.6363636363636364
data/haunted_places_jsons_subset/haunted_place_7771.json,data/haunted_places_jsons_subset/haunted_place_4278.json,0.5
data/haunted_places_jsons_subset/haunted_place_7771.json,data/haunted_places_jsons_subset/haunted_place_6245.json,0.5
data/haunted_places_jsons_subset/haunted_place_7771.json,data/haunted_places_jsons_subset/haunted_place_10138.json,0.5
data/haunted_places_jsons_subset/haunted_place_7771.json,data/haunted_places_jsons_subset/haunted_place_10092.json,0.6363636363636364
data/haunted_places_jsons_subset/haunted_place_7771.json,data/haunted_places_jsons_subset/haunted_place_3417.json,0.6363636363636364
data/haunted_places_jsons_subset/haunted_place_7771.json,data/haunted_places_jsons_subset/haunted_place_4628.json,0.5
data/haunted_places_jsons_subset/haunted_place_7771.json,data/haunted_places_jsons_subset/haunted_place_6615.json,0.6363636363636364
data/haunted_places_jsons_subset/haunted_place_7771.json,data/haunted_places_jsons_subset/haunted_place_7907.json,0.5
data/haunted_places_jsons_subset/haunted_place_7771.json,data/haunted_places_jsons_subset/haunted_place_10568.json,0.5
data/haunted_places_jsons_subset/haunted_place_7771.json,data/haunted_places_jsons_subset/haunted_place_2656.json,0.5
data/haunted_places_jsons_subset/haunted_place_7771.json,data/haunted_places_jsons_subset/haunted_place_5193.json,0.6363636363636364
data/haunted_places_jsons_subset/haunted_place_7771.json,data/haunted_places_jsons_subset/haunted_place_1979.json,0.6363636363636364
data/haunted_places_jsons_subset/haunted_place_7771.json,data/haunted_places_jsons_subset/haunted_place_3944.json,0.5
data/haunted_places_jsons_subset/haunted_place_7771.json,data/haunted_places_jsons_subset/haunted_place_357.json,0.5
data/haunted_places_jsons_subset/haunted_place_7771.json,data/haunted_places_jsons_subset/haunted_place_7454.json,0.5
data/haunted_places_jsons_subset/haunted_place_7771.json,data/haunted_places_jsons_subset/haunted_place_5469.json,0.6363636363636364
data/haunted_places_jsons_subset/haunted_place_7771.json,data/haunted_places_jsons_subset/haunted_place_17.json,0.5
data/haunted_places_jsons_subset/haunted_place_7771.json,data/haunted_places_jsons_subset/haunted_place_10991.json,0.5
data/haunted_places_jsons_subset/haunted_place_7771.json,data/haunted_places_jsons_subset/haunted_place_9919.json,0.5
data/haunted_places_jsons_subset/haunted_place_7771.json,data/haunted_places_jsons_subset/haunted_place_2206.json,0.6363636363636364
data/haunted_places_jsons_subset/haunted_place_7771.json,data/haunted_places_jsons_subset/haunted_place_7004.json,0.5
data/haunted_places_jsons_subset/haunted_place_7771.json,data/haunted_places_jsons_subset/haunted_place_5039.json,0.5
data/haunted_places_jsons_subset/haunted_place_7771.json,data/haunted_places_jsons_subset/haunted_place_707.json,0.5
data/haunted_places_jsons_subset/haunted_place_7771.json,data/haunted_places_jsons_subset/haunted_place_1703.json,0.5
data/haunted_places_jsons_subset/haunted_place_7771.json,data/haunted_places_jsons_subset/haunted_place_9333.json,0.5
data/haunted_places_jsons_subset/haunted_place_7771.json,data/haunted_places_jsons_subset/haunted_place_10641.json,0.6363636363636364
data/haunted_places_jsons_subset/haunted_place_7771.json,data/haunted_places_jsons_subset/haunted_place_4501.json,0.6363636363636364
data/haunted_places_jsons_subset/haunted_place_7771.json,data/haunted_places_jsons_subset/haunted_place_1353.json,0.5
data/haunted_places_jsons_subset/haunted_place_7771.json,data/haunted_places_jsons_subset/haunted_place_6496.json,0.5
data/haunted_places_jsons_subset/haunted_place_7771.json,data/haunted_places_jsons_subset/haunted_place_8871.json,0.5
data/haunted_places_jsons_subset/haunted_place_7771.json,data/haunted_places_jsons_subset/haunted_place_9763.json,0.6363636363636364
data/haunted_places_jsons_subset/haunted_place_7771.json,data/haunted_places_jsons_subset/haunted_place_10211.json,0.5
data/haunted_places_jsons_subset/haunted_place_7771.json,data/haunted_places_jsons_subset/haunted_place_9299.json,0.5
data/haunted_places_jsons_subset/haunted_place_7771.json,data/haunted_places_jsons_subset/haunted_place_2986.json,0.5
data/haunted_places_jsons_subset/haunted_place_7771.json,data/haunted_places_jsons_subset/haunted_place_4151.json,0.5
data/haunted_places_jsons_subset/haunted_place_7771.json,data/haunted_places_jsons_subset/haunted_place_3694.json,0.5
data/haunted_places_jsons_subset/haunted_place_7771.json,data/haunted_places_jsons_subset/haunted_place_8522.json,0.5
data/haunted_places_jsons_subset/haunted_place_7771.json,data/haunted_places_jsons_subset/haunted_place_5310.json,0.6363636363636364
data/haunted_places_jsons_subset/haunted_place_7771.json,data/haunted_places_jsons_subset/haunted_place_7287.json,0.5
data/haunted_places_jsons_subset/haunted_place_7771.json,data/haunted_places_jsons_subset/haunted_place_584.json,0.5
data/haunted_places_jsons_subset/haunted_place_7771.json,data/haunted_places_jsons_subset/haunted_place_8172.json,0.5
data/haunted_places_jsons_subset/haunted_place_7771.json,data/haunted_places_jsons_subset/haunted_place_8488.json,0.6363636363636364
data/haunted_places_jsons_subset/haunted_place_7771.json,data/haunted_places_jsons_subset/haunted_place_4852.json,0.6363636363636364
data/haunted_places_jsons_subset/haunted_place_7771.json,data/haunted_places_jsons_subset/haunted_place_2085.json,0.6363636363636364
data/haunted_places_jsons_subset/haunted_place_7771.json,data/haunted_places_jsons_subset/haunted_place_5740.json,0.5
data/haunted_places_jsons_subset/haunted_place_2089.json,data/haunted_places_jsons_subset/haunted_place_8484.json,0.5
data/haunted_places_jsons_subset/haunted_place_2089.json,data/haunted_places_jsons_subset/haunted_place_2573.json,0.6363636363636364
data/haunted_places_jsons_subset/haunted_place_2089.json,data/haunted_places_jsons_subset/haunted_place_588.json,0.5
data/haunted_places_jsons_subset/haunted_place_2089.json,data/haunted_places_jsons_subset/haunted_place_7321.json,0.5
data/haunted_places_jsons_subset/haunted_place_2089.json,data/haunted_places_jsons_subset/haunted_place_422.json,0.6363636363636364
data/haunted_places_jsons_subset/haunted_place_2089.json,data/haunted_places_jsons_subset/haunted_place_2123.json,0.6363636363636364
data/haunted_places_jsons_subset/haunted_place_2089.json,data/haunted_places_jsons_subset/haunted_place_971.json,0.5
data/haunted_places_jsons_subset/haunted_place_2089.json,data/haunted_places_jsons_subset/haunted_place_6160.json,0.6363636363636364
data/haunted_places_jsons_subset/haunted_place_2089.json,data/haunted_places_jsons_subset/haunted_place_3698.json,0.5
data/haunted_places_jsons_subset/haunted_place_2089.json,data/haunted_places_jsons_subset/haunted_place_9295.json,0.5
data/haunted_places_jsons_subset/haunted_place_2089.json,data/haunted_places_jsons_subset/haunted_place_3362.json,0.5
data/haunted_places_jsons_subset/haunted_place_2089.json,data/haunted_places_jsons_subset/haunted_place_6530.json,0.5
data/haunted_places_jsons_subset/haunted_place_2089.json,data/haunted_places_jsons_subset/haunted_place_2820.json,0.5
data/haunted_places_jsons_subset/haunted_place_2089.json,data/haunted_places_jsons_subset/haunted_place_3732.json,0.5
data/haunted_places_jsons_subset/haunted_place_2089.json,data/haunted_places_jsons_subset/haunted_place_8938.json,0.6363636363636364
data/haunted_places_jsons_subset/haunted_place_2089.json,data/haunted_places_jsons_subset/haunted_place_3227.json,0.5
data/haunted_places_jsons_subset/haunted_place_2089.json,data/haunted_places_jsons_subset/haunted_place_4018.json,0.5
data/haunted_places_jsons_subset/haunted_place_2089.json,data/haunted_places_jsons_subset/haunted_place_6025.json,0.5
data/haunted_places_jsons_subset/haunted_place_2089.json,data/haunted_places_jsons_subset/haunted_place_834.json,0.6363636363636364
data/haunted_places_jsons_subset/haunted_place_2089.json,data/haunted_places_jsons_subset/haunted_place_10358.json,0.5
data/haunted_places_jsons_subset/haunted_place_2089.json,data/haunted_places_jsons_subset/haunted_place_2965.json,0.5
data/haunted_places_jsons_subset/haunted_place_2089.json,data/haunted_places_jsons_subset/haunted_place_3677.json,0.5
data/haunted_places_jsons_subset/haunted_place_2089.json,data/haunted_places_jsons_subset/haunted_place_4448.json,0.5
data/haunted_places_jsons_subset/haunted_place_2089.json,data/haunted_places_jsons_subset/haunted_place_6475.json,0.5
data/haunted_places_jsons_subset/haunted_place_2089.json,data/haunted_places_jsons_subset/haunted_place_8892.json,0.5
data/haunted_places_jsons_subset/haunted_place_2089.json,data/haunted_places_jsons_subset/haunted_place_10708.json,0.5
data/haunted_places_jsons_subset/haunted_place_2089.json,data/haunted_places_jsons_subset/haunted_place_9780.json,0.6363636363636364
data/haunted_places_jsons_subset/haunted_place_2089.json,data/haunted_places_jsons_subset/haunted_place_2436.json,0.5
data/haunted_places_jsons_subset/haunted_place_2089.json,data/haunted_places_jsons_subset/haunted_place_6926.json,0.5
data/haunted_places_jsons_subset/haunted_place_2089.json,data/haunted_places_jsons_subset/haunted_place_137.json,0.5
data/haunted_places_jsons_subset/haunted_place_2089.json,data/haunted_places_jsons_subset/haunted_place_7634.json,0.5
data/haunted_places_jsons_subset/haunted_place_2089.json,data/haunted_places_jsons_subset/haunted_place_5609.json,0.5
data/haunted_places_jsons_subset/haunted_place_2089.json,data/haunted_places_jsons_subset/haunted_place_2066.json,0.5
data/haunted_places_jsons_subset/haunted_place_2089.json,data/haunted_places_jsons_subset/haunted_place_7264.json,0.5
data/haunted_places_jsons_subset/haunted_place_2089.json,data/haunted_places_jsons_subset/haunted_place_5259.json,0.6363636363636364
data/haunted_places_jsons_subset/haunted_place_2089.json,data/haunted_places_jsons_subset/haunted_place_567.json,0.6363636363636364
data/haunted_places_jsons_subset/haunted_place_2089.json,data/haunted_places_jsons_subset/haunted_place_8191.json,0.5
data/haunted_places_jsons_subset/haunted_place_2089.json,data/haunted_places_jsons_subset/haunted_place_1563.json,0.5
data/haunted_places_jsons_subset/haunted_place_2089.json,data/haunted_places_jsons_subset/haunted_place_9153.json,0.6363636363636364
data/haunted_places_jsons_subset/haunted_place_2089.json,data/haunted_places_jsons_subset/haunted_place_10421.json,0.5
data/haunted_places_jsons_subset/haunted_place_2089.json,data/haunted_places_jsons_subset/haunted_place_1099.json,0.5
data/haunted_places_jsons_subset/haunted_place_2089.json,data/haunted_places_jsons_subset/haunted_place_4761.json,0.5
data/haunted_places_jsons_subset/haunted_place_2089.json,data/haunted_places_jsons_subset/haunted_place_5873.json,0.6363636363636364
data/haunted_places_jsons_subset/haunted_place_2089.json,data/haunted_places_jsons_subset/haunted_place_1133.json,0.6363636363636364
data/haunted_places_jsons_subset/haunted_place_2089.json,data/haunted_places_jsons_subset/haunted_place_9503.json,0.5
data/haunted_places_jsons_subset/haunted_place_2089.json,data/haunted_places_jsons_subset/haunted_place_10071.json,0.5
data/haunted_places_jsons_subset/haunted_place_2089.json,data/haunted_places_jsons_subset/haunted_place_4331.json,0.5
data/haunted_places_jsons_subset/haunted_place_2089.json,data/haunted_places_jsons_subset/haunted_place_8742.json,0.5
data/haunted_places_jsons_subset/haunted_place_2089.json,data/haunted_places_jsons_subset/haunted_place_9850.json,0.5
data/haunted_places_jsons_subset/haunted_place_2089.json,data/haunted_places_jsons_subset/haunted_place_5170.json,0.5
data/haunted_places_jsons_subset/haunted_place_2089.json,data/haunted_places_jsons_subset/haunted_place_1830.json,0.6363636363636364
data/haunted_places_jsons_subset/haunted_place_2089.json,data/haunted_places_jsons_subset/haunted_place_8312.json,0.5
data/haunted_places_jsons_subset/haunted_place_2089.json,data/haunted_places_jsons_subset/haunted_place_10972.json,0.6363636363636364
data/haunted_places_jsons_subset/haunted_place_2089.json,data/haunted_places_jsons_subset/haunted_place_5520.json,0.5
data/haunted_places_jsons_subset/haunted_place_2089.json,data/haunted_places_jsons_subset/haunted_place_5035.json,0.5
data/haunted_places_jsons_subset/haunted_place_2089.json,data/haunted_places_jsons_subset/haunted_place_7008.json,0.5
data/haunted_places_jsons_subset/haunted_place_2089.json,data/haunted_places_jsons_subset/haunted_place_8607.json,0.5
data/haunted_places_jsons_subset/haunted_place_2089.json,data/haunted_places_jsons_subset/haunted_place_9915.json,0.5
data/haunted_places_jsons_subset/haunted_place_2089.json,data/haunted_places_jsons_subset/haunted_place_10837.json,0.6363636363636364
data/haunted_places_jsons_subset/haunted_place_2089.json,data/haunted_places_jsons_subset/haunted_place_5465.json,0.6363636363636364
data/haunted_places_jsons_subset/haunted_place_2089.json,data/haunted_places_jsons_subset/haunted_place_7458.json,0.5
data/haunted_places_jsons_subset/haunted_place_2089.json,data/haunted_places_jsons_subset/haunted_place_3948.json,0.5
data/haunted_places_jsons_subset/haunted_place_2089.json,data/haunted_places_jsons_subset/haunted_place_1975.json,0.5
data/haunted_places_jsons_subset/haunted_place_2089.json,data/haunted_places_jsons_subset/haunted_place_8257.json,0.5
data/haunted_places_jsons_subset/haunted_place_2089.json,data/haunted_places_jsons_subset/haunted_place_10564.json,0.6363636363636364
data/haunted_places_jsons_subset/haunted_place_2089.json,data/haunted_places_jsons_subset/haunted_place_6619.json,0.6363636363636364
data/haunted_places_jsons_subset/haunted_place_2089.json,data/haunted_places_jsons_subset/haunted_place_4624.json,0.6363636363636364
data/haunted_places_jsons_subset/haunted_place_2089.json,data/haunted_places_jsons_subset/haunted_place_5936.json,0.5
data/haunted_places_jsons_subset/haunted_place_2089.json,data/haunted_places_jsons_subset/haunted_place_1426.json,0.6363636363636364
data/haunted_places_jsons_subset/haunted_place_2089.json,data/haunted_places_jsons_subset/haunted_place_9016.json,0.5
data/haunted_places_jsons_subset/haunted_place_2089.json,data/haunted_places_jsons_subset/haunted_place_10134.json,0.5
data/haunted_places_jsons_subset/haunted_place_2089.json,data/haunted_places_jsons_subset/haunted_place_6249.json,0.6363636363636364
data/haunted_places_jsons_subset/haunted_place_2089.json,data/haunted_places_jsons_subset/haunted_place_4274.json,0.5
data/haunted_places_jsons_subset/haunted_place_2089.json,data/haunted_places_jsons_subset/haunted_place_1076.json,0.5
data/haunted_places_jsons_subset/haunted_place_2089.json,data/haunted_places_jsons_subset/haunted_place_9446.json,0.5
data/haunted_places_jsons_subset/haunted_place_2089.json,data/haunted_places_jsons_subset/haunted_place_9368.json,0.5
data/haunted_places_jsons_subset/haunted_place_2089.json,data/haunted_places_jsons_subset/haunted_place_2877.json,0.5
data/haunted_places_jsons_subset/haunted_place_2089.json,data/haunted_places_jsons_subset/haunted_place_1758.json,0.6363636363636364
data/haunted_places_jsons_subset/haunted_place_2089.json,data/haunted_places_jsons_subset/haunted_place_3765.json,0.5
data/haunted_places_jsons_subset/haunted_place_2089.json,data/haunted_places_jsons_subset/haunted_place_6567.json,0.6363636363636364
data/haunted_places_jsons_subset/haunted_place_2089.json,data/haunted_places_jsons_subset/haunted_place_8980.json,0.5
data/haunted_places_jsons_subset/haunted_place_2089.json,data/haunted_places_jsons_subset/haunted_place_9692.json,0.5
data/haunted_places_jsons_subset/haunted_place_2089.json,data/haunted_places_jsons_subset/haunted_place_9738.json,0.5
data/haunted_places_jsons_subset/haunted_place_2089.json,data/haunted_places_jsons_subset/haunted_place_1308.json,0.5
data/haunted_places_jsons_subset/haunted_place_2089.json,data/haunted_places_jsons_subset/haunted_place_3335.json,0.5
data/haunted_places_jsons_subset/haunted_place_2089.json,data/haunted_places_jsons_subset/haunted_place_6137.json,0.5
data/haunted_places_jsons_subset/haunted_place_2089.json,data/haunted_places_jsons_subset/haunted_place_926.json,0.5
data/haunted_places_jsons_subset/haunted_place_2089.json,data/haunted_places_jsons_subset/haunted_place_8579.json,0.6363636363636364
data/haunted_places_jsons_subset/haunted_place_2089.json,data/haunted_places_jsons_subset/haunted_place_2174.json,0.5
data/haunted_places_jsons_subset/haunted_place_2089.json,data/haunted_places_jsons_subset/haunted_place_7376.json,0.6363636363636364
data/haunted_places_jsons_subset/haunted_place_2089.json,data/haunted_places_jsons_subset/haunted_place_475.json,0.6363636363636364
data/haunted_places_jsons_subset/haunted_place_2089.json,data/haunted_places_jsons_subset/haunted_place_8083.json,0.5
data/haunted_places_jsons_subset/haunted_place_2089.json,data/haunted_places_jsons_subset/haunted_place_8129.json,0.6363636363636364
data/haunted_places_jsons_subset/haunted_place_2089.json,data/haunted_places_jsons_subset/haunted_place_2524.json,0.5
data/haunted_places_jsons_subset/haunted_place_2089.json,data/haunted_places_jsons_subset/haunted_place_4809.json,0.5
data/haunted_places_jsons_subset/haunted_place_2089.json,data/haunted_places_jsons_subset/haunted_place_6834.json,0.5
data/haunted_places_jsons_subset/haunted_place_2089.json,data/haunted_places_jsons_subset/haunted_place_7726.json,0.5
data/haunted_places_jsons_subset/haunted_place_2089.json,data/haunted_places_jsons_subset/haunted_place_7233.json,0.6363636363636364
data/haunted_places_jsons_subset/haunted_place_2089.json,data/haunted_places_jsons_subset/haunted_place_530.json,0.6363636363636364
data/haunted_places_jsons_subset/haunted_place_2089.json,data/haunted_places_jsons_subset/haunted_place_2031.json,0.6363636363636364
data/haunted_places_jsons_subset/haunted_place_2089.json,data/haunted_places_jsons_subset/haunted_place_160.json,0.6363636363636364
data/haunted_places_jsons_subset/haunted_place_2089.json,data/haunted_places_jsons_subset/haunted_place_6971.json,0.6363636363636364
data/haunted_places_jsons_subset/haunted_place_2089.json,data/haunted_places_jsons_subset/haunted_place_7663.json,0.6363636363636364
data/haunted_places_jsons_subset/haunted_place_2089.json,data/haunted_places_jsons_subset/haunted_place_8596.json,0.5
data/haunted_places_jsons_subset/haunted_place_2089.json,data/haunted_places_jsons_subset/haunted_place_2461.json,0.6363636363636364
data/haunted_places_jsons_subset/haunted_place_2089.json,data/haunted_places_jsons_subset/haunted_place_7399.json,0.6363636363636364
data/haunted_places_jsons_subset/haunted_place_2089.json,data/haunted_places_jsons_subset/haunted_place_6422.json,0.5
data/haunted_places_jsons_subset/haunted_place_2089.json,data/haunted_places_jsons_subset/haunted_place_2932.json,0.5
data/haunted_places_jsons_subset/haunted_place_2089.json,data/haunted_places_jsons_subset/haunted_place_3620.json,0.5
data/haunted_places_jsons_subset/haunted_place_2089.json,data/haunted_places_jsons_subset/haunted_place_2898.json,0.5
data/haunted_places_jsons_subset/haunted_place_2089.json,data/haunted_places_jsons_subset/haunted_place_863.json,0.5
data/haunted_places_jsons_subset/haunted_place_2089.json,data/haunted_places_jsons_subset/haunted_place_6072.json,0.6363636363636364
data/haunted_places_jsons_subset/haunted_place_2089.json,data/haunted_places_jsons_subset/haunted_place_9387.json,0.5
data/haunted_places_jsons_subset/haunted_place_2089.json,data/haunted_places_jsons_subset/haunted_place_3270.json,0.5
data/haunted_places_jsons_subset/haunted_place_2089.json,data/haunted_places_jsons_subset/haunted_place_6588.json,0.5
data/haunted_places_jsons_subset/haunted_place_2089.json,data/haunted_places_jsons_subset/haunted_place_10925.json,0.5
data/haunted_places_jsons_subset/haunted_place_2089.json,data/haunted_places_jsons_subset/haunted_place_249.json,0.5
data/haunted_places_jsons_subset/haunted_place_2089.json,data/haunted_places_jsons_subset/haunted_place_5577.json,0.6363636363636364
data/haunted_places_jsons_subset/haunted_place_2089.json,data/haunted_places_jsons_subset/haunted_place_2748.json,0.5
data/haunted_places_jsons_subset/haunted_place_2089.json,data/haunted_places_jsons_subset/haunted_place_1867.json,0.5
data/haunted_places_jsons_subset/haunted_place_2089.json,data/haunted_places_jsons_subset/haunted_place_8345.json,0.5
data/haunted_places_jsons_subset/haunted_place_2089.json,data/haunted_places_jsons_subset/haunted_place_5127.json,0.5
data/haunted_places_jsons_subset/haunted_place_2089.json,data/haunted_places_jsons_subset/haunted_place_619.json,0.5
data/haunted_places_jsons_subset/haunted_place_2089.json,data/haunted_places_jsons_subset/haunted_place_2318.json,0.5
data/haunted_places_jsons_subset/haunted_place_2089.json,data/haunted_places_jsons_subset/haunted_place_8715.json,0.5
data/haunted_places_jsons_subset/haunted_place_2089.json,data/haunted_places_jsons_subset/haunted_place_9807.json,0.6363636363636364
data/haunted_places_jsons_subset/haunted_place_2089.json,data/haunted_places_jsons_subset/haunted_place_10026.json,0.5
data/haunted_places_jsons_subset/haunted_place_2089.json,data/haunted_places_jsons_subset/haunted_place_4366.json,0.5
data/haunted_places_jsons_subset/haunted_place_2089.json,data/haunted_places_jsons_subset/haunted_place_3159.json,0.5
data/haunted_places_jsons_subset/haunted_place_2089.json,data/haunted_places_jsons_subset/haunted_place_1164.json,0.6363636363636364
data/haunted_places_jsons_subset/haunted_place_2089.json,data/haunted_places_jsons_subset/haunted_place_9554.json,0.5
data/haunted_places_jsons_subset/haunted_place_2089.json,data/haunted_places_jsons_subset/haunted_place_10476.json,0.5
data/haunted_places_jsons_subset/haunted_place_2089.json,data/haunted_places_jsons_subset/haunted_place_4736.json,0.5
data/haunted_places_jsons_subset/haunted_place_2089.json,data/haunted_places_jsons_subset/haunted_place_5824.json,0.5
data/haunted_places_jsons_subset/haunted_place_2089.json,data/haunted_places_jsons_subset/haunted_place_7819.json,0.6363636363636364
data/haunted_places_jsons_subset/haunted_place_2089.json,data/haunted_places_jsons_subset/haunted_place_3509.json,0.5
data/haunted_places_jsons_subset/haunted_place_2089.json,data/haunted_places_jsons_subset/haunted_place_1534.json,0.5
data/haunted_places_jsons_subset/haunted_place_2089.json,data/haunted_places_jsons_subset/haunted_place_9104.json,0.5
data/haunted_places_jsons_subset/haunted_place_2089.json,data/haunted_places_jsons_subset/haunted_place_1021.json,0.6363636363636364
data/haunted_places_jsons_subset/haunted_place_2089.json,data/haunted_places_jsons_subset/haunted_place_10499.json,0.6363636363636364
data/haunted_places_jsons_subset/haunted_place_2089.json,data/haunted_places_jsons_subset/haunted_place_9411.json,0.6363636363636364
data/haunted_places_jsons_subset/haunted_place_2089.json,data/haunted_places_jsons_subset/haunted_place_10163.json,0.6363636363636364
data/haunted_places_jsons_subset/haunted_place_2089.json,data/haunted_places_jsons_subset/haunted_place_4223.json,0.5
data/haunted_places_jsons_subset/haunted_place_2089.json,data/haunted_places_jsons_subset/haunted_place_4389.json,0.5
data/haunted_places_jsons_subset/haunted_place_2089.json,data/haunted_places_jsons_subset/haunted_place_1471.json,0.5
data/haunted_places_jsons_subset/haunted_place_2089.json,data/haunted_places_jsons_subset/haunted_place_9041.json,0.5
data/haunted_places_jsons_subset/haunted_place_2089.json,data/haunted_places_jsons_subset/haunted_place_10533.json,0.5
data/haunted_places_jsons_subset/haunted_place_2089.json,data/haunted_places_jsons_subset/haunted_place_4673.json,0.6363636363636364
data/haunted_places_jsons_subset/haunted_place_2089.json,data/haunted_places_jsons_subset/haunted_place_5961.json,0.6363636363636364
data/haunted_places_jsons_subset/haunted_place_2089.json,data/haunted_places_jsons_subset/haunted_place_1922.json,0.5
data/haunted_places_jsons_subset/haunted_place_2089.json,data/haunted_places_jsons_subset/haunted_place_8200.json,0.5
data/haunted_places_jsons_subset/haunted_place_2089.json,data/haunted_places_jsons_subset/haunted_place_10860.json,0.5
data/haunted_places_jsons_subset/haunted_place_2089.json,data/haunted_places_jsons_subset/haunted_place_5432.json,0.5
data/haunted_places_jsons_subset/haunted_place_2089.json,data/haunted_places_jsons_subset/haunted_place_5598.json,0.6363636363636364
data/haunted_places_jsons_subset/haunted_place_2089.json,data/haunted_places_jsons_subset/haunted_place_8650.json,0.5
data/haunted_places_jsons_subset/haunted_place_2089.json,data/haunted_places_jsons_subset/haunted_place_9942.json,0.6363636363636364
data/haunted_places_jsons_subset/haunted_place_2089.json,data/haunted_places_jsons_subset/haunted_place_5062.json,0.6363636363636364
data/haunted_places_jsons_subset/haunted_place_2089.json,data/haunted_places_jsons_subset/haunted_place_1888.json,0.5
data/haunted_places_jsons_subset/haunted_place_2089.json,data/haunted_places_jsons_subset/haunted_place_7730.json,0.5
data/haunted_places_jsons_subset/haunted_place_2089.json,data/haunted_places_jsons_subset/haunted_place_6822.json,0.6363636363636364
data/haunted_places_jsons_subset/haunted_place_2089.json,data/haunted_places_jsons_subset/haunted_place_2532.json,0.6363636363636364
data/haunted_places_jsons_subset/haunted_place_2089.json,data/haunted_places_jsons_subset/haunted_place_8095.json,0.5
data/haunted_places_jsons_subset/haunted_place_2089.json,data/haunted_places_jsons_subset/haunted_place_463.json,0.5
data/haunted_places_jsons_subset/haunted_place_2089.json,data/haunted_places_jsons_subset/haunted_place_7360.json,0.5
data/haunted_places_jsons_subset/haunted_place_2089.json,data/haunted_places_jsons_subset/haunted_place_2498.json,0.6363636363636364
data/haunted_places_jsons_subset/haunted_place_2089.json,data/haunted_places_jsons_subset/haunted_place_2162.json,0.6363636363636364
data/haunted_places_jsons_subset/haunted_place_2089.json,data/haunted_places_jsons_subset/haunted_place_199.json,0.5
data/haunted_places_jsons_subset/haunted_place_2089.json,data/haunted_places_jsons_subset/haunted_place_6988.json,0.5
data/haunted_places_jsons_subset/haunted_place_2089.json,data/haunted_places_jsons_subset/haunted_place_6121.json,0.6363636363636364
data/haunted_places_jsons_subset/haunted_place_2089.json,data/haunted_places_jsons_subset/haunted_place_930.json,0.5
data/haunted_places_jsons_subset/haunted_place_2089.json,data/haunted_places_jsons_subset/haunted_place_3323.json,0.5
data/haunted_places_jsons_subset/haunted_place_2089.json,data/haunted_places_jsons_subset/haunted_place_9684.json,0.6363636363636364
data/haunted_places_jsons_subset/haunted_place_2089.json,data/haunted_places_jsons_subset/haunted_place_8996.json,0.5
data/haunted_places_jsons_subset/haunted_place_2089.json,data/haunted_places_jsons_subset/haunted_place_6571.json,0.5
data/haunted_places_jsons_subset/haunted_place_2089.json,data/haunted_places_jsons_subset/haunted_place_3289.json,0.5
data/haunted_places_jsons_subset/haunted_place_2089.json,data/haunted_places_jsons_subset/haunted_place_3773.json,0.5
data/haunted_places_jsons_subset/haunted_place_2089.json,data/haunted_places_jsons_subset/haunted_place_2861.json,0.6363636363636364
data/haunted_places_jsons_subset/haunted_place_2089.json,data/haunted_places_jsons_subset/haunted_place_3266.json,0.5
data/haunted_places_jsons_subset/haunted_place_2089.json,data/haunted_places_jsons_subset/haunted_place_8979.json,0.6363636363636364
data/haunted_places_jsons_subset/haunted_place_2089.json,data/haunted_places_jsons_subset/haunted_place_10319.json,0.5
data/haunted_places_jsons_subset/haunted_place_2089.json,data/haunted_places_jsons_subset/haunted_place_9391.json,0.5
data/haunted_places_jsons_subset/haunted_place_2089.json,data/haunted_places_jsons_subset/haunted_place_875.json,0.5
data/haunted_places_jsons_subset/haunted_place_2089.json,data/haunted_places_jsons_subset/haunted_place_6064.json,0.5
data/haunted_places_jsons_subset/haunted_place_2089.json,data/haunted_places_jsons_subset/haunted_place_4059.json,0.6363636363636364
data/haunted_places_jsons_subset/haunted_place_2089.json,data/haunted_places_jsons_subset/haunted_place_3636.json,0.5
data/haunted_places_jsons_subset/haunted_place_2089.json,data/haunted_places_jsons_subset/haunted_place_2924.json,0.5
data/haunted_places_jsons_subset/haunted_place_2089.json,data/haunted_places_jsons_subset/haunted_place_10749.json,0.6363636363636364
data/haunted_places_jsons_subset/haunted_place_2089.json,data/haunted_places_jsons_subset/haunted_place_6434.json,0.5
data/haunted_places_jsons_subset/haunted_place_2089.json,data/haunted_places_jsons_subset/haunted_place_4409.json,0.5
data/haunted_places_jsons_subset/haunted_place_2089.json,data/haunted_places_jsons_subset/haunted_place_2477.json,0.6363636363636364
data/haunted_places_jsons_subset/haunted_place_2089.json,data/haunted_places_jsons_subset/haunted_place_8580.json,0.5
data/haunted_places_jsons_subset/haunted_place_2089.json,data/haunted_places_jsons_subset/haunted_place_5648.json,0.6363636363636364
data/haunted_places_jsons_subset/haunted_place_2089.json,data/haunted_places_jsons_subset/haunted_place_7675.json,0.6363636363636364
data/haunted_places_jsons_subset/haunted_place_2089.json,data/haunted_places_jsons_subset/haunted_place_176.json,0.6363636363636364
data/haunted_places_jsons_subset/haunted_place_2089.json,data/haunted_places_jsons_subset/haunted_place_6967.json,0.5
data/haunted_places_jsons_subset/haunted_place_2089.json,data/haunted_places_jsons_subset/haunted_place_2027.json,0.5
data/haunted_places_jsons_subset/haunted_place_2089.json,data/haunted_places_jsons_subset/haunted_place_526.json,0.5
data/haunted_places_jsons_subset/haunted_place_2089.json,data/haunted_places_jsons_subset/haunted_place_5218.json,0.5
data/haunted_places_jsons_subset/haunted_place_2089.json,data/haunted_places_jsons_subset/haunted_place_7225.json,0.6363636363636364
data/haunted_places_jsons_subset/haunted_place_2089.json,data/haunted_places_jsons_subset/haunted_place_9112.json,0.6363636363636364
data/haunted_places_jsons_subset/haunted_place_2089.json,data/haunted_places_jsons_subset/haunted_place_1522.json,0.5
data/haunted_places_jsons_subset/haunted_place_2089.json,data/haunted_places_jsons_subset/haunted_place_5832.json,0.5
data/haunted_places_jsons_subset/haunted_place_2089.json,data/haunted_places_jsons_subset/haunted_place_4720.json,0.5
data/haunted_places_jsons_subset/haunted_place_2089.json,data/haunted_places_jsons_subset/haunted_place_10460.json,0.5
data/haunted_places_jsons_subset/haunted_place_2089.json,data/haunted_places_jsons_subset/haunted_place_9542.json,0.6363636363636364
data/haunted_places_jsons_subset/haunted_place_2089.json,data/haunted_places_jsons_subset/haunted_place_5998.json,0.5
data/haunted_places_jsons_subset/haunted_place_2089.json,data/haunted_places_jsons_subset/haunted_place_1172.json,0.5
data/haunted_places_jsons_subset/haunted_place_2089.json,data/haunted_places_jsons_subset/haunted_place_1488.json,0.5
data/haunted_places_jsons_subset/haunted_place_2089.json,data/haunted_places_jsons_subset/haunted_place_4370.json,0.6363636363636364
data/haunted_places_jsons_subset/haunted_place_2089.json,data/haunted_places_jsons_subset/haunted_place_10030.json,0.5
data/haunted_places_jsons_subset/haunted_place_2089.json,data/haunted_places_jsons_subset/haunted_place_10899.json,0.6363636363636364
data/haunted_places_jsons_subset/haunted_place_2089.json,data/haunted_places_jsons_subset/haunted_place_9811.json,0.6363636363636364
data/haunted_places_jsons_subset/haunted_place_2089.json,data/haunted_places_jsons_subset/haunted_place_8703.json,0.5
data/haunted_places_jsons_subset/haunted_place_2089.json,data/haunted_places_jsons_subset/haunted_place_5131.json,0.5
data/haunted_places_jsons_subset/haunted_place_2089.json,data/haunted_places_jsons_subset/haunted_place_8353.json,0.5
data/haunted_places_jsons_subset/haunted_place_2089.json,data/haunted_places_jsons_subset/haunted_place_1871.json,0.5
data/haunted_places_jsons_subset/haunted_place_2089.json,data/haunted_places_jsons_subset/haunted_place_5561.json,0.6363636363636364
data/haunted_places_jsons_subset/haunted_place_2089.json,data/haunted_places_jsons_subset/haunted_place_10933.json,0.5
data/haunted_places_jsons_subset/haunted_place_2089.json,data/haunted_places_jsons_subset/haunted_place_7049.json,0.5
data/haunted_places_jsons_subset/haunted_place_2089.json,data/haunted_places_jsons_subset/haunted_place_5074.json,0.5
data/haunted_places_jsons_subset/haunted_place_2089.json,data/haunted_places_jsons_subset/haunted_place_9954.json,0.5
data/haunted_places_jsons_subset/haunted_place_2089.json,data/haunted_places_jsons_subset/haunted_place_8646.json,0.6363636363636364
data/haunted_places_jsons_subset/haunted_place_2089.json,data/haunted_places_jsons_subset/haunted_place_7419.json,0.5
data/haunted_places_jsons_subset/haunted_place_2089.json,data/haunted_places_jsons_subset/haunted_place_5424.json,0.5
data/haunted_places_jsons_subset/haunted_place_2089.json,data/haunted_places_jsons_subset/haunted_place_10876.json,0.5
data/haunted_places_jsons_subset/haunted_place_2089.json,data/haunted_places_jsons_subset/haunted_place_8216.json,0.5
data/haunted_places_jsons_subset/haunted_place_2089.json,data/haunted_places_jsons_subset/haunted_place_1934.json,0.5
data/haunted_places_jsons_subset/haunted_place_2089.json,data/haunted_places_jsons_subset/haunted_place_3909.json,0.5
data/haunted_places_jsons_subset/haunted_place_2089.json,data/haunted_places_jsons_subset/haunted_place_5977.json,0.6363636363636364
data/haunted_places_jsons_subset/haunted_place_2089.json,data/haunted_places_jsons_subset/haunted_place_4665.json,0.6363636363636364
data/haunted_places_jsons_subset/haunted_place_2089.json,data/haunted_places_jsons_subset/haunted_place_6658.json,0.5
data/haunted_places_jsons_subset/haunted_place_2089.json,data/haunted_places_jsons_subset/haunted_place_10525.json,0.5
data/haunted_places_jsons_subset/haunted_place_2089.json,data/haunted_places_jsons_subset/haunted_place_9057.json,0.5
data/haunted_places_jsons_subset/haunted_place_2089.json,data/haunted_places_jsons_subset/haunted_place_1467.json,0.6363636363636364
data/haunted_places_jsons_subset/haunted_place_2089.json,data/haunted_places_jsons_subset/haunted_place_4235.json,0.5
data/haunted_places_jsons_subset/haunted_place_2089.json,data/haunted_places_jsons_subset/haunted_place_6208.json,0.6363636363636364
data/haunted_places_jsons_subset/haunted_place_2089.json,data/haunted_places_jsons_subset/haunted_place_10175.json,0.5
data/haunted_places_jsons_subset/haunted_place_2089.json,data/haunted_places_jsons_subset/haunted_place_9407.json,0.6363636363636364
data/haunted_places_jsons_subset/haunted_place_2089.json,data/haunted_places_jsons_subset/haunted_place_1037.json,0.5
data/haunted_places_jsons_subset/haunted_place_2089.json,data/haunted_places_jsons_subset/haunted_place_3724.json,0.5
data/haunted_places_jsons_subset/haunted_place_2089.json,data/haunted_places_jsons_subset/haunted_place_1719.json,0.5
data/haunted_places_jsons_subset/haunted_place_2089.json,data/haunted_places_jsons_subset/haunted_place_2836.json,0.5
data/haunted_places_jsons_subset/haunted_place_2089.json,data/haunted_places_jsons_subset/haunted_place_9329.json,0.5
data/haunted_places_jsons_subset/haunted_place_2089.json,data/haunted_places_jsons_subset/haunted_place_6526.json,0.5
data/haunted_places_jsons_subset/haunted_place_2089.json,data/haunted_places_jsons_subset/haunted_place_3374.json,0.5
data/haunted_places_jsons_subset/haunted_place_2089.json,data/haunted_places_jsons_subset/haunted_place_1349.json,0.6363636363636364
data/haunted_places_jsons_subset/haunted_place_2089.json,data/haunted_places_jsons_subset/haunted_place_9779.json,0.5
data/haunted_places_jsons_subset/haunted_place_2089.json,data/haunted_places_jsons_subset/haunted_place_9283.json,0.5
data/haunted_places_jsons_subset/haunted_place_2089.json,data/haunted_places_jsons_subset/haunted_place_967.json,0.5
data/haunted_places_jsons_subset/haunted_place_2089.json,data/haunted_places_jsons_subset/haunted_place_6176.json,0.6363636363636364
data/haunted_places_jsons_subset/haunted_place_2089.json,data/haunted_places_jsons_subset/haunted_place_2135.json,0.5
data/haunted_places_jsons_subset/haunted_place_2089.json,data/haunted_places_jsons_subset/haunted_place_8538.json,0.5
data/haunted_places_jsons_subset/haunted_place_2089.json,data/haunted_places_jsons_subset/haunted_place_434.json,0.5
data/haunted_places_jsons_subset/haunted_place_2089.json,data/haunted_places_jsons_subset/haunted_place_7337.json,0.6363636363636364
data/haunted_places_jsons_subset/haunted_place_2089.json,data/haunted_places_jsons_subset/haunted_place_2565.json,0.6363636363636364
data/haunted_places_jsons_subset/haunted_place_2089.json,data/haunted_places_jsons_subset/haunted_place_8168.json,0.5
data/haunted_places_jsons_subset/haunted_place_2089.json,data/haunted_places_jsons_subset/haunted_place_8492.json,0.6363636363636364
data/haunted_places_jsons_subset/haunted_place_2089.json,data/haunted_places_jsons_subset/haunted_place_7767.json,0.5
data/haunted_places_jsons_subset/haunted_place_2089.json,data/haunted_places_jsons_subset/haunted_place_6875.json,0.5
data/haunted_places_jsons_subset/haunted_place_2089.json,data/haunted_places_jsons_subset/haunted_place_4848.json,0.5
data/haunted_places_jsons_subset/haunted_place_2089.json,data/haunted_places_jsons_subset/haunted_place_8187.json,0.5
data/haunted_places_jsons_subset/haunted_place_2089.json,data/haunted_places_jsons_subset/haunted_place_571.json,0.5
data/haunted_places_jsons_subset/haunted_place_2089.json,data/haunted_places_jsons_subset/haunted_place_7272.json,0.5
data/haunted_places_jsons_subset/haunted_place_2089.json,data/haunted_places_jsons_subset/haunted_place_2070.json,0.5
data/haunted_places_jsons_subset/haunted_place_2089.json,data/haunted_places_jsons_subset/haunted_place_7788.json,0.5
data/haunted_places_jsons_subset/haunted_place_2089.json,data/haunted_places_jsons_subset/haunted_place_7622.json,0.6363636363636364
data/haunted_places_jsons_subset/haunted_place_2089.json,data/haunted_places_jsons_subset/haunted_place_6930.json,0.6363636363636364
data/haunted_places_jsons_subset/haunted_place_2089.json,data/haunted_places_jsons_subset/haunted_place_121.json,0.5
data/haunted_places_jsons_subset/haunted_place_2089.json,data/haunted_places_jsons_subset/haunted_place_2420.json,0.5
data/haunted_places_jsons_subset/haunted_place_2089.json,data/haunted_places_jsons_subset/haunted_place_9796.json,0.5
data/haunted_places_jsons_subset/haunted_place_2089.json,data/haunted_places_jsons_subset/haunted_place_8884.json,0.6363636363636364
data/haunted_places_jsons_subset/haunted_place_2089.json,data/haunted_places_jsons_subset/haunted_place_6463.json,0.6363636363636364
data/haunted_places_jsons_subset/haunted_place_2089.json,data/haunted_places_jsons_subset/haunted_place_3661.json,0.5
data/haunted_places_jsons_subset/haunted_place_2089.json,data/haunted_places_jsons_subset/haunted_place_988.json,0.5
data/haunted_places_jsons_subset/haunted_place_2089.json,data/haunted_places_jsons_subset/haunted_place_6199.json,0.5
data/haunted_places_jsons_subset/haunted_place_2089.json,data/haunted_places_jsons_subset/haunted_place_2973.json,0.5
data/haunted_places_jsons_subset/haunted_place_2089.json,data/haunted_places_jsons_subset/haunted_place_6033.json,0.5
data/haunted_places_jsons_subset/haunted_place_2089.json,data/haunted_places_jsons_subset/haunted_place_822.json,0.6363636363636364
data/haunted_places_jsons_subset/haunted_place_2089.json,data/haunted_places_jsons_subset/haunted_place_3231.json,0.6363636363636364
data/haunted_places_jsons_subset/haunted_place_2089.json,data/haunted_places_jsons_subset/haunted_place_5536.json,0.5
data/haunted_places_jsons_subset/haunted_place_2089.json,data/haunted_places_jsons_subset/haunted_place_208.json,0.5
data/haunted_places_jsons_subset/haunted_place_2089.json,data/haunted_places_jsons_subset/haunted_place_10964.json,0.6363636363636364
data/haunted_places_jsons_subset/haunted_place_2089.json,data/haunted_places_jsons_subset/haunted_place_8304.json,0.5
data/haunted_places_jsons_subset/haunted_place_2089.json,data/haunted_places_jsons_subset/haunted_place_1826.json,0.5
data/haunted_places_jsons_subset/haunted_place_2089.json,data/haunted_places_jsons_subset/haunted_place_2709.json,0.5
data/haunted_places_jsons_subset/haunted_place_2089.json,data/haunted_places_jsons_subset/haunted_place_658.json,0.5
data/haunted_places_jsons_subset/haunted_place_2089.json,data/haunted_places_jsons_subset/haunted_place_5166.json,0.6363636363636364
data/haunted_places_jsons_subset/haunted_place_2089.json,data/haunted_places_jsons_subset/haunted_place_9846.json,0.5
data/haunted_places_jsons_subset/haunted_place_2089.json,data/haunted_places_jsons_subset/haunted_place_8754.json,0.5
data/haunted_places_jsons_subset/haunted_place_2089.json,data/haunted_places_jsons_subset/haunted_place_2359.json,0.5
data/haunted_places_jsons_subset/haunted_place_2089.json,data/haunted_places_jsons_subset/haunted_place_4327.json,0.5
data/haunted_places_jsons_subset/haunted_place_2089.json,data/haunted_places_jsons_subset/haunted_place_10067.json,0.5
data/haunted_places_jsons_subset/haunted_place_2089.json,data/haunted_places_jsons_subset/haunted_place_9515.json,0.5
data/haunted_places_jsons_subset/haunted_place_2089.json,data/haunted_places_jsons_subset/haunted_place_1125.json,0.6363636363636364
data/haunted_places_jsons_subset/haunted_place_2089.json,data/haunted_places_jsons_subset/haunted_place_3118.json,0.5
data/haunted_places_jsons_subset/haunted_place_2089.json,data/haunted_places_jsons_subset/haunted_place_7858.json,0.6363636363636364
data/haunted_places_jsons_subset/haunted_place_2089.json,data/haunted_places_jsons_subset/haunted_place_5865.json,0.5
data/haunted_places_jsons_subset/haunted_place_2089.json,data/haunted_places_jsons_subset/haunted_place_4777.json,0.5
data/haunted_places_jsons_subset/haunted_place_2089.json,data/haunted_places_jsons_subset/haunted_place_10437.json,0.5
data/haunted_places_jsons_subset/haunted_place_2089.json,data/haunted_places_jsons_subset/haunted_place_9145.json,0.5
data/haunted_places_jsons_subset/haunted_place_2089.json,data/haunted_places_jsons_subset/haunted_place_1575.json,0.5
data/haunted_places_jsons_subset/haunted_place_2089.json,data/haunted_places_jsons_subset/haunted_place_3548.json,0.6363636363636364
data/haunted_places_jsons_subset/haunted_place_2089.json,data/haunted_places_jsons_subset/haunted_place_9450.json,0.6363636363636364
data/haunted_places_jsons_subset/haunted_place_2089.json,data/haunted_places_jsons_subset/haunted_place_4798.json,0.5
data/haunted_places_jsons_subset/haunted_place_2089.json,data/haunted_places_jsons_subset/haunted_place_1060.json,0.6363636363636364
data/haunted_places_jsons_subset/haunted_place_2089.json,data/haunted_places_jsons_subset/haunted_place_4262.json,0.5
data/haunted_places_jsons_subset/haunted_place_2089.json,data/haunted_places_jsons_subset/haunted_place_10122.json,0.5
data/haunted_places_jsons_subset/haunted_place_2089.json,data/haunted_places_jsons_subset/haunted_place_10088.json,0.6363636363636364
data/haunted_places_jsons_subset/haunted_place_2089.json,data/haunted_places_jsons_subset/haunted_place_9000.json,0.5
data/haunted_places_jsons_subset/haunted_place_2089.json,data/haunted_places_jsons_subset/haunted_place_1430.json,0.5
data/haunted_places_jsons_subset/haunted_place_2089.json,data/haunted_places_jsons_subset/haunted_place_5920.json,0.5
data/haunted_places_jsons_subset/haunted_place_2089.json,data/haunted_places_jsons_subset/haunted_place_4632.json,0.5
data/haunted_places_jsons_subset/haunted_place_2089.json,data/haunted_places_jsons_subset/haunted_place_10572.json,0.6363636363636364
data/haunted_places_jsons_subset/haunted_place_2089.json,data/haunted_places_jsons_subset/haunted_place_8241.json,0.5
data/haunted_places_jsons_subset/haunted_place_2089.json,data/haunted_places_jsons_subset/haunted_place_1963.json,0.5
data/haunted_places_jsons_subset/haunted_place_2089.json,data/haunted_places_jsons_subset/haunted_place_5189.json,0.5
data/haunted_places_jsons_subset/haunted_place_2089.json,data/haunted_places_jsons_subset/haunted_place_5473.json,0.5
data/haunted_places_jsons_subset/haunted_place_2089.json,data/haunted_places_jsons_subset/haunted_place_10821.json,0.5
data/haunted_places_jsons_subset/haunted_place_2089.json,data/haunted_places_jsons_subset/haunted_place_9903.json,0.5
data/haunted_places_jsons_subset/haunted_place_2089.json,data/haunted_places_jsons_subset/haunted_place_8611.json,0.5
data/haunted_places_jsons_subset/haunted_place_2089.json,data/haunted_places_jsons_subset/haunted_place_5023.json,0.5
data/haunted_places_jsons_subset/haunted_place_2089.json,data/haunted_places_jsons_subset/haunted_place_5234.json,0.6363636363636364
data/haunted_places_jsons_subset/haunted_place_2089.json,data/haunted_places_jsons_subset/haunted_place_7209.json,0.6363636363636364
data/haunted_places_jsons_subset/haunted_place_2089.json,data/haunted_places_jsons_subset/haunted_place_8406.json,0.6363636363636364
data/haunted_places_jsons_subset/haunted_place_2089.json,data/haunted_places_jsons_subset/haunted_place_5664.json,0.6363636363636364
data/haunted_places_jsons_subset/haunted_place_2089.json,data/haunted_places_jsons_subset/haunted_place_7659.json,0.5
data/haunted_places_jsons_subset/haunted_place_2089.json,data/haunted_places_jsons_subset/haunted_place_4976.json,0.5
data/haunted_places_jsons_subset/haunted_place_2089.json,data/haunted_places_jsons_subset/haunted_place_8056.json,0.5
data/haunted_places_jsons_subset/haunted_place_2089.json,data/haunted_places_jsons_subset/haunted_place_6418.json,0.5
data/haunted_places_jsons_subset/haunted_place_2089.json,data/haunted_places_jsons_subset/haunted_place_4425.json,0.5
data/haunted_places_jsons_subset/haunted_place_2089.json,data/haunted_places_jsons_subset/haunted_place_10765.json,0.6363636363636364
data/haunted_places_jsons_subset/haunted_place_2089.json,data/haunted_places_jsons_subset/haunted_place_9217.json,0.5
data/haunted_places_jsons_subset/haunted_place_2089.json,data/haunted_places_jsons_subset/haunted_place_1627.json,0.5
data/haunted_places_jsons_subset/haunted_place_2089.json,data/haunted_places_jsons_subset/haunted_place_2908.json,0.5
data/haunted_places_jsons_subset/haunted_place_2089.json,data/haunted_places_jsons_subset/haunted_place_859.json,0.5
data/haunted_places_jsons_subset/haunted_place_2089.json,data/haunted_places_jsons_subset/haunted_place_6048.json,0.5
data/haunted_places_jsons_subset/haunted_place_2089.json,data/haunted_places_jsons_subset/haunted_place_4075.json,0.6363636363636364
data/haunted_places_jsons_subset/haunted_place_2089.json,data/haunted_places_jsons_subset/haunted_place_10335.json,0.5
data/haunted_places_jsons_subset/haunted_place_2089.json,data/haunted_places_jsons_subset/haunted_place_9647.json,0.5
data/haunted_places_jsons_subset/haunted_place_2089.json,data/haunted_places_jsons_subset/haunted_place_8955.json,0.5
data/haunted_places_jsons_subset/haunted_place_2089.json,data/haunted_places_jsons_subset/haunted_place_1277.json,0.6363636363636364
data/haunted_places_jsons_subset/haunted_place_2089.json,data/haunted_places_jsons_subset/haunted_place_9352.json,0.5
data/haunted_places_jsons_subset/haunted_place_2089.json,data/haunted_places_jsons_subset/haunted_place_1762.json,0.5
data/haunted_places_jsons_subset/haunted_place_2089.json,data/haunted_places_jsons_subset/haunted_place_1298.json,0.5
data/haunted_places_jsons_subset/haunted_place_2089.json,data/haunted_places_jsons_subset/haunted_place_4560.json,0.6363636363636364
data/haunted_places_jsons_subset/haunted_place_2089.json,data/haunted_places_jsons_subset/haunted_place_10620.json,0.5
data/haunted_places_jsons_subset/haunted_place_2089.json,data/haunted_places_jsons_subset/haunted_place_9702.json,0.6363636363636364
data/haunted_places_jsons_subset/haunted_place_2089.json,data/haunted_places_jsons_subset/haunted_place_8810.json,0.5
data/haunted_places_jsons_subset/haunted_place_2089.json,data/haunted_places_jsons_subset/haunted_place_1332.json,0.6363636363636364
data/haunted_places_jsons_subset/haunted_place_2089.json,data/haunted_places_jsons_subset/haunted_place_4130.json,0.5
data/haunted_places_jsons_subset/haunted_place_2089.json,data/haunted_places_jsons_subset/haunted_place_10270.json,0.5
data/haunted_places_jsons_subset/haunted_place_2089.json,data/haunted_places_jsons_subset/haunted_place_8543.json,0.6363636363636364
data/haunted_places_jsons_subset/haunted_place_2089.json,data/haunted_places_jsons_subset/haunted_place_4999.json,0.5
data/haunted_places_jsons_subset/haunted_place_2089.json,data/haunted_places_jsons_subset/haunted_place_5371.json,0.5
data/haunted_places_jsons_subset/haunted_place_2089.json,data/haunted_places_jsons_subset/haunted_place_8113.json,0.6363636363636364
data/haunted_places_jsons_subset/haunted_place_2089.json,data/haunted_places_jsons_subset/haunted_place_5721.json,0.5
data/haunted_places_jsons_subset/haunted_place_2089.json,data/haunted_places_jsons_subset/haunted_place_4833.json,0.5
data/haunted_places_jsons_subset/haunted_place_2089.json,data/haunted_places_jsons_subset/haunted_place_3026.json,0.5
data/haunted_places_jsons_subset/haunted_place_2089.json,data/haunted_places_jsons_subset/haunted_place_10159.json,0.6363636363636364
data/haunted_places_jsons_subset/haunted_place_2089.json,data/haunted_places_jsons_subset/haunted_place_4219.json,0.5
data/haunted_places_jsons_subset/haunted_place_2089.json,data/haunted_places_jsons_subset/haunted_place_6224.json,0.5
data/haunted_places_jsons_subset/haunted_place_2089.json,data/haunted_places_jsons_subset/haunted_place_3476.json,0.5
data/haunted_places_jsons_subset/haunted_place_2089.json,data/haunted_places_jsons_subset/haunted_place_10509.json,0.6363636363636364
data/haunted_places_jsons_subset/haunted_place_2089.json,data/haunted_places_jsons_subset/haunted_place_9581.json,0.5
data/haunted_places_jsons_subset/haunted_place_2089.json,data/haunted_places_jsons_subset/haunted_place_7966.json,0.5
data/haunted_places_jsons_subset/haunted_place_2089.json,data/haunted_places_jsons_subset/haunted_place_4649.json,0.5
data/haunted_places_jsons_subset/haunted_place_2089.json,data/haunted_places_jsons_subset/haunted_place_6674.json,0.5
data/haunted_places_jsons_subset/haunted_place_2089.json,data/haunted_places_jsons_subset/haunted_place_1918.json,0.5
data/haunted_places_jsons_subset/haunted_place_2089.json,data/haunted_places_jsons_subset/haunted_place_3925.json,0.6363636363636364
data/haunted_places_jsons_subset/haunted_place_2089.json,data/haunted_places_jsons_subset/haunted_place_2637.json,0.5
data/haunted_places_jsons_subset/haunted_place_2089.json,data/haunted_places_jsons_subset/haunted_place_76.json,0.5
data/haunted_places_jsons_subset/haunted_place_2089.json,data/haunted_places_jsons_subset/haunted_place_7435.json,0.5
data/haunted_places_jsons_subset/haunted_place_2089.json,data/haunted_places_jsons_subset/haunted_place_5408.json,0.5
data/haunted_places_jsons_subset/haunted_place_2089.json,data/haunted_places_jsons_subset/haunted_place_336.json,0.5
data/haunted_places_jsons_subset/haunted_place_2089.json,data/haunted_places_jsons_subset/haunted_place_2267.json,0.5
data/haunted_places_jsons_subset/haunted_place_2089.json,data/haunted_places_jsons_subset/haunted_place_9978.json,0.5
data/haunted_places_jsons_subset/haunted_place_2089.json,data/haunted_places_jsons_subset/haunted_place_8390.json,0.6363636363636364
data/haunted_places_jsons_subset/haunted_place_2089.json,data/haunted_places_jsons_subset/haunted_place_766.json,0.6363636363636364
data/haunted_places_jsons_subset/haunted_place_2089.json,data/haunted_places_jsons_subset/haunted_place_7065.json,0.5
data/haunted_places_jsons_subset/haunted_place_2089.json,data/haunted_places_jsons_subset/haunted_place_5058.json,0.5
data/haunted_places_jsons_subset/haunted_place_2089.json,data/haunted_places_jsons_subset/haunted_place_9997.json,0.5
data/haunted_places_jsons_subset/haunted_place_2089.json,data/haunted_places_jsons_subset/haunted_place_8685.json,0.6363636363636364
data/haunted_places_jsons_subset/haunted_place_2089.json,data/haunted_places_jsons_subset/haunted_place_7570.json,0.5
data/haunted_places_jsons_subset/haunted_place_2089.json,data/haunted_places_jsons_subset/haunted_place_2288.json,0.5
data/haunted_places_jsons_subset/haunted_place_2089.json,data/haunted_places_jsons_subset/haunted_place_273.json,0.6363636363636364
data/haunted_places_jsons_subset/haunted_place_2089.json,data/haunted_places_jsons_subset/haunted_place_3860.json,0.5
data/haunted_places_jsons_subset/haunted_place_2089.json,data/haunted_places_jsons_subset/haunted_place_789.json,0.5
data/haunted_places_jsons_subset/haunted_place_2089.json,data/haunted_places_jsons_subset/haunted_place_2772.json,0.5
data/haunted_places_jsons_subset/haunted_place_2089.json,data/haunted_places_jsons_subset/haunted_place_623.json,0.5
data/haunted_places_jsons_subset/haunted_place_2089.json,data/haunted_places_jsons_subset/haunted_place_7120.json,0.6363636363636364
data/haunted_places_jsons_subset/haunted_place_2089.json,data/haunted_places_jsons_subset/haunted_place_2322.json,0.5
data/haunted_places_jsons_subset/haunted_place_2089.json,data/haunted_places_jsons_subset/haunted_place_99.json,0.5
data/haunted_places_jsons_subset/haunted_place_2089.json,data/haunted_places_jsons_subset/haunted_place_9094.json,0.5
data/haunted_places_jsons_subset/haunted_place_2089.json,data/haunted_places_jsons_subset/haunted_place_6361.json,0.6363636363636364
data/haunted_places_jsons_subset/haunted_place_2089.json,data/haunted_places_jsons_subset/haunted_place_3499.json,0.5
data/haunted_places_jsons_subset/haunted_place_2089.json,data/haunted_places_jsons_subset/haunted_place_7989.json,0.6363636363636364
data/haunted_places_jsons_subset/haunted_place_2089.json,data/haunted_places_jsons_subset/haunted_place_3163.json,0.5
data/haunted_places_jsons_subset/haunted_place_2089.json,data/haunted_places_jsons_subset/haunted_place_7823.json,0.5
data/haunted_places_jsons_subset/haunted_place_2089.json,data/haunted_places_jsons_subset/haunted_place_6731.json,0.5
data/haunted_places_jsons_subset/haunted_place_2089.json,data/haunted_places_jsons_subset/haunted_place_3533.json,0.5
data/haunted_places_jsons_subset/haunted_place_2089.json,data/haunted_places_jsons_subset/haunted_place_10698.json,0.5
data/haunted_places_jsons_subset/haunted_place_2089.json,data/haunted_places_jsons_subset/haunted_place_9610.json,0.5
data/haunted_places_jsons_subset/haunted_place_2089.json,data/haunted_places_jsons_subset/haunted_place_8902.json,0.6363636363636364
data/haunted_places_jsons_subset/haunted_place_2089.json,data/haunted_places_jsons_subset/haunted_place_1220.json,0.5
data/haunted_places_jsons_subset/haunted_place_2089.json,data/haunted_places_jsons_subset/haunted_place_4022.json,0.5
data/haunted_places_jsons_subset/haunted_place_2089.json,data/haunted_places_jsons_subset/haunted_place_10362.json,0.5
data/haunted_places_jsons_subset/haunted_place_2089.json,data/haunted_places_jsons_subset/haunted_place_9240.json,0.5
data/haunted_places_jsons_subset/haunted_place_2089.json,data/haunted_places_jsons_subset/haunted_place_4188.json,0.6363636363636364
data/haunted_places_jsons_subset/haunted_place_2089.json,data/haunted_places_jsons_subset/haunted_place_1670.json,0.6363636363636364
data/haunted_places_jsons_subset/haunted_place_2089.json,data/haunted_places_jsons_subset/haunted_place_4472.json,0.5
data/haunted_places_jsons_subset/haunted_place_2089.json,data/haunted_places_jsons_subset/haunted_place_10732.json,0.5
data/haunted_places_jsons_subset/haunted_place_2089.json,data/haunted_places_jsons_subset/haunted_place_8001.json,0.5
data/haunted_places_jsons_subset/haunted_place_2089.json,data/haunted_places_jsons_subset/haunted_place_5633.json,0.5
data/haunted_places_jsons_subset/haunted_place_2089.json,data/haunted_places_jsons_subset/haunted_place_4921.json,0.5
data/haunted_places_jsons_subset/haunted_place_2089.json,data/haunted_places_jsons_subset/haunted_place_8451.json,0.5
data/haunted_places_jsons_subset/haunted_place_2089.json,data/haunted_places_jsons_subset/haunted_place_5799.json,0.5
data/haunted_places_jsons_subset/haunted_place_2089.json,data/haunted_places_jsons_subset/haunted_place_5263.json,0.5
data/haunted_places_jsons_subset/haunted_place_2089.json,data/haunted_places_jsons_subset/haunted_place_5776.json,0.5
data/haunted_places_jsons_subset/haunted_place_2089.json,data/haunted_places_jsons_subset/haunted_place_6859.json,0.5
data/haunted_places_jsons_subset/haunted_place_2089.json,data/haunted_places_jsons_subset/haunted_place_4864.json,0.6363636363636364
data/haunted_places_jsons_subset/haunted_place_2089.json,data/haunted_places_jsons_subset/haunted_place_8144.json,0.6363636363636364
data/haunted_places_jsons_subset/haunted_place_2089.json,data/haunted_places_jsons_subset/haunted_place_2549.json,0.5
data/haunted_places_jsons_subset/haunted_place_2089.json,data/haunted_places_jsons_subset/haunted_place_418.json,0.6363636363636364
data/haunted_places_jsons_subset/haunted_place_2089.json,data/haunted_places_jsons_subset/haunted_place_5326.json,0.5
data/haunted_places_jsons_subset/haunted_place_2089.json,data/haunted_places_jsons_subset/haunted_place_8514.json,0.6363636363636364
data/haunted_places_jsons_subset/haunted_place_2089.json,data/haunted_places_jsons_subset/haunted_place_2119.json,0.5
data/haunted_places_jsons_subset/haunted_place_2089.json,data/haunted_places_jsons_subset/haunted_place_4167.json,0.6363636363636364
data/haunted_places_jsons_subset/haunted_place_2089.json,data/haunted_places_jsons_subset/haunted_place_10227.json,0.5
data/haunted_places_jsons_subset/haunted_place_2089.json,data/haunted_places_jsons_subset/haunted_place_9755.json,0.5
data/haunted_places_jsons_subset/haunted_place_2089.json,data/haunted_places_jsons_subset/haunted_place_8847.json,0.5
data/haunted_places_jsons_subset/haunted_place_2089.json,data/haunted_places_jsons_subset/haunted_place_3358.json,0.5
data/haunted_places_jsons_subset/haunted_place_2089.json,data/haunted_places_jsons_subset/haunted_place_1365.json,0.6363636363636364
data/haunted_places_jsons_subset/haunted_place_2089.json,data/haunted_places_jsons_subset/haunted_place_4537.json,0.5
data/haunted_places_jsons_subset/haunted_place_2089.json,data/haunted_places_jsons_subset/haunted_place_10677.json,0.5
data/haunted_places_jsons_subset/haunted_place_2089.json,data/haunted_places_jsons_subset/haunted_place_9305.json,0.5
data/haunted_places_jsons_subset/haunted_place_2089.json,data/haunted_places_jsons_subset/haunted_place_3708.json,0.6363636363636364
data/haunted_places_jsons_subset/haunted_place_2089.json,data/haunted_places_jsons_subset/haunted_place_1735.json,0.5
data/haunted_places_jsons_subset/haunted_place_2089.json,data/haunted_places_jsons_subset/haunted_place_731.json,0.6363636363636364
data/haunted_places_jsons_subset/haunted_place_2089.json,data/haunted_places_jsons_subset/haunted_place_7032.json,0.6363636363636364
data/haunted_places_jsons_subset/haunted_place_2089.json,data/haunted_places_jsons_subset/haunted_place_2230.json,0.6363636363636364
data/haunted_places_jsons_subset/haunted_place_2089.json,data/haunted_places_jsons_subset/haunted_place_9885.json,0.5
data/haunted_places_jsons_subset/haunted_place_2089.json,data/haunted_places_jsons_subset/haunted_place_8797.json,0.5
data/haunted_places_jsons_subset/haunted_place_2089.json,data/haunted_places_jsons_subset/haunted_place_21.json,0.6363636363636364
data/haunted_places_jsons_subset/haunted_place_2089.json,data/haunted_places_jsons_subset/haunted_place_7462.json,0.5
data/haunted_places_jsons_subset/haunted_place_2089.json,data/haunted_places_jsons_subset/haunted_place_361.json,0.6363636363636364
data/haunted_places_jsons_subset/haunted_place_2089.json,data/haunted_places_jsons_subset/haunted_place_3972.json,0.5
data/haunted_places_jsons_subset/haunted_place_2089.json,data/haunted_places_jsons_subset/haunted_place_2660.json,0.5
data/haunted_places_jsons_subset/haunted_place_2089.json,data/haunted_places_jsons_subset/haunted_place_7198.json,0.5
data/haunted_places_jsons_subset/haunted_place_2089.json,data/haunted_places_jsons_subset/haunted_place_7931.json,0.5
data/haunted_places_jsons_subset/haunted_place_2089.json,data/haunted_places_jsons_subset/haunted_place_6623.json,0.5
data/haunted_places_jsons_subset/haunted_place_2089.json,data/haunted_places_jsons_subset/haunted_place_3421.json,0.5
data/haunted_places_jsons_subset/haunted_place_2089.json,data/haunted_places_jsons_subset/haunted_place_9186.json,0.6363636363636364
data/haunted_places_jsons_subset/haunted_place_2089.json,data/haunted_places_jsons_subset/haunted_place_6273.json,0.5
data/haunted_places_jsons_subset/haunted_place_2089.json,data/haunted_places_jsons_subset/haunted_place_3071.json,0.5
data/haunted_places_jsons_subset/haunted_place_2089.json,data/haunted_places_jsons_subset/haunted_place_6789.json,0.6363636363636364
data/haunted_places_jsons_subset/haunted_place_2089.json,data/haunted_places_jsons_subset/haunted_place_1559.json,0.5
data/haunted_places_jsons_subset/haunted_place_2089.json,data/haunted_places_jsons_subset/haunted_place_3564.json,0.5
data/haunted_places_jsons_subset/haunted_place_2089.json,data/haunted_places_jsons_subset/haunted_place_9169.json,0.6363636363636364
data/haunted_places_jsons_subset/haunted_place_2089.json,data/haunted_places_jsons_subset/haunted_place_9493.json,0.5
data/haunted_places_jsons_subset/haunted_place_2089.json,data/haunted_places_jsons_subset/haunted_place_7874.json,0.5
data/haunted_places_jsons_subset/haunted_place_2089.json,data/haunted_places_jsons_subset/haunted_place_5849.json,0.5
data/haunted_places_jsons_subset/haunted_place_2089.json,data/haunted_places_jsons_subset/haunted_place_6766.json,0.5
data/haunted_places_jsons_subset/haunted_place_2089.json,data/haunted_places_jsons_subset/haunted_place_1109.json,0.6363636363636364
data/haunted_places_jsons_subset/haunted_place_2089.json,data/haunted_places_jsons_subset/haunted_place_3134.json,0.5
data/haunted_places_jsons_subset/haunted_place_2089.json,data/haunted_places_jsons_subset/haunted_place_9539.json,0.5
data/haunted_places_jsons_subset/haunted_place_2089.json,data/haunted_places_jsons_subset/haunted_place_6336.json,0.5
data/haunted_places_jsons_subset/haunted_place_2089.json,data/haunted_places_jsons_subset/haunted_place_2375.json,0.6363636363636364
data/haunted_places_jsons_subset/haunted_place_2089.json,data/haunted_places_jsons_subset/haunted_place_8778.json,0.5
data/haunted_places_jsons_subset/haunted_place_2089.json,data/haunted_places_jsons_subset/haunted_place_8282.json,0.5
data/haunted_places_jsons_subset/haunted_place_2089.json,data/haunted_places_jsons_subset/haunted_place_674.json,0.5
data/haunted_places_jsons_subset/haunted_place_2089.json,data/haunted_places_jsons_subset/haunted_place_7177.json,0.5
data/haunted_places_jsons_subset/haunted_place_2089.json,data/haunted_places_jsons_subset/haunted_place_3837.json,0.5
data/haunted_places_jsons_subset/haunted_place_2089.json,data/haunted_places_jsons_subset/haunted_place_2725.json,0.5
data/haunted_places_jsons_subset/haunted_place_2089.json,data/haunted_places_jsons_subset/haunted_place_8328.json,0.6363636363636364
data/haunted_places_jsons_subset/haunted_place_2089.json,data/haunted_places_jsons_subset/haunted_place_10948.json,0.6363636363636364
data/haunted_places_jsons_subset/haunted_place_2089.json,data/haunted_places_jsons_subset/haunted_place_7527.json,0.5
data/haunted_places_jsons_subset/haunted_place_2089.json,data/haunted_places_jsons_subset/haunted_place_224.json,0.6363636363636364
data/haunted_places_jsons_subset/haunted_place_2089.json,data/haunted_places_jsons_subset/haunted_place_7248.json,0.5
data/haunted_places_jsons_subset/haunted_place_2089.json,data/haunted_places_jsons_subset/haunted_place_5275.json,0.5
data/haunted_places_jsons_subset/haunted_place_2089.json,data/haunted_places_jsons_subset/haunted_place_8447.json,0.5
data/haunted_places_jsons_subset/haunted_place_2089.json,data/haunted_places_jsons_subset/haunted_place_4937.json,0.5
data/haunted_places_jsons_subset/haunted_place_2089.json,data/haunted_places_jsons_subset/haunted_place_7618.json,0.5
data/haunted_places_jsons_subset/haunted_place_2089.json,data/haunted_places_jsons_subset/haunted_place_5625.json,0.5
data/haunted_places_jsons_subset/haunted_place_2089.json,data/haunted_places_jsons_subset/haunted_place_8017.json,0.5
data/haunted_places_jsons_subset/haunted_place_2089.json,data/haunted_places_jsons_subset/haunted_place_10724.json,0.6363636363636364
data/haunted_places_jsons_subset/haunted_place_2089.json,data/haunted_places_jsons_subset/haunted_place_4464.json,0.6363636363636364
data/haunted_places_jsons_subset/haunted_place_2089.json,data/haunted_places_jsons_subset/haunted_place_6459.json,0.5
data/haunted_places_jsons_subset/haunted_place_2089.json,data/haunted_places_jsons_subset/haunted_place_2949.json,0.5
data/haunted_places_jsons_subset/haunted_place_2089.json,data/haunted_places_jsons_subset/haunted_place_1666.json,0.6363636363636364
data/haunted_places_jsons_subset/haunted_place_2089.json,data/haunted_places_jsons_subset/haunted_place_9256.json,0.5
data/haunted_places_jsons_subset/haunted_place_2089.json,data/haunted_places_jsons_subset/haunted_place_10374.json,0.5
data/haunted_places_jsons_subset/haunted_place_2089.json,data/haunted_places_jsons_subset/haunted_place_4034.json,0.5
data/haunted_places_jsons_subset/haunted_place_2089.json,data/haunted_places_jsons_subset/haunted_place_6009.json,0.6363636363636364
data/haunted_places_jsons_subset/haunted_place_2089.json,data/haunted_places_jsons_subset/haunted_place_818.json,0.5
data/haunted_places_jsons_subset/haunted_place_2089.json,data/haunted_places_jsons_subset/haunted_place_1236.json,0.5
data/haunted_places_jsons_subset/haunted_place_2089.json,data/haunted_places_jsons_subset/haunted_place_8914.json,0.5
data/haunted_places_jsons_subset/haunted_place_2089.json,data/haunted_places_jsons_subset/haunted_place_9606.json,0.5
data/haunted_places_jsons_subset/haunted_place_2089.json,data/haunted_places_jsons_subset/haunted_place_1723.json,0.5
data/haunted_places_jsons_subset/haunted_place_2089.json,data/haunted_places_jsons_subset/haunted_place_9313.json,0.5
data/haunted_places_jsons_subset/haunted_place_2089.json,data/haunted_places_jsons_subset/haunted_place_10661.json,0.6363636363636364
data/haunted_places_jsons_subset/haunted_place_2089.json,data/haunted_places_jsons_subset/haunted_place_4521.json,0.5
data/haunted_places_jsons_subset/haunted_place_2089.json,data/haunted_places_jsons_subset/haunted_place_1373.json,0.5
data/haunted_places_jsons_subset/haunted_place_2089.json,data/haunted_places_jsons_subset/haunted_place_8851.json,0.6363636363636364
data/haunted_places_jsons_subset/haunted_place_2089.json,data/haunted_places_jsons_subset/haunted_place_9743.json,0.5
data/haunted_places_jsons_subset/haunted_place_2089.json,data/haunted_places_jsons_subset/haunted_place_10231.json,0.6363636363636364
data/haunted_places_jsons_subset/haunted_place_2089.json,data/haunted_places_jsons_subset/haunted_place_1689.json,0.6363636363636364
data/haunted_places_jsons_subset/haunted_place_2089.json,data/haunted_places_jsons_subset/haunted_place_4171.json,0.6363636363636364
data/haunted_places_jsons_subset/haunted_place_2089.json,data/haunted_places_jsons_subset/haunted_place_8502.json,0.5
data/haunted_places_jsons_subset/haunted_place_2089.json,data/haunted_places_jsons_subset/haunted_place_5330.json,0.5
data/haunted_places_jsons_subset/haunted_place_2089.json,data/haunted_places_jsons_subset/haunted_place_8152.json,0.5
data/haunted_places_jsons_subset/haunted_place_2089.json,data/haunted_places_jsons_subset/haunted_place_4872.json,0.5
data/haunted_places_jsons_subset/haunted_place_2089.json,data/haunted_places_jsons_subset/haunted_place_5760.json,0.5
data/haunted_places_jsons_subset/haunted_place_2089.json,data/haunted_places_jsons_subset/haunted_place_3067.json,0.5
data/haunted_places_jsons_subset/haunted_place_2089.json,data/haunted_places_jsons_subset/haunted_place_6265.json,0.5
data/haunted_places_jsons_subset/haunted_place_2089.json,data/haunted_places_jsons_subset/haunted_place_4258.json,0.5
data/haunted_places_jsons_subset/haunted_place_2089.json,data/haunted_places_jsons_subset/haunted_place_10118.json,0.6363636363636364
data/haunted_places_jsons_subset/haunted_place_2089.json,data/haunted_places_jsons_subset/haunted_place_9190.json,0.5
data/haunted_places_jsons_subset/haunted_place_2089.json,data/haunted_places_jsons_subset/haunted_place_3437.json,0.5
data/haunted_places_jsons_subset/haunted_place_2089.json,data/haunted_places_jsons_subset/haunted_place_6635.json,0.5
data/haunted_places_jsons_subset/haunted_place_2089.json,data/haunted_places_jsons_subset/haunted_place_4608.json,0.5
data/haunted_places_jsons_subset/haunted_place_2089.json,data/haunted_places_jsons_subset/haunted_place_7927.json,0.5
data/haunted_places_jsons_subset/haunted_place_2089.json,data/haunted_places_jsons_subset/haunted_place_10548.json,0.5
data/haunted_places_jsons_subset/haunted_place_2089.json,data/haunted_places_jsons_subset/haunted_place_2676.json,0.5
data/haunted_places_jsons_subset/haunted_place_2089.json,data/haunted_places_jsons_subset/haunted_place_3964.json,0.6363636363636364
data/haunted_places_jsons_subset/haunted_place_2089.json,data/haunted_places_jsons_subset/haunted_place_1959.json,0.5
data/haunted_places_jsons_subset/haunted_place_2089.json,data/haunted_places_jsons_subset/haunted_place_377.json,0.5
data/haunted_places_jsons_subset/haunted_place_2089.json,data/haunted_places_jsons_subset/haunted_place_5449.json,0.5
data/haunted_places_jsons_subset/haunted_place_2089.json,data/haunted_places_jsons_subset/haunted_place_7474.json,0.5
data/haunted_places_jsons_subset/haunted_place_2089.json,data/haunted_places_jsons_subset/haunted_place_8781.json,0.5
data/haunted_places_jsons_subset/haunted_place_2089.json,data/haunted_places_jsons_subset/haunted_place_37.json,0.5
data/haunted_places_jsons_subset/haunted_place_2089.json,data/haunted_places_jsons_subset/haunted_place_9893.json,0.5
data/haunted_places_jsons_subset/haunted_place_2089.json,data/haunted_places_jsons_subset/haunted_place_9939.json,0.5
data/haunted_places_jsons_subset/haunted_place_2089.json,data/haunted_places_jsons_subset/haunted_place_2226.json,0.5
data/haunted_places_jsons_subset/haunted_place_2089.json,data/haunted_places_jsons_subset/haunted_place_5019.json,0.5
data/haunted_places_jsons_subset/haunted_place_2089.json,data/haunted_places_jsons_subset/haunted_place_7024.json,0.5
data/haunted_places_jsons_subset/haunted_place_2089.json,data/haunted_places_jsons_subset/haunted_place_727.json,0.5
data/haunted_places_jsons_subset/haunted_place_2089.json,data/haunted_places_jsons_subset/haunted_place_232.json,0.5
data/haunted_places_jsons_subset/haunted_place_2089.json,data/haunted_places_jsons_subset/haunted_place_7531.json,0.6363636363636364
data/haunted_places_jsons_subset/haunted_place_2089.json,data/haunted_places_jsons_subset/haunted_place_2733.json,0.6363636363636364
data/haunted_places_jsons_subset/haunted_place_2089.json,data/haunted_places_jsons_subset/haunted_place_3821.json,0.6363636363636364
data/haunted_places_jsons_subset/haunted_place_2089.json,data/haunted_places_jsons_subset/haunted_place_7161.json,0.5
data/haunted_places_jsons_subset/haunted_place_2089.json,data/haunted_places_jsons_subset/haunted_place_2699.json,0.5
data/haunted_places_jsons_subset/haunted_place_2089.json,data/haunted_places_jsons_subset/haunted_place_662.json,0.6363636363636364
data/haunted_places_jsons_subset/haunted_place_2089.json,data/haunted_places_jsons_subset/haunted_place_8294.json,0.5
data/haunted_places_jsons_subset/haunted_place_2089.json,data/haunted_places_jsons_subset/haunted_place_398.json,0.5
data/haunted_places_jsons_subset/haunted_place_2089.json,data/haunted_places_jsons_subset/haunted_place_2363.json,0.5
data/haunted_places_jsons_subset/haunted_place_2089.json,data/haunted_places_jsons_subset/haunted_place_6320.json,0.6363636363636364
data/haunted_places_jsons_subset/haunted_place_2089.json,data/haunted_places_jsons_subset/haunted_place_3122.json,0.5
data/haunted_places_jsons_subset/haunted_place_2089.json,data/haunted_places_jsons_subset/haunted_place_6770.json,0.5
data/haunted_places_jsons_subset/haunted_place_2089.json,data/haunted_places_jsons_subset/haunted_place_3088.json,0.6363636363636364
data/haunted_places_jsons_subset/haunted_place_2089.json,data/haunted_places_jsons_subset/haunted_place_7862.json,0.6363636363636364
data/haunted_places_jsons_subset/haunted_place_2089.json,data/haunted_places_jsons_subset/haunted_place_9485.json,0.6363636363636364
data/haunted_places_jsons_subset/haunted_place_2089.json,data/haunted_places_jsons_subset/haunted_place_3572.json,0.5
data/haunted_places_jsons_subset/haunted_place_2089.json,data/haunted_places_jsons_subset/haunted_place_4599.json,0.5
data/haunted_places_jsons_subset/haunted_place_2089.json,data/haunted_places_jsons_subset/haunted_place_1261.json,0.5
data/haunted_places_jsons_subset/haunted_place_2089.json,data/haunted_places_jsons_subset/haunted_place_8943.json,0.5
data/haunted_places_jsons_subset/haunted_place_2089.json,data/haunted_places_jsons_subset/haunted_place_9651.json,0.5
data/haunted_places_jsons_subset/haunted_place_2089.json,data/haunted_places_jsons_subset/haunted_place_10323.json,0.6363636363636364
data/haunted_places_jsons_subset/haunted_place_2089.json,data/haunted_places_jsons_subset/haunted_place_4063.json,0.5
data/haunted_places_jsons_subset/haunted_place_2089.json,data/haunted_places_jsons_subset/haunted_place_1631.json,0.5
data/haunted_places_jsons_subset/haunted_place_2089.json,data/haunted_places_jsons_subset/haunted_place_10289.json,0.6363636363636364
data/haunted_places_jsons_subset/haunted_place_2089.json,data/haunted_places_jsons_subset/haunted_place_9201.json,0.6363636363636364
data/haunted_places_jsons_subset/haunted_place_2089.json,data/haunted_places_jsons_subset/haunted_place_10773.json,0.5
data/haunted_places_jsons_subset/haunted_place_2089.json,data/haunted_places_jsons_subset/haunted_place_4433.json,0.5
data/haunted_places_jsons_subset/haunted_place_2089.json,data/haunted_places_jsons_subset/haunted_place_5388.json,0.5
data/haunted_places_jsons_subset/haunted_place_2089.json,data/haunted_places_jsons_subset/haunted_place_8040.json,0.6363636363636364
data/haunted_places_jsons_subset/haunted_place_2089.json,data/haunted_places_jsons_subset/haunted_place_4960.json,0.6363636363636364
data/haunted_places_jsons_subset/haunted_place_2089.json,data/haunted_places_jsons_subset/haunted_place_5672.json,0.6363636363636364
data/haunted_places_jsons_subset/haunted_place_2089.json,data/haunted_places_jsons_subset/haunted_place_8410.json,0.5
data/haunted_places_jsons_subset/haunted_place_2089.json,data/haunted_places_jsons_subset/haunted_place_5222.json,0.5
data/haunted_places_jsons_subset/haunted_place_2089.json,data/haunted_places_jsons_subset/haunted_place_4825.json,0.6363636363636364
data/haunted_places_jsons_subset/haunted_place_2089.json,data/haunted_places_jsons_subset/haunted_place_6818.json,0.6363636363636364
data/haunted_places_jsons_subset/haunted_place_2089.json,data/haunted_places_jsons_subset/haunted_place_5737.json,0.5
data/haunted_places_jsons_subset/haunted_place_2089.json,data/haunted_places_jsons_subset/haunted_place_2508.json,0.5
data/haunted_places_jsons_subset/haunted_place_2089.json,data/haunted_places_jsons_subset/haunted_place_8105.json,0.5
data/haunted_places_jsons_subset/haunted_place_2089.json,data/haunted_places_jsons_subset/haunted_place_5367.json,0.6363636363636364
data/haunted_places_jsons_subset/haunted_place_2089.json,data/haunted_places_jsons_subset/haunted_place_459.json,0.5
data/haunted_places_jsons_subset/haunted_place_2089.json,data/haunted_places_jsons_subset/haunted_place_2158.json,0.6363636363636364
data/haunted_places_jsons_subset/haunted_place_2089.json,data/haunted_places_jsons_subset/haunted_place_8555.json,0.5
data/haunted_places_jsons_subset/haunted_place_2089.json,data/haunted_places_jsons_subset/haunted_place_10266.json,0.5
data/haunted_places_jsons_subset/haunted_place_2089.json,data/haunted_places_jsons_subset/haunted_place_4126.json,0.6363636363636364
data/haunted_places_jsons_subset/haunted_place_2089.json,data/haunted_places_jsons_subset/haunted_place_1324.json,0.6363636363636364
data/haunted_places_jsons_subset/haunted_place_2089.json,data/haunted_places_jsons_subset/haunted_place_3319.json,0.6363636363636364
data/haunted_places_jsons_subset/haunted_place_2089.json,data/haunted_places_jsons_subset/haunted_place_8806.json,0.5
data/haunted_places_jsons_subset/haunted_place_2089.json,data/haunted_places_jsons_subset/haunted_place_9714.json,0.5
data/haunted_places_jsons_subset/haunted_place_2089.json,data/haunted_places_jsons_subset/haunted_place_10636.json,0.5
data/haunted_places_jsons_subset/haunted_place_2089.json,data/haunted_places_jsons_subset/haunted_place_4576.json,0.5
data/haunted_places_jsons_subset/haunted_place_2089.json,data/haunted_places_jsons_subset/haunted_place_1774.json,0.6363636363636364
data/haunted_places_jsons_subset/haunted_place_2089.json,data/haunted_places_jsons_subset/haunted_place_3749.json,0.5
data/haunted_places_jsons_subset/haunted_place_2089.json,data/haunted_places_jsons_subset/haunted_place_9344.json,0.5
data/haunted_places_jsons_subset/haunted_place_2089.json,data/haunted_places_jsons_subset/haunted_place_7073.json,0.5
data/haunted_places_jsons_subset/haunted_place_2089.json,data/haunted_places_jsons_subset/haunted_place_770.json,0.6363636363636364
data/haunted_places_jsons_subset/haunted_place_2089.json,data/haunted_places_jsons_subset/haunted_place_3899.json,0.5
data/haunted_places_jsons_subset/haunted_place_2089.json,data/haunted_places_jsons_subset/haunted_place_8386.json,0.5
data/haunted_places_jsons_subset/haunted_place_2089.json,data/haunted_places_jsons_subset/haunted_place_2271.json,0.5
data/haunted_places_jsons_subset/haunted_place_2089.json,data/haunted_places_jsons_subset/haunted_place_7589.json,0.5
data/haunted_places_jsons_subset/haunted_place_2089.json,data/haunted_places_jsons_subset/haunted_place_320.json,0.5
data/haunted_places_jsons_subset/haunted_place_2089.json,data/haunted_places_jsons_subset/haunted_place_7423.json,0.6363636363636364
data/haunted_places_jsons_subset/haunted_place_2089.json,data/haunted_places_jsons_subset/haunted_place_60.json,0.6363636363636364
data/haunted_places_jsons_subset/haunted_place_2089.json,data/haunted_places_jsons_subset/haunted_place_2621.json,0.6363636363636364
data/haunted_places_jsons_subset/haunted_place_2089.json,data/haunted_places_jsons_subset/haunted_place_3933.json,0.6363636363636364
data/haunted_places_jsons_subset/haunted_place_2089.json,data/haunted_places_jsons_subset/haunted_place_6662.json,0.5
data/haunted_places_jsons_subset/haunted_place_2089.json,data/haunted_places_jsons_subset/haunted_place_7970.json,0.6363636363636364
data/haunted_places_jsons_subset/haunted_place_2089.json,data/haunted_places_jsons_subset/haunted_place_9597.json,0.5
data/haunted_places_jsons_subset/haunted_place_2089.json,data/haunted_places_jsons_subset/haunted_place_3460.json,0.6363636363636364
data/haunted_places_jsons_subset/haunted_place_2089.json,data/haunted_places_jsons_subset/haunted_place_6398.json,0.6363636363636364
data/haunted_places_jsons_subset/haunted_place_2089.json,data/haunted_places_jsons_subset/haunted_place_6232.json,0.5
data/haunted_places_jsons_subset/haunted_place_2089.json,data/haunted_places_jsons_subset/haunted_place_3030.json,0.6363636363636364
data/haunted_places_jsons_subset/haunted_place_2089.json,data/haunted_places_jsons_subset/haunted_place_9128.json,0.6363636363636364
data/haunted_places_jsons_subset/haunted_place_2089.json,data/haunted_places_jsons_subset/haunted_place_3525.json,0.5
data/haunted_places_jsons_subset/haunted_place_2089.json,data/haunted_places_jsons_subset/haunted_place_1518.json,0.5
data/haunted_places_jsons_subset/haunted_place_2089.json,data/haunted_places_jsons_subset/haunted_place_6727.json,0.6363636363636364
data/haunted_places_jsons_subset/haunted_place_2089.json,data/haunted_places_jsons_subset/haunted_place_5808.json,0.5
data/haunted_places_jsons_subset/haunted_place_2089.json,data/haunted_places_jsons_subset/haunted_place_7835.json,0.6363636363636364
data/haunted_places_jsons_subset/haunted_place_2089.json,data/haunted_places_jsons_subset/haunted_place_9578.json,0.6363636363636364
data/haunted_places_jsons_subset/haunted_place_2089.json,data/haunted_places_jsons_subset/haunted_place_3175.json,0.6363636363636364
data/haunted_places_jsons_subset/haunted_place_2089.json,data/haunted_places_jsons_subset/haunted_place_1148.json,0.6363636363636364
data/haunted_places_jsons_subset/haunted_place_2089.json,data/haunted_places_jsons_subset/haunted_place_6377.json,0.5
data/haunted_places_jsons_subset/haunted_place_2089.json,data/haunted_places_jsons_subset/haunted_place_9082.json,0.5
data/haunted_places_jsons_subset/haunted_place_2089.json,data/haunted_places_jsons_subset/haunted_place_8739.json,0.5
data/haunted_places_jsons_subset/haunted_place_2089.json,data/haunted_places_jsons_subset/haunted_place_2334.json,0.5
data/haunted_places_jsons_subset/haunted_place_2089.json,data/haunted_places_jsons_subset/haunted_place_7136.json,0.5
data/haunted_places_jsons_subset/haunted_place_2089.json,data/haunted_places_jsons_subset/haunted_place_635.json,0.5
data/haunted_places_jsons_subset/haunted_place_2089.json,data/haunted_places_jsons_subset/haunted_place_8369.json,0.5
data/haunted_places_jsons_subset/haunted_place_2089.json,data/haunted_places_jsons_subset/haunted_place_2764.json,0.6363636363636364
data/haunted_places_jsons_subset/haunted_place_2089.json,data/haunted_places_jsons_subset/haunted_place_3876.json,0.6363636363636364
data/haunted_places_jsons_subset/haunted_place_2089.json,data/haunted_places_jsons_subset/haunted_place_265.json,0.5
data/haunted_places_jsons_subset/haunted_place_2089.json,data/haunted_places_jsons_subset/haunted_place_7566.json,0.5
data/haunted_places_jsons_subset/haunted_place_2089.json,data/haunted_places_jsons_subset/haunted_place_8693.json,0.5
data/haunted_places_jsons_subset/haunted_place_2089.json,data/haunted_places_jsons_subset/haunted_place_10909.json,0.5
data/haunted_places_jsons_subset/haunted_place_2089.json,data/haunted_places_jsons_subset/haunted_place_9981.json,0.6363636363636364
data/haunted_places_jsons_subset/haunted_place_2089.json,data/haunted_places_jsons_subset/haunted_place_212.json,0.5
data/haunted_places_jsons_subset/haunted_place_2089.json,data/haunted_places_jsons_subset/haunted_place_7511.json,0.5
data/haunted_places_jsons_subset/haunted_place_2089.json,data/haunted_places_jsons_subset/haunted_place_2713.json,0.5
data/haunted_places_jsons_subset/haunted_place_2089.json,data/haunted_places_jsons_subset/haunted_place_3801.json,0.5
data/haunted_places_jsons_subset/haunted_place_2089.json,data/haunted_places_jsons_subset/haunted_place_7141.json,0.6363636363636364
data/haunted_places_jsons_subset/haunted_place_2089.json,data/haunted_places_jsons_subset/haunted_place_642.json,0.5
data/haunted_places_jsons_subset/haunted_place_2089.json,data/haunted_places_jsons_subset/haunted_place_1996.json,0.5
data/haunted_places_jsons_subset/haunted_place_2089.json,data/haunted_places_jsons_subset/haunted_place_5486.json,0.5
data/haunted_places_jsons_subset/haunted_place_2089.json,data/haunted_places_jsons_subset/haunted_place_2343.json,0.6363636363636364
data/haunted_places_jsons_subset/haunted_place_2089.json,data/haunted_places_jsons_subset/haunted_place_6300.json,0.5
data/haunted_places_jsons_subset/haunted_place_2089.json,data/haunted_places_jsons_subset/haunted_place_10587.json,0.6363636363636364
data/haunted_places_jsons_subset/haunted_place_2089.json,data/haunted_places_jsons_subset/haunted_place_3102.json,0.5
data/haunted_places_jsons_subset/haunted_place_2089.json,data/haunted_places_jsons_subset/haunted_place_6750.json,0.6363636363636364
data/haunted_places_jsons_subset/haunted_place_2089.json,data/haunted_places_jsons_subset/haunted_place_1095.json,0.5
data/haunted_places_jsons_subset/haunted_place_2089.json,data/haunted_places_jsons_subset/haunted_place_7842.json,0.5
data/haunted_places_jsons_subset/haunted_place_2089.json,data/haunted_places_jsons_subset/haunted_place_3552.json,0.5
data/haunted_places_jsons_subset/haunted_place_2089.json,data/haunted_places_jsons_subset/haunted_place_4297.json,0.5
data/haunted_places_jsons_subset/haunted_place_2089.json,data/haunted_places_jsons_subset/haunted_place_4782.json,0.5
data/haunted_places_jsons_subset/haunted_place_2089.json,data/haunted_places_jsons_subset/haunted_place_3047.json,0.6363636363636364
data/haunted_places_jsons_subset/haunted_place_2089.json,data/haunted_places_jsons_subset/haunted_place_5890.json,0.5
data/haunted_places_jsons_subset/haunted_place_2089.json,data/haunted_places_jsons_subset/haunted_place_1580.json,0.5
data/haunted_places_jsons_subset/haunted_place_2089.json,data/haunted_places_jsons_subset/haunted_place_4278.json,0.5
data/haunted_places_jsons_subset/haunted_place_2089.json,data/haunted_places_jsons_subset/haunted_place_6245.json,0.5
data/haunted_places_jsons_subset/haunted_place_2089.json,data/haunted_places_jsons_subset/haunted_place_10138.json,0.6363636363636364
data/haunted_places_jsons_subset/haunted_place_2089.json,data/haunted_places_jsons_subset/haunted_place_10092.json,0.6363636363636364
data/haunted_places_jsons_subset/haunted_place_2089.json,data/haunted_places_jsons_subset/haunted_place_3417.json,0.5
data/haunted_places_jsons_subset/haunted_place_2089.json,data/haunted_places_jsons_subset/haunted_place_4628.json,0.5
data/haunted_places_jsons_subset/haunted_place_2089.json,data/haunted_places_jsons_subset/haunted_place_6615.json,0.6363636363636364
data/haunted_places_jsons_subset/haunted_place_2089.json,data/haunted_places_jsons_subset/haunted_place_7907.json,0.5
data/haunted_places_jsons_subset/haunted_place_2089.json,data/haunted_places_jsons_subset/haunted_place_10568.json,0.5
data/haunted_places_jsons_subset/haunted_place_2089.json,data/haunted_places_jsons_subset/haunted_place_2656.json,0.5
data/haunted_places_jsons_subset/haunted_place_2089.json,data/haunted_places_jsons_subset/haunted_place_5193.json,0.6363636363636364
data/haunted_places_jsons_subset/haunted_place_2089.json,data/haunted_places_jsons_subset/haunted_place_1979.json,0.6363636363636364
data/haunted_places_jsons_subset/haunted_place_2089.json,data/haunted_places_jsons_subset/haunted_place_3944.json,0.5
data/haunted_places_jsons_subset/haunted_place_2089.json,data/haunted_places_jsons_subset/haunted_place_357.json,0.6363636363636364
data/haunted_places_jsons_subset/haunted_place_2089.json,data/haunted_places_jsons_subset/haunted_place_7454.json,0.5
data/haunted_places_jsons_subset/haunted_place_2089.json,data/haunted_places_jsons_subset/haunted_place_5469.json,0.6363636363636364
data/haunted_places_jsons_subset/haunted_place_2089.json,data/haunted_places_jsons_subset/haunted_place_17.json,0.5
data/haunted_places_jsons_subset/haunted_place_2089.json,data/haunted_places_jsons_subset/haunted_place_10991.json,0.5
data/haunted_places_jsons_subset/haunted_place_2089.json,data/haunted_places_jsons_subset/haunted_place_9919.json,0.5
data/haunted_places_jsons_subset/haunted_place_2089.json,data/haunted_places_jsons_subset/haunted_place_2206.json,0.6363636363636364
data/haunted_places_jsons_subset/haunted_place_2089.json,data/haunted_places_jsons_subset/haunted_place_7004.json,0.5
data/haunted_places_jsons_subset/haunted_place_2089.json,data/haunted_places_jsons_subset/haunted_place_5039.json,0.5
data/haunted_places_jsons_subset/haunted_place_2089.json,data/haunted_places_jsons_subset/haunted_place_707.json,0.5
data/haunted_places_jsons_subset/haunted_place_2089.json,data/haunted_places_jsons_subset/haunted_place_1703.json,0.5
data/haunted_places_jsons_subset/haunted_place_2089.json,data/haunted_places_jsons_subset/haunted_place_9333.json,0.6363636363636364
data/haunted_places_jsons_subset/haunted_place_2089.json,data/haunted_places_jsons_subset/haunted_place_10641.json,0.5
data/haunted_places_jsons_subset/haunted_place_2089.json,data/haunted_places_jsons_subset/haunted_place_4501.json,0.5
data/haunted_places_jsons_subset/haunted_place_2089.json,data/haunted_places_jsons_subset/haunted_place_1353.json,0.5
data/haunted_places_jsons_subset/haunted_place_2089.json,data/haunted_places_jsons_subset/haunted_place_6496.json,0.6363636363636364
data/haunted_places_jsons_subset/haunted_place_2089.json,data/haunted_places_jsons_subset/haunted_place_8871.json,0.5
data/haunted_places_jsons_subset/haunted_place_2089.json,data/haunted_places_jsons_subset/haunted_place_9763.json,0.5
data/haunted_places_jsons_subset/haunted_place_2089.json,data/haunted_places_jsons_subset/haunted_place_10211.json,0.5
data/haunted_places_jsons_subset/haunted_place_2089.json,data/haunted_places_jsons_subset/haunted_place_9299.json,0.5
data/haunted_places_jsons_subset/haunted_place_2089.json,data/haunted_places_jsons_subset/haunted_place_2986.json,0.5
data/haunted_places_jsons_subset/haunted_place_2089.json,data/haunted_places_jsons_subset/haunted_place_4151.json,0.5
data/haunted_places_jsons_subset/haunted_place_2089.json,data/haunted_places_jsons_subset/haunted_place_3694.json,0.5
data/haunted_places_jsons_subset/haunted_place_2089.json,data/haunted_places_jsons_subset/haunted_place_8522.json,0.5
data/haunted_places_jsons_subset/haunted_place_2089.json,data/haunted_places_jsons_subset/haunted_place_5310.json,0.5
data/haunted_places_jsons_subset/haunted_place_2089.json,data/haunted_places_jsons_subset/haunted_place_7287.json,0.6363636363636364
data/haunted_places_jsons_subset/haunted_place_2089.json,data/haunted_places_jsons_subset/haunted_place_584.json,0.6363636363636364
data/haunted_places_jsons_subset/haunted_place_2089.json,data/haunted_places_jsons_subset/haunted_place_8172.json,0.5
data/haunted_places_jsons_subset/haunted_place_2089.json,data/haunted_places_jsons_subset/haunted_place_8488.json,0.5
data/haunted_places_jsons_subset/haunted_place_2089.json,data/haunted_places_jsons_subset/haunted_place_4852.json,0.5
data/haunted_places_jsons_subset/haunted_place_2089.json,data/haunted_places_jsons_subset/haunted_place_2085.json,0.5
data/haunted_places_jsons_subset/haunted_place_2089.json,data/haunted_places_jsons_subset/haunted_place_5740.json,0.5
data/haunted_places_jsons_subset/haunted_place_8484.json,data/haunted_places_jsons_subset/haunted_place_2573.json,0.5
data/haunted_places_jsons_subset/haunted_place_8484.json,data/haunted_places_jsons_subset/haunted_place_588.json,0.5
data/haunted_places_jsons_subset/haunted_place_8484.json,data/haunted_places_jsons_subset/haunted_place_7321.json,0.5
data/haunted_places_jsons_subset/haunted_place_8484.json,data/haunted_places_jsons_subset/haunted_place_422.json,0.5
data/haunted_places_jsons_subset/haunted_place_8484.json,data/haunted_places_jsons_subset/haunted_place_2123.json,0.5
data/haunted_places_jsons_subset/haunted_place_8484.json,data/haunted_places_jsons_subset/haunted_place_971.json,0.5
data/haunted_places_jsons_subset/haunted_place_8484.json,data/haunted_places_jsons_subset/haunted_place_6160.json,0.5
data/haunted_places_jsons_subset/haunted_place_8484.json,data/haunted_places_jsons_subset/haunted_place_3698.json,0.6363636363636364
data/haunted_places_jsons_subset/haunted_place_8484.json,data/haunted_places_jsons_subset/haunted_place_9295.json,0.5
data/haunted_places_jsons_subset/haunted_place_8484.json,data/haunted_places_jsons_subset/haunted_place_3362.json,0.5
data/haunted_places_jsons_subset/haunted_place_8484.json,data/haunted_places_jsons_subset/haunted_place_6530.json,0.5
data/haunted_places_jsons_subset/haunted_place_8484.json,data/haunted_places_jsons_subset/haunted_place_2820.json,0.6363636363636364
data/haunted_places_jsons_subset/haunted_place_8484.json,data/haunted_places_jsons_subset/haunted_place_3732.json,0.5
data/haunted_places_jsons_subset/haunted_place_8484.json,data/haunted_places_jsons_subset/haunted_place_8938.json,0.6363636363636364
data/haunted_places_jsons_subset/haunted_place_8484.json,data/haunted_places_jsons_subset/haunted_place_3227.json,0.6363636363636364
data/haunted_places_jsons_subset/haunted_place_8484.json,data/haunted_places_jsons_subset/haunted_place_4018.json,0.6363636363636364
data/haunted_places_jsons_subset/haunted_place_8484.json,data/haunted_places_jsons_subset/haunted_place_6025.json,0.5
data/haunted_places_jsons_subset/haunted_place_8484.json,data/haunted_places_jsons_subset/haunted_place_834.json,0.5
data/haunted_places_jsons_subset/haunted_place_8484.json,data/haunted_places_jsons_subset/haunted_place_10358.json,0.6363636363636364
data/haunted_places_jsons_subset/haunted_place_8484.json,data/haunted_places_jsons_subset/haunted_place_2965.json,0.5
data/haunted_places_jsons_subset/haunted_place_8484.json,data/haunted_places_jsons_subset/haunted_place_3677.json,0.5
data/haunted_places_jsons_subset/haunted_place_8484.json,data/haunted_places_jsons_subset/haunted_place_4448.json,0.5
data/haunted_places_jsons_subset/haunted_place_8484.json,data/haunted_places_jsons_subset/haunted_place_6475.json,0.6363636363636364
data/haunted_places_jsons_subset/haunted_place_8484.json,data/haunted_places_jsons_subset/haunted_place_8892.json,0.5
data/haunted_places_jsons_subset/haunted_place_8484.json,data/haunted_places_jsons_subset/haunted_place_10708.json,0.5
data/haunted_places_jsons_subset/haunted_place_8484.json,data/haunted_places_jsons_subset/haunted_place_9780.json,0.5
data/haunted_places_jsons_subset/haunted_place_8484.json,data/haunted_places_jsons_subset/haunted_place_2436.json,0.5
data/haunted_places_jsons_subset/haunted_place_8484.json,data/haunted_places_jsons_subset/haunted_place_6926.json,0.6363636363636364
data/haunted_places_jsons_subset/haunted_place_8484.json,data/haunted_places_jsons_subset/haunted_place_137.json,0.5
data/haunted_places_jsons_subset/haunted_place_8484.json,data/haunted_places_jsons_subset/haunted_place_7634.json,0.6363636363636364
data/haunted_places_jsons_subset/haunted_place_8484.json,data/haunted_places_jsons_subset/haunted_place_5609.json,0.5
data/haunted_places_jsons_subset/haunted_place_8484.json,data/haunted_places_jsons_subset/haunted_place_2066.json,0.5
data/haunted_places_jsons_subset/haunted_place_8484.json,data/haunted_places_jsons_subset/haunted_place_7264.json,0.5
data/haunted_places_jsons_subset/haunted_place_8484.json,data/haunted_places_jsons_subset/haunted_place_5259.json,0.6363636363636364
data/haunted_places_jsons_subset/haunted_place_8484.json,data/haunted_places_jsons_subset/haunted_place_567.json,0.5
data/haunted_places_jsons_subset/haunted_place_8484.json,data/haunted_places_jsons_subset/haunted_place_8191.json,0.5
data/haunted_places_jsons_subset/haunted_place_8484.json,data/haunted_places_jsons_subset/haunted_place_1563.json,0.5
data/haunted_places_jsons_subset/haunted_place_8484.json,data/haunted_places_jsons_subset/haunted_place_9153.json,0.5
data/haunted_places_jsons_subset/haunted_place_8484.json,data/haunted_places_jsons_subset/haunted_place_10421.json,0.5
data/haunted_places_jsons_subset/haunted_place_8484.json,data/haunted_places_jsons_subset/haunted_place_1099.json,0.5
data/haunted_places_jsons_subset/haunted_place_8484.json,data/haunted_places_jsons_subset/haunted_place_4761.json,0.6363636363636364
data/haunted_places_jsons_subset/haunted_place_8484.json,data/haunted_places_jsons_subset/haunted_place_5873.json,0.5
data/haunted_places_jsons_subset/haunted_place_8484.json,data/haunted_places_jsons_subset/haunted_place_1133.json,0.5
data/haunted_places_jsons_subset/haunted_place_8484.json,data/haunted_places_jsons_subset/haunted_place_9503.json,0.5
data/haunted_places_jsons_subset/haunted_place_8484.json,data/haunted_places_jsons_subset/haunted_place_10071.json,0.5
data/haunted_places_jsons_subset/haunted_place_8484.json,data/haunted_places_jsons_subset/haunted_place_4331.json,0.6363636363636364
data/haunted_places_jsons_subset/haunted_place_8484.json,data/haunted_places_jsons_subset/haunted_place_8742.json,0.5
data/haunted_places_jsons_subset/haunted_place_8484.json,data/haunted_places_jsons_subset/haunted_place_9850.json,0.6363636363636364
data/haunted_places_jsons_subset/haunted_place_8484.json,data/haunted_places_jsons_subset/haunted_place_5170.json,0.5
data/haunted_places_jsons_subset/haunted_place_8484.json,data/haunted_places_jsons_subset/haunted_place_1830.json,0.5
data/haunted_places_jsons_subset/haunted_place_8484.json,data/haunted_places_jsons_subset/haunted_place_8312.json,0.6363636363636364
data/haunted_places_jsons_subset/haunted_place_8484.json,data/haunted_places_jsons_subset/haunted_place_10972.json,0.5
data/haunted_places_jsons_subset/haunted_place_8484.json,data/haunted_places_jsons_subset/haunted_place_5520.json,0.5
data/haunted_places_jsons_subset/haunted_place_8484.json,data/haunted_places_jsons_subset/haunted_place_5035.json,0.5
data/haunted_places_jsons_subset/haunted_place_8484.json,data/haunted_places_jsons_subset/haunted_place_7008.json,0.5
data/haunted_places_jsons_subset/haunted_place_8484.json,data/haunted_places_jsons_subset/haunted_place_8607.json,0.5
data/haunted_places_jsons_subset/haunted_place_8484.json,data/haunted_places_jsons_subset/haunted_place_9915.json,0.5
data/haunted_places_jsons_subset/haunted_place_8484.json,data/haunted_places_jsons_subset/haunted_place_10837.json,0.5
data/haunted_places_jsons_subset/haunted_place_8484.json,data/haunted_places_jsons_subset/haunted_place_5465.json,0.5
data/haunted_places_jsons_subset/haunted_place_8484.json,data/haunted_places_jsons_subset/haunted_place_7458.json,0.5
data/haunted_places_jsons_subset/haunted_place_8484.json,data/haunted_places_jsons_subset/haunted_place_3948.json,0.5
data/haunted_places_jsons_subset/haunted_place_8484.json,data/haunted_places_jsons_subset/haunted_place_1975.json,0.6363636363636364
data/haunted_places_jsons_subset/haunted_place_8484.json,data/haunted_places_jsons_subset/haunted_place_8257.json,0.5
data/haunted_places_jsons_subset/haunted_place_8484.json,data/haunted_places_jsons_subset/haunted_place_10564.json,0.5
data/haunted_places_jsons_subset/haunted_place_8484.json,data/haunted_places_jsons_subset/haunted_place_6619.json,0.5
data/haunted_places_jsons_subset/haunted_place_8484.json,data/haunted_places_jsons_subset/haunted_place_4624.json,0.6363636363636364
data/haunted_places_jsons_subset/haunted_place_8484.json,data/haunted_places_jsons_subset/haunted_place_5936.json,0.5
data/haunted_places_jsons_subset/haunted_place_8484.json,data/haunted_places_jsons_subset/haunted_place_1426.json,0.5
data/haunted_places_jsons_subset/haunted_place_8484.json,data/haunted_places_jsons_subset/haunted_place_9016.json,0.5
data/haunted_places_jsons_subset/haunted_place_8484.json,data/haunted_places_jsons_subset/haunted_place_10134.json,0.5
data/haunted_places_jsons_subset/haunted_place_8484.json,data/haunted_places_jsons_subset/haunted_place_6249.json,0.5
data/haunted_places_jsons_subset/haunted_place_8484.json,data/haunted_places_jsons_subset/haunted_place_4274.json,0.5
data/haunted_places_jsons_subset/haunted_place_8484.json,data/haunted_places_jsons_subset/haunted_place_1076.json,0.5
data/haunted_places_jsons_subset/haunted_place_8484.json,data/haunted_places_jsons_subset/haunted_place_9446.json,0.5
data/haunted_places_jsons_subset/haunted_place_8484.json,data/haunted_places_jsons_subset/haunted_place_9368.json,0.5
data/haunted_places_jsons_subset/haunted_place_8484.json,data/haunted_places_jsons_subset/haunted_place_2877.json,0.5
data/haunted_places_jsons_subset/haunted_place_8484.json,data/haunted_places_jsons_subset/haunted_place_1758.json,0.5
data/haunted_places_jsons_subset/haunted_place_8484.json,data/haunted_places_jsons_subset/haunted_place_3765.json,0.6363636363636364
data/haunted_places_jsons_subset/haunted_place_8484.json,data/haunted_places_jsons_subset/haunted_place_6567.json,0.5
data/haunted_places_jsons_subset/haunted_place_8484.json,data/haunted_places_jsons_subset/haunted_place_8980.json,0.5
data/haunted_places_jsons_subset/haunted_place_8484.json,data/haunted_places_jsons_subset/haunted_place_9692.json,0.5
data/haunted_places_jsons_subset/haunted_place_8484.json,data/haunted_places_jsons_subset/haunted_place_9738.json,0.5
data/haunted_places_jsons_subset/haunted_place_8484.json,data/haunted_places_jsons_subset/haunted_place_1308.json,0.5
data/haunted_places_jsons_subset/haunted_place_8484.json,data/haunted_places_jsons_subset/haunted_place_3335.json,0.6363636363636364
data/haunted_places_jsons_subset/haunted_place_8484.json,data/haunted_places_jsons_subset/haunted_place_6137.json,0.5
data/haunted_places_jsons_subset/haunted_place_8484.json,data/haunted_places_jsons_subset/haunted_place_926.json,0.5
data/haunted_places_jsons_subset/haunted_place_8484.json,data/haunted_places_jsons_subset/haunted_place_8579.json,0.5
data/haunted_places_jsons_subset/haunted_place_8484.json,data/haunted_places_jsons_subset/haunted_place_2174.json,0.6363636363636364
data/haunted_places_jsons_subset/haunted_place_8484.json,data/haunted_places_jsons_subset/haunted_place_7376.json,0.5
data/haunted_places_jsons_subset/haunted_place_8484.json,data/haunted_places_jsons_subset/haunted_place_475.json,0.5
data/haunted_places_jsons_subset/haunted_place_8484.json,data/haunted_places_jsons_subset/haunted_place_8083.json,0.6363636363636364
data/haunted_places_jsons_subset/haunted_place_8484.json,data/haunted_places_jsons_subset/haunted_place_8129.json,0.5
data/haunted_places_jsons_subset/haunted_place_8484.json,data/haunted_places_jsons_subset/haunted_place_2524.json,0.6363636363636364
data/haunted_places_jsons_subset/haunted_place_8484.json,data/haunted_places_jsons_subset/haunted_place_4809.json,0.6363636363636364
data/haunted_places_jsons_subset/haunted_place_8484.json,data/haunted_places_jsons_subset/haunted_place_6834.json,0.5
data/haunted_places_jsons_subset/haunted_place_8484.json,data/haunted_places_jsons_subset/haunted_place_7726.json,0.5
data/haunted_places_jsons_subset/haunted_place_8484.json,data/haunted_places_jsons_subset/haunted_place_7233.json,0.5
data/haunted_places_jsons_subset/haunted_place_8484.json,data/haunted_places_jsons_subset/haunted_place_530.json,0.5
data/haunted_places_jsons_subset/haunted_place_8484.json,data/haunted_places_jsons_subset/haunted_place_2031.json,0.5
data/haunted_places_jsons_subset/haunted_place_8484.json,data/haunted_places_jsons_subset/haunted_place_160.json,0.5
data/haunted_places_jsons_subset/haunted_place_8484.json,data/haunted_places_jsons_subset/haunted_place_6971.json,0.6363636363636364
data/haunted_places_jsons_subset/haunted_place_8484.json,data/haunted_places_jsons_subset/haunted_place_7663.json,0.5
data/haunted_places_jsons_subset/haunted_place_8484.json,data/haunted_places_jsons_subset/haunted_place_8596.json,0.5
data/haunted_places_jsons_subset/haunted_place_8484.json,data/haunted_places_jsons_subset/haunted_place_2461.json,0.6363636363636364
data/haunted_places_jsons_subset/haunted_place_8484.json,data/haunted_places_jsons_subset/haunted_place_7399.json,0.5
data/haunted_places_jsons_subset/haunted_place_8484.json,data/haunted_places_jsons_subset/haunted_place_6422.json,0.5
data/haunted_places_jsons_subset/haunted_place_8484.json,data/haunted_places_jsons_subset/haunted_place_2932.json,0.5
data/haunted_places_jsons_subset/haunted_place_8484.json,data/haunted_places_jsons_subset/haunted_place_3620.json,0.6363636363636364
data/haunted_places_jsons_subset/haunted_place_8484.json,data/haunted_places_jsons_subset/haunted_place_2898.json,0.6363636363636364
data/haunted_places_jsons_subset/haunted_place_8484.json,data/haunted_places_jsons_subset/haunted_place_863.json,0.6363636363636364
data/haunted_places_jsons_subset/haunted_place_8484.json,data/haunted_places_jsons_subset/haunted_place_6072.json,0.5
data/haunted_places_jsons_subset/haunted_place_8484.json,data/haunted_places_jsons_subset/haunted_place_9387.json,0.5
data/haunted_places_jsons_subset/haunted_place_8484.json,data/haunted_places_jsons_subset/haunted_place_3270.json,0.5
data/haunted_places_jsons_subset/haunted_place_8484.json,data/haunted_places_jsons_subset/haunted_place_6588.json,0.5
data/haunted_places_jsons_subset/haunted_place_8484.json,data/haunted_places_jsons_subset/haunted_place_10925.json,0.6363636363636364
data/haunted_places_jsons_subset/haunted_place_8484.json,data/haunted_places_jsons_subset/haunted_place_249.json,0.5
data/haunted_places_jsons_subset/haunted_place_8484.json,data/haunted_places_jsons_subset/haunted_place_5577.json,0.6363636363636364
data/haunted_places_jsons_subset/haunted_place_8484.json,data/haunted_places_jsons_subset/haunted_place_2748.json,0.5
data/haunted_places_jsons_subset/haunted_place_8484.json,data/haunted_places_jsons_subset/haunted_place_1867.json,0.5
data/haunted_places_jsons_subset/haunted_place_8484.json,data/haunted_places_jsons_subset/haunted_place_8345.json,0.6363636363636364
data/haunted_places_jsons_subset/haunted_place_8484.json,data/haunted_places_jsons_subset/haunted_place_5127.json,0.5
data/haunted_places_jsons_subset/haunted_place_8484.json,data/haunted_places_jsons_subset/haunted_place_619.json,0.5
data/haunted_places_jsons_subset/haunted_place_8484.json,data/haunted_places_jsons_subset/haunted_place_2318.json,0.5
data/haunted_places_jsons_subset/haunted_place_8484.json,data/haunted_places_jsons_subset/haunted_place_8715.json,0.6363636363636364
data/haunted_places_jsons_subset/haunted_place_8484.json,data/haunted_places_jsons_subset/haunted_place_9807.json,0.5
data/haunted_places_jsons_subset/haunted_place_8484.json,data/haunted_places_jsons_subset/haunted_place_10026.json,0.5
data/haunted_places_jsons_subset/haunted_place_8484.json,data/haunted_places_jsons_subset/haunted_place_4366.json,0.5
data/haunted_places_jsons_subset/haunted_place_8484.json,data/haunted_places_jsons_subset/haunted_place_3159.json,0.5
data/haunted_places_jsons_subset/haunted_place_8484.json,data/haunted_places_jsons_subset/haunted_place_1164.json,0.5
data/haunted_places_jsons_subset/haunted_place_8484.json,data/haunted_places_jsons_subset/haunted_place_9554.json,0.5
data/haunted_places_jsons_subset/haunted_place_8484.json,data/haunted_places_jsons_subset/haunted_place_10476.json,0.6363636363636364
data/haunted_places_jsons_subset/haunted_place_8484.json,data/haunted_places_jsons_subset/haunted_place_4736.json,0.5
data/haunted_places_jsons_subset/haunted_place_8484.json,data/haunted_places_jsons_subset/haunted_place_5824.json,0.5
data/haunted_places_jsons_subset/haunted_place_8484.json,data/haunted_places_jsons_subset/haunted_place_7819.json,0.5
data/haunted_places_jsons_subset/haunted_place_8484.json,data/haunted_places_jsons_subset/haunted_place_3509.json,0.5
data/haunted_places_jsons_subset/haunted_place_8484.json,data/haunted_places_jsons_subset/haunted_place_1534.json,0.5
data/haunted_places_jsons_subset/haunted_place_8484.json,data/haunted_places_jsons_subset/haunted_place_9104.json,0.5
data/haunted_places_jsons_subset/haunted_place_8484.json,data/haunted_places_jsons_subset/haunted_place_1021.json,0.5
data/haunted_places_jsons_subset/haunted_place_8484.json,data/haunted_places_jsons_subset/haunted_place_10499.json,0.6363636363636364
data/haunted_places_jsons_subset/haunted_place_8484.json,data/haunted_places_jsons_subset/haunted_place_9411.json,0.5
data/haunted_places_jsons_subset/haunted_place_8484.json,data/haunted_places_jsons_subset/haunted_place_10163.json,0.5
data/haunted_places_jsons_subset/haunted_place_8484.json,data/haunted_places_jsons_subset/haunted_place_4223.json,0.5
data/haunted_places_jsons_subset/haunted_place_8484.json,data/haunted_places_jsons_subset/haunted_place_4389.json,0.5
data/haunted_places_jsons_subset/haunted_place_8484.json,data/haunted_places_jsons_subset/haunted_place_1471.json,0.5
data/haunted_places_jsons_subset/haunted_place_8484.json,data/haunted_places_jsons_subset/haunted_place_9041.json,0.5
data/haunted_places_jsons_subset/haunted_place_8484.json,data/haunted_places_jsons_subset/haunted_place_10533.json,0.5
data/haunted_places_jsons_subset/haunted_place_8484.json,data/haunted_places_jsons_subset/haunted_place_4673.json,0.6363636363636364
data/haunted_places_jsons_subset/haunted_place_8484.json,data/haunted_places_jsons_subset/haunted_place_5961.json,0.6363636363636364
data/haunted_places_jsons_subset/haunted_place_8484.json,data/haunted_places_jsons_subset/haunted_place_1922.json,0.5
data/haunted_places_jsons_subset/haunted_place_8484.json,data/haunted_places_jsons_subset/haunted_place_8200.json,0.5
data/haunted_places_jsons_subset/haunted_place_8484.json,data/haunted_places_jsons_subset/haunted_place_10860.json,0.5
data/haunted_places_jsons_subset/haunted_place_8484.json,data/haunted_places_jsons_subset/haunted_place_5432.json,0.6363636363636364
data/haunted_places_jsons_subset/haunted_place_8484.json,data/haunted_places_jsons_subset/haunted_place_5598.json,0.6363636363636364
data/haunted_places_jsons_subset/haunted_place_8484.json,data/haunted_places_jsons_subset/haunted_place_8650.json,0.5
data/haunted_places_jsons_subset/haunted_place_8484.json,data/haunted_places_jsons_subset/haunted_place_9942.json,0.5
data/haunted_places_jsons_subset/haunted_place_8484.json,data/haunted_places_jsons_subset/haunted_place_5062.json,0.5
data/haunted_places_jsons_subset/haunted_place_8484.json,data/haunted_places_jsons_subset/haunted_place_1888.json,0.5
data/haunted_places_jsons_subset/haunted_place_8484.json,data/haunted_places_jsons_subset/haunted_place_7730.json,0.5
data/haunted_places_jsons_subset/haunted_place_8484.json,data/haunted_places_jsons_subset/haunted_place_6822.json,0.6363636363636364
data/haunted_places_jsons_subset/haunted_place_8484.json,data/haunted_places_jsons_subset/haunted_place_2532.json,0.5
data/haunted_places_jsons_subset/haunted_place_8484.json,data/haunted_places_jsons_subset/haunted_place_8095.json,0.5
data/haunted_places_jsons_subset/haunted_place_8484.json,data/haunted_places_jsons_subset/haunted_place_463.json,0.5
data/haunted_places_jsons_subset/haunted_place_8484.json,data/haunted_places_jsons_subset/haunted_place_7360.json,0.5
data/haunted_places_jsons_subset/haunted_place_8484.json,data/haunted_places_jsons_subset/haunted_place_2498.json,0.6363636363636364
data/haunted_places_jsons_subset/haunted_place_8484.json,data/haunted_places_jsons_subset/haunted_place_2162.json,0.6363636363636364
data/haunted_places_jsons_subset/haunted_place_8484.json,data/haunted_places_jsons_subset/haunted_place_199.json,0.5
data/haunted_places_jsons_subset/haunted_place_8484.json,data/haunted_places_jsons_subset/haunted_place_6988.json,0.5
data/haunted_places_jsons_subset/haunted_place_8484.json,data/haunted_places_jsons_subset/haunted_place_6121.json,0.5
data/haunted_places_jsons_subset/haunted_place_8484.json,data/haunted_places_jsons_subset/haunted_place_930.json,0.5
data/haunted_places_jsons_subset/haunted_place_8484.json,data/haunted_places_jsons_subset/haunted_place_3323.json,0.5
data/haunted_places_jsons_subset/haunted_place_8484.json,data/haunted_places_jsons_subset/haunted_place_9684.json,0.5
data/haunted_places_jsons_subset/haunted_place_8484.json,data/haunted_places_jsons_subset/haunted_place_8996.json,0.5
data/haunted_places_jsons_subset/haunted_place_8484.json,data/haunted_places_jsons_subset/haunted_place_6571.json,0.5
data/haunted_places_jsons_subset/haunted_place_8484.json,data/haunted_places_jsons_subset/haunted_place_3289.json,0.5
data/haunted_places_jsons_subset/haunted_place_8484.json,data/haunted_places_jsons_subset/haunted_place_3773.json,0.6363636363636364
data/haunted_places_jsons_subset/haunted_place_8484.json,data/haunted_places_jsons_subset/haunted_place_2861.json,0.5
data/haunted_places_jsons_subset/haunted_place_8484.json,data/haunted_places_jsons_subset/haunted_place_3266.json,0.5
data/haunted_places_jsons_subset/haunted_place_8484.json,data/haunted_places_jsons_subset/haunted_place_8979.json,0.5
data/haunted_places_jsons_subset/haunted_place_8484.json,data/haunted_places_jsons_subset/haunted_place_10319.json,0.5
data/haunted_places_jsons_subset/haunted_place_8484.json,data/haunted_places_jsons_subset/haunted_place_9391.json,0.5
data/haunted_places_jsons_subset/haunted_place_8484.json,data/haunted_places_jsons_subset/haunted_place_875.json,0.6363636363636364
data/haunted_places_jsons_subset/haunted_place_8484.json,data/haunted_places_jsons_subset/haunted_place_6064.json,0.5
data/haunted_places_jsons_subset/haunted_place_8484.json,data/haunted_places_jsons_subset/haunted_place_4059.json,0.5
data/haunted_places_jsons_subset/haunted_place_8484.json,data/haunted_places_jsons_subset/haunted_place_3636.json,0.5
data/haunted_places_jsons_subset/haunted_place_8484.json,data/haunted_places_jsons_subset/haunted_place_2924.json,0.6363636363636364
data/haunted_places_jsons_subset/haunted_place_8484.json,data/haunted_places_jsons_subset/haunted_place_10749.json,0.5
data/haunted_places_jsons_subset/haunted_place_8484.json,data/haunted_places_jsons_subset/haunted_place_6434.json,0.5
data/haunted_places_jsons_subset/haunted_place_8484.json,data/haunted_places_jsons_subset/haunted_place_4409.json,0.5
data/haunted_places_jsons_subset/haunted_place_8484.json,data/haunted_places_jsons_subset/haunted_place_2477.json,0.5
data/haunted_places_jsons_subset/haunted_place_8484.json,data/haunted_places_jsons_subset/haunted_place_8580.json,0.5
data/haunted_places_jsons_subset/haunted_place_8484.json,data/haunted_places_jsons_subset/haunted_place_5648.json,0.6363636363636364
data/haunted_places_jsons_subset/haunted_place_8484.json,data/haunted_places_jsons_subset/haunted_place_7675.json,0.5
data/haunted_places_jsons_subset/haunted_place_8484.json,data/haunted_places_jsons_subset/haunted_place_176.json,0.5
data/haunted_places_jsons_subset/haunted_place_8484.json,data/haunted_places_jsons_subset/haunted_place_6967.json,0.6363636363636364
data/haunted_places_jsons_subset/haunted_place_8484.json,data/haunted_places_jsons_subset/haunted_place_2027.json,0.5
data/haunted_places_jsons_subset/haunted_place_8484.json,data/haunted_places_jsons_subset/haunted_place_526.json,0.5
data/haunted_places_jsons_subset/haunted_place_8484.json,data/haunted_places_jsons_subset/haunted_place_5218.json,0.5
data/haunted_places_jsons_subset/haunted_place_8484.json,data/haunted_places_jsons_subset/haunted_place_7225.json,0.6363636363636364
data/haunted_places_jsons_subset/haunted_place_8484.json,data/haunted_places_jsons_subset/haunted_place_9112.json,0.5
data/haunted_places_jsons_subset/haunted_place_8484.json,data/haunted_places_jsons_subset/haunted_place_1522.json,0.5
data/haunted_places_jsons_subset/haunted_place_8484.json,data/haunted_places_jsons_subset/haunted_place_5832.json,0.6363636363636364
data/haunted_places_jsons_subset/haunted_place_8484.json,data/haunted_places_jsons_subset/haunted_place_4720.json,0.5
data/haunted_places_jsons_subset/haunted_place_8484.json,data/haunted_places_jsons_subset/haunted_place_10460.json,0.5
data/haunted_places_jsons_subset/haunted_place_8484.json,data/haunted_places_jsons_subset/haunted_place_9542.json,0.5
data/haunted_places_jsons_subset/haunted_place_8484.json,data/haunted_places_jsons_subset/haunted_place_5998.json,0.5
data/haunted_places_jsons_subset/haunted_place_8484.json,data/haunted_places_jsons_subset/haunted_place_1172.json,0.5
data/haunted_places_jsons_subset/haunted_place_8484.json,data/haunted_places_jsons_subset/haunted_place_1488.json,0.6363636363636364
data/haunted_places_jsons_subset/haunted_place_8484.json,data/haunted_places_jsons_subset/haunted_place_4370.json,0.5
data/haunted_places_jsons_subset/haunted_place_8484.json,data/haunted_places_jsons_subset/haunted_place_10030.json,0.5
data/haunted_places_jsons_subset/haunted_place_8484.json,data/haunted_places_jsons_subset/haunted_place_10899.json,0.5
data/haunted_places_jsons_subset/haunted_place_8484.json,data/haunted_places_jsons_subset/haunted_place_9811.json,0.5
data/haunted_places_jsons_subset/haunted_place_8484.json,data/haunted_places_jsons_subset/haunted_place_8703.json,0.5
data/haunted_places_jsons_subset/haunted_place_8484.json,data/haunted_places_jsons_subset/haunted_place_5131.json,0.5
data/haunted_places_jsons_subset/haunted_place_8484.json,data/haunted_places_jsons_subset/haunted_place_8353.json,0.5
data/haunted_places_jsons_subset/haunted_place_8484.json,data/haunted_places_jsons_subset/haunted_place_1871.json,0.5
data/haunted_places_jsons_subset/haunted_place_8484.json,data/haunted_places_jsons_subset/haunted_place_5561.json,0.5
data/haunted_places_jsons_subset/haunted_place_8484.json,data/haunted_places_jsons_subset/haunted_place_10933.json,0.6363636363636364
data/haunted_places_jsons_subset/haunted_place_8484.json,data/haunted_places_jsons_subset/haunted_place_7049.json,0.5
data/haunted_places_jsons_subset/haunted_place_8484.json,data/haunted_places_jsons_subset/haunted_place_5074.json,0.5
data/haunted_places_jsons_subset/haunted_place_8484.json,data/haunted_places_jsons_subset/haunted_place_9954.json,0.5
data/haunted_places_jsons_subset/haunted_place_8484.json,data/haunted_places_jsons_subset/haunted_place_8646.json,0.5
data/haunted_places_jsons_subset/haunted_place_8484.json,data/haunted_places_jsons_subset/haunted_place_7419.json,0.5
data/haunted_places_jsons_subset/haunted_place_8484.json,data/haunted_places_jsons_subset/haunted_place_5424.json,0.5
data/haunted_places_jsons_subset/haunted_place_8484.json,data/haunted_places_jsons_subset/haunted_place_10876.json,0.6363636363636364
data/haunted_places_jsons_subset/haunted_place_8484.json,data/haunted_places_jsons_subset/haunted_place_8216.json,0.5
data/haunted_places_jsons_subset/haunted_place_8484.json,data/haunted_places_jsons_subset/haunted_place_1934.json,0.5
data/haunted_places_jsons_subset/haunted_place_8484.json,data/haunted_places_jsons_subset/haunted_place_3909.json,0.5
data/haunted_places_jsons_subset/haunted_place_8484.json,data/haunted_places_jsons_subset/haunted_place_5977.json,0.6363636363636364
data/haunted_places_jsons_subset/haunted_place_8484.json,data/haunted_places_jsons_subset/haunted_place_4665.json,0.5
data/haunted_places_jsons_subset/haunted_place_8484.json,data/haunted_places_jsons_subset/haunted_place_6658.json,0.5
data/haunted_places_jsons_subset/haunted_place_8484.json,data/haunted_places_jsons_subset/haunted_place_10525.json,0.5
data/haunted_places_jsons_subset/haunted_place_8484.json,data/haunted_places_jsons_subset/haunted_place_9057.json,0.5
data/haunted_places_jsons_subset/haunted_place_8484.json,data/haunted_places_jsons_subset/haunted_place_1467.json,0.6363636363636364
data/haunted_places_jsons_subset/haunted_place_8484.json,data/haunted_places_jsons_subset/haunted_place_4235.json,0.5
data/haunted_places_jsons_subset/haunted_place_8484.json,data/haunted_places_jsons_subset/haunted_place_6208.json,0.5
data/haunted_places_jsons_subset/haunted_place_8484.json,data/haunted_places_jsons_subset/haunted_place_10175.json,0.5
data/haunted_places_jsons_subset/haunted_place_8484.json,data/haunted_places_jsons_subset/haunted_place_9407.json,0.5
data/haunted_places_jsons_subset/haunted_place_8484.json,data/haunted_places_jsons_subset/haunted_place_1037.json,0.6363636363636364
data/haunted_places_jsons_subset/haunted_place_8484.json,data/haunted_places_jsons_subset/haunted_place_3724.json,0.5
data/haunted_places_jsons_subset/haunted_place_8484.json,data/haunted_places_jsons_subset/haunted_place_1719.json,0.6363636363636364
data/haunted_places_jsons_subset/haunted_place_8484.json,data/haunted_places_jsons_subset/haunted_place_2836.json,0.6363636363636364
data/haunted_places_jsons_subset/haunted_place_8484.json,data/haunted_places_jsons_subset/haunted_place_9329.json,0.5
data/haunted_places_jsons_subset/haunted_place_8484.json,data/haunted_places_jsons_subset/haunted_place_6526.json,0.5
data/haunted_places_jsons_subset/haunted_place_8484.json,data/haunted_places_jsons_subset/haunted_place_3374.json,0.5
data/haunted_places_jsons_subset/haunted_place_8484.json,data/haunted_places_jsons_subset/haunted_place_1349.json,0.5
data/haunted_places_jsons_subset/haunted_place_8484.json,data/haunted_places_jsons_subset/haunted_place_9779.json,0.5
data/haunted_places_jsons_subset/haunted_place_8484.json,data/haunted_places_jsons_subset/haunted_place_9283.json,0.6363636363636364
data/haunted_places_jsons_subset/haunted_place_8484.json,data/haunted_places_jsons_subset/haunted_place_967.json,0.6363636363636364
data/haunted_places_jsons_subset/haunted_place_8484.json,data/haunted_places_jsons_subset/haunted_place_6176.json,0.6363636363636364
data/haunted_places_jsons_subset/haunted_place_8484.json,data/haunted_places_jsons_subset/haunted_place_2135.json,0.5
data/haunted_places_jsons_subset/haunted_place_8484.json,data/haunted_places_jsons_subset/haunted_place_8538.json,0.5
data/haunted_places_jsons_subset/haunted_place_8484.json,data/haunted_places_jsons_subset/haunted_place_434.json,0.5
data/haunted_places_jsons_subset/haunted_place_8484.json,data/haunted_places_jsons_subset/haunted_place_7337.json,0.5
data/haunted_places_jsons_subset/haunted_place_8484.json,data/haunted_places_jsons_subset/haunted_place_2565.json,0.6363636363636364
data/haunted_places_jsons_subset/haunted_place_8484.json,data/haunted_places_jsons_subset/haunted_place_8168.json,0.5
data/haunted_places_jsons_subset/haunted_place_8484.json,data/haunted_places_jsons_subset/haunted_place_8492.json,0.6363636363636364
data/haunted_places_jsons_subset/haunted_place_8484.json,data/haunted_places_jsons_subset/haunted_place_7767.json,0.5
data/haunted_places_jsons_subset/haunted_place_8484.json,data/haunted_places_jsons_subset/haunted_place_6875.json,0.5
data/haunted_places_jsons_subset/haunted_place_8484.json,data/haunted_places_jsons_subset/haunted_place_4848.json,0.5
data/haunted_places_jsons_subset/haunted_place_8484.json,data/haunted_places_jsons_subset/haunted_place_8187.json,0.5
data/haunted_places_jsons_subset/haunted_place_8484.json,data/haunted_places_jsons_subset/haunted_place_571.json,0.6363636363636364
data/haunted_places_jsons_subset/haunted_place_8484.json,data/haunted_places_jsons_subset/haunted_place_7272.json,0.5
data/haunted_places_jsons_subset/haunted_place_8484.json,data/haunted_places_jsons_subset/haunted_place_2070.json,0.5
data/haunted_places_jsons_subset/haunted_place_8484.json,data/haunted_places_jsons_subset/haunted_place_7788.json,0.5
data/haunted_places_jsons_subset/haunted_place_8484.json,data/haunted_places_jsons_subset/haunted_place_7622.json,0.5
data/haunted_places_jsons_subset/haunted_place_8484.json,data/haunted_places_jsons_subset/haunted_place_6930.json,0.5
data/haunted_places_jsons_subset/haunted_place_8484.json,data/haunted_places_jsons_subset/haunted_place_121.json,0.6363636363636364
data/haunted_places_jsons_subset/haunted_place_8484.json,data/haunted_places_jsons_subset/haunted_place_2420.json,0.5
data/haunted_places_jsons_subset/haunted_place_8484.json,data/haunted_places_jsons_subset/haunted_place_9796.json,0.5
data/haunted_places_jsons_subset/haunted_place_8484.json,data/haunted_places_jsons_subset/haunted_place_8884.json,0.5
data/haunted_places_jsons_subset/haunted_place_8484.json,data/haunted_places_jsons_subset/haunted_place_6463.json,0.6363636363636364
data/haunted_places_jsons_subset/haunted_place_8484.json,data/haunted_places_jsons_subset/haunted_place_3661.json,0.5
data/haunted_places_jsons_subset/haunted_place_8484.json,data/haunted_places_jsons_subset/haunted_place_988.json,0.5
data/haunted_places_jsons_subset/haunted_place_8484.json,data/haunted_places_jsons_subset/haunted_place_6199.json,0.6363636363636364
data/haunted_places_jsons_subset/haunted_place_8484.json,data/haunted_places_jsons_subset/haunted_place_2973.json,0.5
data/haunted_places_jsons_subset/haunted_place_8484.json,data/haunted_places_jsons_subset/haunted_place_6033.json,0.5
data/haunted_places_jsons_subset/haunted_place_8484.json,data/haunted_places_jsons_subset/haunted_place_822.json,0.5
data/haunted_places_jsons_subset/haunted_place_8484.json,data/haunted_places_jsons_subset/haunted_place_3231.json,0.5
data/haunted_places_jsons_subset/haunted_place_8484.json,data/haunted_places_jsons_subset/haunted_place_5536.json,0.6363636363636364
data/haunted_places_jsons_subset/haunted_place_8484.json,data/haunted_places_jsons_subset/haunted_place_208.json,0.5
data/haunted_places_jsons_subset/haunted_place_8484.json,data/haunted_places_jsons_subset/haunted_place_10964.json,0.6363636363636364
data/haunted_places_jsons_subset/haunted_place_8484.json,data/haunted_places_jsons_subset/haunted_place_8304.json,0.5
data/haunted_places_jsons_subset/haunted_place_8484.json,data/haunted_places_jsons_subset/haunted_place_1826.json,0.5
data/haunted_places_jsons_subset/haunted_place_8484.json,data/haunted_places_jsons_subset/haunted_place_2709.json,0.5
data/haunted_places_jsons_subset/haunted_place_8484.json,data/haunted_places_jsons_subset/haunted_place_658.json,0.5
data/haunted_places_jsons_subset/haunted_place_8484.json,data/haunted_places_jsons_subset/haunted_place_5166.json,0.5
data/haunted_places_jsons_subset/haunted_place_8484.json,data/haunted_places_jsons_subset/haunted_place_9846.json,0.6363636363636364
data/haunted_places_jsons_subset/haunted_place_8484.json,data/haunted_places_jsons_subset/haunted_place_8754.json,0.5
data/haunted_places_jsons_subset/haunted_place_8484.json,data/haunted_places_jsons_subset/haunted_place_2359.json,0.5
data/haunted_places_jsons_subset/haunted_place_8484.json,data/haunted_places_jsons_subset/haunted_place_4327.json,0.6363636363636364
data/haunted_places_jsons_subset/haunted_place_8484.json,data/haunted_places_jsons_subset/haunted_place_10067.json,0.5
data/haunted_places_jsons_subset/haunted_place_8484.json,data/haunted_places_jsons_subset/haunted_place_9515.json,0.6363636363636364
data/haunted_places_jsons_subset/haunted_place_8484.json,data/haunted_places_jsons_subset/haunted_place_1125.json,0.5
data/haunted_places_jsons_subset/haunted_place_8484.json,data/haunted_places_jsons_subset/haunted_place_3118.json,0.6363636363636364
data/haunted_places_jsons_subset/haunted_place_8484.json,data/haunted_places_jsons_subset/haunted_place_7858.json,0.5
data/haunted_places_jsons_subset/haunted_place_8484.json,data/haunted_places_jsons_subset/haunted_place_5865.json,0.6363636363636364
data/haunted_places_jsons_subset/haunted_place_8484.json,data/haunted_places_jsons_subset/haunted_place_4777.json,0.5
data/haunted_places_jsons_subset/haunted_place_8484.json,data/haunted_places_jsons_subset/haunted_place_10437.json,0.6363636363636364
data/haunted_places_jsons_subset/haunted_place_8484.json,data/haunted_places_jsons_subset/haunted_place_9145.json,0.5
data/haunted_places_jsons_subset/haunted_place_8484.json,data/haunted_places_jsons_subset/haunted_place_1575.json,0.5
data/haunted_places_jsons_subset/haunted_place_8484.json,data/haunted_places_jsons_subset/haunted_place_3548.json,0.5
data/haunted_places_jsons_subset/haunted_place_8484.json,data/haunted_places_jsons_subset/haunted_place_9450.json,0.6363636363636364
data/haunted_places_jsons_subset/haunted_place_8484.json,data/haunted_places_jsons_subset/haunted_place_4798.json,0.5
data/haunted_places_jsons_subset/haunted_place_8484.json,data/haunted_places_jsons_subset/haunted_place_1060.json,0.5
data/haunted_places_jsons_subset/haunted_place_8484.json,data/haunted_places_jsons_subset/haunted_place_4262.json,0.5
data/haunted_places_jsons_subset/haunted_place_8484.json,data/haunted_places_jsons_subset/haunted_place_10122.json,0.5
data/haunted_places_jsons_subset/haunted_place_8484.json,data/haunted_places_jsons_subset/haunted_place_10088.json,0.6363636363636364
data/haunted_places_jsons_subset/haunted_place_8484.json,data/haunted_places_jsons_subset/haunted_place_9000.json,0.5
data/haunted_places_jsons_subset/haunted_place_8484.json,data/haunted_places_jsons_subset/haunted_place_1430.json,0.6363636363636364
data/haunted_places_jsons_subset/haunted_place_8484.json,data/haunted_places_jsons_subset/haunted_place_5920.json,0.6363636363636364
data/haunted_places_jsons_subset/haunted_place_8484.json,data/haunted_places_jsons_subset/haunted_place_4632.json,0.5
data/haunted_places_jsons_subset/haunted_place_8484.json,data/haunted_places_jsons_subset/haunted_place_10572.json,0.5
data/haunted_places_jsons_subset/haunted_place_8484.json,data/haunted_places_jsons_subset/haunted_place_8241.json,0.5
data/haunted_places_jsons_subset/haunted_place_8484.json,data/haunted_places_jsons_subset/haunted_place_1963.json,0.5
data/haunted_places_jsons_subset/haunted_place_8484.json,data/haunted_places_jsons_subset/haunted_place_5189.json,0.5
data/haunted_places_jsons_subset/haunted_place_8484.json,data/haunted_places_jsons_subset/haunted_place_5473.json,0.5
data/haunted_places_jsons_subset/haunted_place_8484.json,data/haunted_places_jsons_subset/haunted_place_10821.json,0.6363636363636364
data/haunted_places_jsons_subset/haunted_place_8484.json,data/haunted_places_jsons_subset/haunted_place_9903.json,0.5
data/haunted_places_jsons_subset/haunted_place_8484.json,data/haunted_places_jsons_subset/haunted_place_8611.json,0.5
data/haunted_places_jsons_subset/haunted_place_8484.json,data/haunted_places_jsons_subset/haunted_place_5023.json,0.6363636363636364
data/haunted_places_jsons_subset/haunted_place_8484.json,data/haunted_places_jsons_subset/haunted_place_5234.json,0.5
data/haunted_places_jsons_subset/haunted_place_8484.json,data/haunted_places_jsons_subset/haunted_place_7209.json,0.5
data/haunted_places_jsons_subset/haunted_place_8484.json,data/haunted_places_jsons_subset/haunted_place_8406.json,0.6363636363636364
data/haunted_places_jsons_subset/haunted_place_8484.json,data/haunted_places_jsons_subset/haunted_place_5664.json,0.5
data/haunted_places_jsons_subset/haunted_place_8484.json,data/haunted_places_jsons_subset/haunted_place_7659.json,0.6363636363636364
data/haunted_places_jsons_subset/haunted_place_8484.json,data/haunted_places_jsons_subset/haunted_place_4976.json,0.6363636363636364
data/haunted_places_jsons_subset/haunted_place_8484.json,data/haunted_places_jsons_subset/haunted_place_8056.json,0.6363636363636364
data/haunted_places_jsons_subset/haunted_place_8484.json,data/haunted_places_jsons_subset/haunted_place_6418.json,0.5
data/haunted_places_jsons_subset/haunted_place_8484.json,data/haunted_places_jsons_subset/haunted_place_4425.json,0.5
data/haunted_places_jsons_subset/haunted_place_8484.json,data/haunted_places_jsons_subset/haunted_place_10765.json,0.5
data/haunted_places_jsons_subset/haunted_place_8484.json,data/haunted_places_jsons_subset/haunted_place_9217.json,0.5
data/haunted_places_jsons_subset/haunted_place_8484.json,data/haunted_places_jsons_subset/haunted_place_1627.json,0.6363636363636364
data/haunted_places_jsons_subset/haunted_place_8484.json,data/haunted_places_jsons_subset/haunted_place_2908.json,0.5
data/haunted_places_jsons_subset/haunted_place_8484.json,data/haunted_places_jsons_subset/haunted_place_859.json,0.5
data/haunted_places_jsons_subset/haunted_place_8484.json,data/haunted_places_jsons_subset/haunted_place_6048.json,0.5
data/haunted_places_jsons_subset/haunted_place_8484.json,data/haunted_places_jsons_subset/haunted_place_4075.json,0.6363636363636364
data/haunted_places_jsons_subset/haunted_place_8484.json,data/haunted_places_jsons_subset/haunted_place_10335.json,0.5
data/haunted_places_jsons_subset/haunted_place_8484.json,data/haunted_places_jsons_subset/haunted_place_9647.json,0.5
data/haunted_places_jsons_subset/haunted_place_8484.json,data/haunted_places_jsons_subset/haunted_place_8955.json,0.5
data/haunted_places_jsons_subset/haunted_place_8484.json,data/haunted_places_jsons_subset/haunted_place_1277.json,0.5
data/haunted_places_jsons_subset/haunted_place_8484.json,data/haunted_places_jsons_subset/haunted_place_9352.json,0.5
data/haunted_places_jsons_subset/haunted_place_8484.json,data/haunted_places_jsons_subset/haunted_place_1762.json,0.5
data/haunted_places_jsons_subset/haunted_place_8484.json,data/haunted_places_jsons_subset/haunted_place_1298.json,0.5
data/haunted_places_jsons_subset/haunted_place_8484.json,data/haunted_places_jsons_subset/haunted_place_4560.json,0.5
data/haunted_places_jsons_subset/haunted_place_8484.json,data/haunted_places_jsons_subset/haunted_place_10620.json,0.5
data/haunted_places_jsons_subset/haunted_place_8484.json,data/haunted_places_jsons_subset/haunted_place_9702.json,0.5
data/haunted_places_jsons_subset/haunted_place_8484.json,data/haunted_places_jsons_subset/haunted_place_8810.json,0.6363636363636364
data/haunted_places_jsons_subset/haunted_place_8484.json,data/haunted_places_jsons_subset/haunted_place_1332.json,0.6363636363636364
data/haunted_places_jsons_subset/haunted_place_8484.json,data/haunted_places_jsons_subset/haunted_place_4130.json,0.6363636363636364
data/haunted_places_jsons_subset/haunted_place_8484.json,data/haunted_places_jsons_subset/haunted_place_10270.json,0.6363636363636364
data/haunted_places_jsons_subset/haunted_place_8484.json,data/haunted_places_jsons_subset/haunted_place_8543.json,0.5
data/haunted_places_jsons_subset/haunted_place_8484.json,data/haunted_places_jsons_subset/haunted_place_4999.json,0.6363636363636364
data/haunted_places_jsons_subset/haunted_place_8484.json,data/haunted_places_jsons_subset/haunted_place_5371.json,0.5
data/haunted_places_jsons_subset/haunted_place_8484.json,data/haunted_places_jsons_subset/haunted_place_8113.json,0.5
data/haunted_places_jsons_subset/haunted_place_8484.json,data/haunted_places_jsons_subset/haunted_place_5721.json,0.6363636363636364
data/haunted_places_jsons_subset/haunted_place_8484.json,data/haunted_places_jsons_subset/haunted_place_4833.json,0.5
data/haunted_places_jsons_subset/haunted_place_8484.json,data/haunted_places_jsons_subset/haunted_place_3026.json,0.5
data/haunted_places_jsons_subset/haunted_place_8484.json,data/haunted_places_jsons_subset/haunted_place_10159.json,0.5
data/haunted_places_jsons_subset/haunted_place_8484.json,data/haunted_places_jsons_subset/haunted_place_4219.json,0.5
data/haunted_places_jsons_subset/haunted_place_8484.json,data/haunted_places_jsons_subset/haunted_place_6224.json,0.5
data/haunted_places_jsons_subset/haunted_place_8484.json,data/haunted_places_jsons_subset/haunted_place_3476.json,0.5
data/haunted_places_jsons_subset/haunted_place_8484.json,data/haunted_places_jsons_subset/haunted_place_10509.json,0.5
data/haunted_places_jsons_subset/haunted_place_8484.json,data/haunted_places_jsons_subset/haunted_place_9581.json,0.5
data/haunted_places_jsons_subset/haunted_place_8484.json,data/haunted_places_jsons_subset/haunted_place_7966.json,0.5
data/haunted_places_jsons_subset/haunted_place_8484.json,data/haunted_places_jsons_subset/haunted_place_4649.json,0.6363636363636364
data/haunted_places_jsons_subset/haunted_place_8484.json,data/haunted_places_jsons_subset/haunted_place_6674.json,0.5
data/haunted_places_jsons_subset/haunted_place_8484.json,data/haunted_places_jsons_subset/haunted_place_1918.json,0.5
data/haunted_places_jsons_subset/haunted_place_8484.json,data/haunted_places_jsons_subset/haunted_place_3925.json,0.5
data/haunted_places_jsons_subset/haunted_place_8484.json,data/haunted_places_jsons_subset/haunted_place_2637.json,0.5
data/haunted_places_jsons_subset/haunted_place_8484.json,data/haunted_places_jsons_subset/haunted_place_76.json,0.5
data/haunted_places_jsons_subset/haunted_place_8484.json,data/haunted_places_jsons_subset/haunted_place_7435.json,0.5
data/haunted_places_jsons_subset/haunted_place_8484.json,data/haunted_places_jsons_subset/haunted_place_5408.json,0.5
data/haunted_places_jsons_subset/haunted_place_8484.json,data/haunted_places_jsons_subset/haunted_place_336.json,0.6363636363636364
data/haunted_places_jsons_subset/haunted_place_8484.json,data/haunted_places_jsons_subset/haunted_place_2267.json,0.5
data/haunted_places_jsons_subset/haunted_place_8484.json,data/haunted_places_jsons_subset/haunted_place_9978.json,0.5
data/haunted_places_jsons_subset/haunted_place_8484.json,data/haunted_places_jsons_subset/haunted_place_8390.json,0.5
data/haunted_places_jsons_subset/haunted_place_8484.json,data/haunted_places_jsons_subset/haunted_place_766.json,0.6363636363636364
data/haunted_places_jsons_subset/haunted_place_8484.json,data/haunted_places_jsons_subset/haunted_place_7065.json,0.6363636363636364
data/haunted_places_jsons_subset/haunted_place_8484.json,data/haunted_places_jsons_subset/haunted_place_5058.json,0.6363636363636364
data/haunted_places_jsons_subset/haunted_place_8484.json,data/haunted_places_jsons_subset/haunted_place_9997.json,0.5
data/haunted_places_jsons_subset/haunted_place_8484.json,data/haunted_places_jsons_subset/haunted_place_8685.json,0.6363636363636364
data/haunted_places_jsons_subset/haunted_place_8484.json,data/haunted_places_jsons_subset/haunted_place_7570.json,0.6363636363636364
data/haunted_places_jsons_subset/haunted_place_8484.json,data/haunted_places_jsons_subset/haunted_place_2288.json,0.5
data/haunted_places_jsons_subset/haunted_place_8484.json,data/haunted_places_jsons_subset/haunted_place_273.json,0.5
data/haunted_places_jsons_subset/haunted_place_8484.json,data/haunted_places_jsons_subset/haunted_place_3860.json,0.5
data/haunted_places_jsons_subset/haunted_place_8484.json,data/haunted_places_jsons_subset/haunted_place_789.json,0.6363636363636364
data/haunted_places_jsons_subset/haunted_place_8484.json,data/haunted_places_jsons_subset/haunted_place_2772.json,0.6363636363636364
data/haunted_places_jsons_subset/haunted_place_8484.json,data/haunted_places_jsons_subset/haunted_place_623.json,0.5
data/haunted_places_jsons_subset/haunted_place_8484.json,data/haunted_places_jsons_subset/haunted_place_7120.json,0.5
data/haunted_places_jsons_subset/haunted_place_8484.json,data/haunted_places_jsons_subset/haunted_place_2322.json,0.6363636363636364
data/haunted_places_jsons_subset/haunted_place_8484.json,data/haunted_places_jsons_subset/haunted_place_99.json,0.5
data/haunted_places_jsons_subset/haunted_place_8484.json,data/haunted_places_jsons_subset/haunted_place_9094.json,0.6363636363636364
data/haunted_places_jsons_subset/haunted_place_8484.json,data/haunted_places_jsons_subset/haunted_place_6361.json,0.5
data/haunted_places_jsons_subset/haunted_place_8484.json,data/haunted_places_jsons_subset/haunted_place_3499.json,0.5
data/haunted_places_jsons_subset/haunted_place_8484.json,data/haunted_places_jsons_subset/haunted_place_7989.json,0.5
data/haunted_places_jsons_subset/haunted_place_8484.json,data/haunted_places_jsons_subset/haunted_place_3163.json,0.6363636363636364
data/haunted_places_jsons_subset/haunted_place_8484.json,data/haunted_places_jsons_subset/haunted_place_7823.json,0.5
data/haunted_places_jsons_subset/haunted_place_8484.json,data/haunted_places_jsons_subset/haunted_place_6731.json,0.6363636363636364
data/haunted_places_jsons_subset/haunted_place_8484.json,data/haunted_places_jsons_subset/haunted_place_3533.json,0.6363636363636364
data/haunted_places_jsons_subset/haunted_place_8484.json,data/haunted_places_jsons_subset/haunted_place_10698.json,0.5
data/haunted_places_jsons_subset/haunted_place_8484.json,data/haunted_places_jsons_subset/haunted_place_9610.json,0.5
data/haunted_places_jsons_subset/haunted_place_8484.json,data/haunted_places_jsons_subset/haunted_place_8902.json,0.5
data/haunted_places_jsons_subset/haunted_place_8484.json,data/haunted_places_jsons_subset/haunted_place_1220.json,0.5
data/haunted_places_jsons_subset/haunted_place_8484.json,data/haunted_places_jsons_subset/haunted_place_4022.json,0.5
data/haunted_places_jsons_subset/haunted_place_8484.json,data/haunted_places_jsons_subset/haunted_place_10362.json,0.5
data/haunted_places_jsons_subset/haunted_place_8484.json,data/haunted_places_jsons_subset/haunted_place_9240.json,0.5
data/haunted_places_jsons_subset/haunted_place_8484.json,data/haunted_places_jsons_subset/haunted_place_4188.json,0.5
data/haunted_places_jsons_subset/haunted_place_8484.json,data/haunted_places_jsons_subset/haunted_place_1670.json,0.6363636363636364
data/haunted_places_jsons_subset/haunted_place_8484.json,data/haunted_places_jsons_subset/haunted_place_4472.json,0.5
data/haunted_places_jsons_subset/haunted_place_8484.json,data/haunted_places_jsons_subset/haunted_place_10732.json,0.5
data/haunted_places_jsons_subset/haunted_place_8484.json,data/haunted_places_jsons_subset/haunted_place_8001.json,0.6363636363636364
data/haunted_places_jsons_subset/haunted_place_8484.json,data/haunted_places_jsons_subset/haunted_place_5633.json,0.6363636363636364
data/haunted_places_jsons_subset/haunted_place_8484.json,data/haunted_places_jsons_subset/haunted_place_4921.json,0.5
data/haunted_places_jsons_subset/haunted_place_8484.json,data/haunted_places_jsons_subset/haunted_place_8451.json,0.5
data/haunted_places_jsons_subset/haunted_place_8484.json,data/haunted_places_jsons_subset/haunted_place_5799.json,0.6363636363636364
data/haunted_places_jsons_subset/haunted_place_8484.json,data/haunted_places_jsons_subset/haunted_place_5263.json,0.5
data/haunted_places_jsons_subset/haunted_place_8484.json,data/haunted_places_jsons_subset/haunted_place_5776.json,0.5
data/haunted_places_jsons_subset/haunted_place_8484.json,data/haunted_places_jsons_subset/haunted_place_6859.json,0.5
data/haunted_places_jsons_subset/haunted_place_8484.json,data/haunted_places_jsons_subset/haunted_place_4864.json,0.5
data/haunted_places_jsons_subset/haunted_place_8484.json,data/haunted_places_jsons_subset/haunted_place_8144.json,0.5
data/haunted_places_jsons_subset/haunted_place_8484.json,data/haunted_places_jsons_subset/haunted_place_2549.json,0.6363636363636364
data/haunted_places_jsons_subset/haunted_place_8484.json,data/haunted_places_jsons_subset/haunted_place_418.json,0.5
data/haunted_places_jsons_subset/haunted_place_8484.json,data/haunted_places_jsons_subset/haunted_place_5326.json,0.5
data/haunted_places_jsons_subset/haunted_place_8484.json,data/haunted_places_jsons_subset/haunted_place_8514.json,0.5
data/haunted_places_jsons_subset/haunted_place_8484.json,data/haunted_places_jsons_subset/haunted_place_2119.json,0.5
data/haunted_places_jsons_subset/haunted_place_8484.json,data/haunted_places_jsons_subset/haunted_place_4167.json,0.6363636363636364
data/haunted_places_jsons_subset/haunted_place_8484.json,data/haunted_places_jsons_subset/haunted_place_10227.json,0.5
data/haunted_places_jsons_subset/haunted_place_8484.json,data/haunted_places_jsons_subset/haunted_place_9755.json,0.5
data/haunted_places_jsons_subset/haunted_place_8484.json,data/haunted_places_jsons_subset/haunted_place_8847.json,0.6363636363636364
data/haunted_places_jsons_subset/haunted_place_8484.json,data/haunted_places_jsons_subset/haunted_place_3358.json,0.5
data/haunted_places_jsons_subset/haunted_place_8484.json,data/haunted_places_jsons_subset/haunted_place_1365.json,0.5
data/haunted_places_jsons_subset/haunted_place_8484.json,data/haunted_places_jsons_subset/haunted_place_4537.json,0.5
data/haunted_places_jsons_subset/haunted_place_8484.json,data/haunted_places_jsons_subset/haunted_place_10677.json,0.5
data/haunted_places_jsons_subset/haunted_place_8484.json,data/haunted_places_jsons_subset/haunted_place_9305.json,0.6363636363636364
data/haunted_places_jsons_subset/haunted_place_8484.json,data/haunted_places_jsons_subset/haunted_place_3708.json,0.5
data/haunted_places_jsons_subset/haunted_place_8484.json,data/haunted_places_jsons_subset/haunted_place_1735.json,0.5
data/haunted_places_jsons_subset/haunted_place_8484.json,data/haunted_places_jsons_subset/haunted_place_731.json,0.5
data/haunted_places_jsons_subset/haunted_place_8484.json,data/haunted_places_jsons_subset/haunted_place_7032.json,0.5
data/haunted_places_jsons_subset/haunted_place_8484.json,data/haunted_places_jsons_subset/haunted_place_2230.json,0.5
data/haunted_places_jsons_subset/haunted_place_8484.json,data/haunted_places_jsons_subset/haunted_place_9885.json,0.6363636363636364
data/haunted_places_jsons_subset/haunted_place_8484.json,data/haunted_places_jsons_subset/haunted_place_8797.json,0.6363636363636364
data/haunted_places_jsons_subset/haunted_place_8484.json,data/haunted_places_jsons_subset/haunted_place_21.json,0.5
data/haunted_places_jsons_subset/haunted_place_8484.json,data/haunted_places_jsons_subset/haunted_place_7462.json,0.5
data/haunted_places_jsons_subset/haunted_place_8484.json,data/haunted_places_jsons_subset/haunted_place_361.json,0.5
data/haunted_places_jsons_subset/haunted_place_8484.json,data/haunted_places_jsons_subset/haunted_place_3972.json,0.5
data/haunted_places_jsons_subset/haunted_place_8484.json,data/haunted_places_jsons_subset/haunted_place_2660.json,0.6363636363636364
data/haunted_places_jsons_subset/haunted_place_8484.json,data/haunted_places_jsons_subset/haunted_place_7198.json,0.5
data/haunted_places_jsons_subset/haunted_place_8484.json,data/haunted_places_jsons_subset/haunted_place_7931.json,0.5
data/haunted_places_jsons_subset/haunted_place_8484.json,data/haunted_places_jsons_subset/haunted_place_6623.json,0.6363636363636364
data/haunted_places_jsons_subset/haunted_place_8484.json,data/haunted_places_jsons_subset/haunted_place_3421.json,0.6363636363636364
data/haunted_places_jsons_subset/haunted_place_8484.json,data/haunted_places_jsons_subset/haunted_place_9186.json,0.5
data/haunted_places_jsons_subset/haunted_place_8484.json,data/haunted_places_jsons_subset/haunted_place_6273.json,0.5
data/haunted_places_jsons_subset/haunted_place_8484.json,data/haunted_places_jsons_subset/haunted_place_3071.json,0.5
data/haunted_places_jsons_subset/haunted_place_8484.json,data/haunted_places_jsons_subset/haunted_place_6789.json,0.5
data/haunted_places_jsons_subset/haunted_place_8484.json,data/haunted_places_jsons_subset/haunted_place_1559.json,0.6363636363636364
data/haunted_places_jsons_subset/haunted_place_8484.json,data/haunted_places_jsons_subset/haunted_place_3564.json,0.5
data/haunted_places_jsons_subset/haunted_place_8484.json,data/haunted_places_jsons_subset/haunted_place_9169.json,0.5
data/haunted_places_jsons_subset/haunted_place_8484.json,data/haunted_places_jsons_subset/haunted_place_9493.json,0.5
data/haunted_places_jsons_subset/haunted_place_8484.json,data/haunted_places_jsons_subset/haunted_place_7874.json,0.5
data/haunted_places_jsons_subset/haunted_place_8484.json,data/haunted_places_jsons_subset/haunted_place_5849.json,0.5
data/haunted_places_jsons_subset/haunted_place_8484.json,data/haunted_places_jsons_subset/haunted_place_6766.json,0.5
data/haunted_places_jsons_subset/haunted_place_8484.json,data/haunted_places_jsons_subset/haunted_place_1109.json,0.5
data/haunted_places_jsons_subset/haunted_place_8484.json,data/haunted_places_jsons_subset/haunted_place_3134.json,0.5
data/haunted_places_jsons_subset/haunted_place_8484.json,data/haunted_places_jsons_subset/haunted_place_9539.json,0.5
data/haunted_places_jsons_subset/haunted_place_8484.json,data/haunted_places_jsons_subset/haunted_place_6336.json,0.5
data/haunted_places_jsons_subset/haunted_place_8484.json,data/haunted_places_jsons_subset/haunted_place_2375.json,0.6363636363636364
data/haunted_places_jsons_subset/haunted_place_8484.json,data/haunted_places_jsons_subset/haunted_place_8778.json,0.5
data/haunted_places_jsons_subset/haunted_place_8484.json,data/haunted_places_jsons_subset/haunted_place_8282.json,0.6363636363636364
data/haunted_places_jsons_subset/haunted_place_8484.json,data/haunted_places_jsons_subset/haunted_place_674.json,0.5
data/haunted_places_jsons_subset/haunted_place_8484.json,data/haunted_places_jsons_subset/haunted_place_7177.json,0.5
data/haunted_places_jsons_subset/haunted_place_8484.json,data/haunted_places_jsons_subset/haunted_place_3837.json,0.5
data/haunted_places_jsons_subset/haunted_place_8484.json,data/haunted_places_jsons_subset/haunted_place_2725.json,0.5
data/haunted_places_jsons_subset/haunted_place_8484.json,data/haunted_places_jsons_subset/haunted_place_8328.json,0.5
data/haunted_places_jsons_subset/haunted_place_8484.json,data/haunted_places_jsons_subset/haunted_place_10948.json,0.5
data/haunted_places_jsons_subset/haunted_place_8484.json,data/haunted_places_jsons_subset/haunted_place_7527.json,0.5
data/haunted_places_jsons_subset/haunted_place_8484.json,data/haunted_places_jsons_subset/haunted_place_224.json,0.5
data/haunted_places_jsons_subset/haunted_place_8484.json,data/haunted_places_jsons_subset/haunted_place_7248.json,0.5
data/haunted_places_jsons_subset/haunted_place_8484.json,data/haunted_places_jsons_subset/haunted_place_5275.json,0.5
data/haunted_places_jsons_subset/haunted_place_8484.json,data/haunted_places_jsons_subset/haunted_place_8447.json,0.6363636363636364
data/haunted_places_jsons_subset/haunted_place_8484.json,data/haunted_places_jsons_subset/haunted_place_4937.json,0.5
data/haunted_places_jsons_subset/haunted_place_8484.json,data/haunted_places_jsons_subset/haunted_place_7618.json,0.5
data/haunted_places_jsons_subset/haunted_place_8484.json,data/haunted_places_jsons_subset/haunted_place_5625.json,0.5
data/haunted_places_jsons_subset/haunted_place_8484.json,data/haunted_places_jsons_subset/haunted_place_8017.json,0.5
data/haunted_places_jsons_subset/haunted_place_8484.json,data/haunted_places_jsons_subset/haunted_place_10724.json,0.5
data/haunted_places_jsons_subset/haunted_place_8484.json,data/haunted_places_jsons_subset/haunted_place_4464.json,0.6363636363636364
data/haunted_places_jsons_subset/haunted_place_8484.json,data/haunted_places_jsons_subset/haunted_place_6459.json,0.5
data/haunted_places_jsons_subset/haunted_place_8484.json,data/haunted_places_jsons_subset/haunted_place_2949.json,0.5
data/haunted_places_jsons_subset/haunted_place_8484.json,data/haunted_places_jsons_subset/haunted_place_1666.json,0.5
data/haunted_places_jsons_subset/haunted_place_8484.json,data/haunted_places_jsons_subset/haunted_place_9256.json,0.5
data/haunted_places_jsons_subset/haunted_place_8484.json,data/haunted_places_jsons_subset/haunted_place_10374.json,0.5
data/haunted_places_jsons_subset/haunted_place_8484.json,data/haunted_places_jsons_subset/haunted_place_4034.json,0.6363636363636364
data/haunted_places_jsons_subset/haunted_place_8484.json,data/haunted_places_jsons_subset/haunted_place_6009.json,0.5
data/haunted_places_jsons_subset/haunted_place_8484.json,data/haunted_places_jsons_subset/haunted_place_818.json,0.5
data/haunted_places_jsons_subset/haunted_place_8484.json,data/haunted_places_jsons_subset/haunted_place_1236.json,0.5
data/haunted_places_jsons_subset/haunted_place_8484.json,data/haunted_places_jsons_subset/haunted_place_8914.json,0.6363636363636364
data/haunted_places_jsons_subset/haunted_place_8484.json,data/haunted_places_jsons_subset/haunted_place_9606.json,0.5
data/haunted_places_jsons_subset/haunted_place_8484.json,data/haunted_places_jsons_subset/haunted_place_1723.json,0.5
data/haunted_places_jsons_subset/haunted_place_8484.json,data/haunted_places_jsons_subset/haunted_place_9313.json,0.5
data/haunted_places_jsons_subset/haunted_place_8484.json,data/haunted_places_jsons_subset/haunted_place_10661.json,0.5
data/haunted_places_jsons_subset/haunted_place_8484.json,data/haunted_places_jsons_subset/haunted_place_4521.json,0.5
data/haunted_places_jsons_subset/haunted_place_8484.json,data/haunted_places_jsons_subset/haunted_place_1373.json,0.5
data/haunted_places_jsons_subset/haunted_place_8484.json,data/haunted_places_jsons_subset/haunted_place_8851.json,0.5
data/haunted_places_jsons_subset/haunted_place_8484.json,data/haunted_places_jsons_subset/haunted_place_9743.json,0.6363636363636364
data/haunted_places_jsons_subset/haunted_place_8484.json,data/haunted_places_jsons_subset/haunted_place_10231.json,0.5
data/haunted_places_jsons_subset/haunted_place_8484.json,data/haunted_places_jsons_subset/haunted_place_1689.json,0.5
data/haunted_places_jsons_subset/haunted_place_8484.json,data/haunted_places_jsons_subset/haunted_place_4171.json,0.6363636363636364
data/haunted_places_jsons_subset/haunted_place_8484.json,data/haunted_places_jsons_subset/haunted_place_8502.json,0.6363636363636364
data/haunted_places_jsons_subset/haunted_place_8484.json,data/haunted_places_jsons_subset/haunted_place_5330.json,0.5
data/haunted_places_jsons_subset/haunted_place_8484.json,data/haunted_places_jsons_subset/haunted_place_8152.json,0.5
data/haunted_places_jsons_subset/haunted_place_8484.json,data/haunted_places_jsons_subset/haunted_place_4872.json,0.5
data/haunted_places_jsons_subset/haunted_place_8484.json,data/haunted_places_jsons_subset/haunted_place_5760.json,0.5
data/haunted_places_jsons_subset/haunted_place_8484.json,data/haunted_places_jsons_subset/haunted_place_3067.json,0.6363636363636364
data/haunted_places_jsons_subset/haunted_place_8484.json,data/haunted_places_jsons_subset/haunted_place_6265.json,0.5
data/haunted_places_jsons_subset/haunted_place_8484.json,data/haunted_places_jsons_subset/haunted_place_4258.json,0.5
data/haunted_places_jsons_subset/haunted_place_8484.json,data/haunted_places_jsons_subset/haunted_place_10118.json,0.5
data/haunted_places_jsons_subset/haunted_place_8484.json,data/haunted_places_jsons_subset/haunted_place_9190.json,0.5
data/haunted_places_jsons_subset/haunted_place_8484.json,data/haunted_places_jsons_subset/haunted_place_3437.json,0.5
data/haunted_places_jsons_subset/haunted_place_8484.json,data/haunted_places_jsons_subset/haunted_place_6635.json,0.5
data/haunted_places_jsons_subset/haunted_place_8484.json,data/haunted_places_jsons_subset/haunted_place_4608.json,0.6363636363636364
data/haunted_places_jsons_subset/haunted_place_8484.json,data/haunted_places_jsons_subset/haunted_place_7927.json,0.6363636363636364
data/haunted_places_jsons_subset/haunted_place_8484.json,data/haunted_places_jsons_subset/haunted_place_10548.json,0.5
data/haunted_places_jsons_subset/haunted_place_8484.json,data/haunted_places_jsons_subset/haunted_place_2676.json,0.6363636363636364
data/haunted_places_jsons_subset/haunted_place_8484.json,data/haunted_places_jsons_subset/haunted_place_3964.json,0.5
data/haunted_places_jsons_subset/haunted_place_8484.json,data/haunted_places_jsons_subset/haunted_place_1959.json,0.5
data/haunted_places_jsons_subset/haunted_place_8484.json,data/haunted_places_jsons_subset/haunted_place_377.json,0.6363636363636364
data/haunted_places_jsons_subset/haunted_place_8484.json,data/haunted_places_jsons_subset/haunted_place_5449.json,0.6363636363636364
data/haunted_places_jsons_subset/haunted_place_8484.json,data/haunted_places_jsons_subset/haunted_place_7474.json,0.5
data/haunted_places_jsons_subset/haunted_place_8484.json,data/haunted_places_jsons_subset/haunted_place_8781.json,0.5
data/haunted_places_jsons_subset/haunted_place_8484.json,data/haunted_places_jsons_subset/haunted_place_37.json,0.5
data/haunted_places_jsons_subset/haunted_place_8484.json,data/haunted_places_jsons_subset/haunted_place_9893.json,0.5
data/haunted_places_jsons_subset/haunted_place_8484.json,data/haunted_places_jsons_subset/haunted_place_9939.json,0.5
data/haunted_places_jsons_subset/haunted_place_8484.json,data/haunted_places_jsons_subset/haunted_place_2226.json,0.6363636363636364
data/haunted_places_jsons_subset/haunted_place_8484.json,data/haunted_places_jsons_subset/haunted_place_5019.json,0.5
data/haunted_places_jsons_subset/haunted_place_8484.json,data/haunted_places_jsons_subset/haunted_place_7024.json,0.5
data/haunted_places_jsons_subset/haunted_place_8484.json,data/haunted_places_jsons_subset/haunted_place_727.json,0.5
data/haunted_places_jsons_subset/haunted_place_8484.json,data/haunted_places_jsons_subset/haunted_place_232.json,0.5
data/haunted_places_jsons_subset/haunted_place_8484.json,data/haunted_places_jsons_subset/haunted_place_7531.json,0.5
data/haunted_places_jsons_subset/haunted_place_8484.json,data/haunted_places_jsons_subset/haunted_place_2733.json,0.5
data/haunted_places_jsons_subset/haunted_place_8484.json,data/haunted_places_jsons_subset/haunted_place_3821.json,0.5
data/haunted_places_jsons_subset/haunted_place_8484.json,data/haunted_places_jsons_subset/haunted_place_7161.json,0.5
data/haunted_places_jsons_subset/haunted_place_8484.json,data/haunted_places_jsons_subset/haunted_place_2699.json,0.5
data/haunted_places_jsons_subset/haunted_place_8484.json,data/haunted_places_jsons_subset/haunted_place_662.json,0.5
data/haunted_places_jsons_subset/haunted_place_8484.json,data/haunted_places_jsons_subset/haunted_place_8294.json,0.5
data/haunted_places_jsons_subset/haunted_place_8484.json,data/haunted_places_jsons_subset/haunted_place_398.json,0.5
data/haunted_places_jsons_subset/haunted_place_8484.json,data/haunted_places_jsons_subset/haunted_place_2363.json,0.5
data/haunted_places_jsons_subset/haunted_place_8484.json,data/haunted_places_jsons_subset/haunted_place_6320.json,0.5
data/haunted_places_jsons_subset/haunted_place_8484.json,data/haunted_places_jsons_subset/haunted_place_3122.json,0.6363636363636364
data/haunted_places_jsons_subset/haunted_place_8484.json,data/haunted_places_jsons_subset/haunted_place_6770.json,0.5
data/haunted_places_jsons_subset/haunted_place_8484.json,data/haunted_places_jsons_subset/haunted_place_3088.json,0.5
data/haunted_places_jsons_subset/haunted_place_8484.json,data/haunted_places_jsons_subset/haunted_place_7862.json,0.5
data/haunted_places_jsons_subset/haunted_place_8484.json,data/haunted_places_jsons_subset/haunted_place_9485.json,0.6363636363636364
data/haunted_places_jsons_subset/haunted_place_8484.json,data/haunted_places_jsons_subset/haunted_place_3572.json,0.5
data/haunted_places_jsons_subset/haunted_place_8484.json,data/haunted_places_jsons_subset/haunted_place_4599.json,0.6363636363636364
data/haunted_places_jsons_subset/haunted_place_8484.json,data/haunted_places_jsons_subset/haunted_place_1261.json,0.6363636363636364
data/haunted_places_jsons_subset/haunted_place_8484.json,data/haunted_places_jsons_subset/haunted_place_8943.json,0.6363636363636364
data/haunted_places_jsons_subset/haunted_place_8484.json,data/haunted_places_jsons_subset/haunted_place_9651.json,0.5
data/haunted_places_jsons_subset/haunted_place_8484.json,data/haunted_places_jsons_subset/haunted_place_10323.json,0.5
data/haunted_places_jsons_subset/haunted_place_8484.json,data/haunted_places_jsons_subset/haunted_place_4063.json,0.5
data/haunted_places_jsons_subset/haunted_place_8484.json,data/haunted_places_jsons_subset/haunted_place_1631.json,0.5
data/haunted_places_jsons_subset/haunted_place_8484.json,data/haunted_places_jsons_subset/haunted_place_10289.json,0.5
data/haunted_places_jsons_subset/haunted_place_8484.json,data/haunted_places_jsons_subset/haunted_place_9201.json,0.6363636363636364
data/haunted_places_jsons_subset/haunted_place_8484.json,data/haunted_places_jsons_subset/haunted_place_10773.json,0.5
data/haunted_places_jsons_subset/haunted_place_8484.json,data/haunted_places_jsons_subset/haunted_place_4433.json,0.5
data/haunted_places_jsons_subset/haunted_place_8484.json,data/haunted_places_jsons_subset/haunted_place_5388.json,0.6363636363636364
data/haunted_places_jsons_subset/haunted_place_8484.json,data/haunted_places_jsons_subset/haunted_place_8040.json,0.5
data/haunted_places_jsons_subset/haunted_place_8484.json,data/haunted_places_jsons_subset/haunted_place_4960.json,0.5
data/haunted_places_jsons_subset/haunted_place_8484.json,data/haunted_places_jsons_subset/haunted_place_5672.json,0.6363636363636364
data/haunted_places_jsons_subset/haunted_place_8484.json,data/haunted_places_jsons_subset/haunted_place_8410.json,0.5
data/haunted_places_jsons_subset/haunted_place_8484.json,data/haunted_places_jsons_subset/haunted_place_5222.json,0.5
data/haunted_places_jsons_subset/haunted_place_8484.json,data/haunted_places_jsons_subset/haunted_place_4825.json,0.5
data/haunted_places_jsons_subset/haunted_place_8484.json,data/haunted_places_jsons_subset/haunted_place_6818.json,0.6363636363636364
data/haunted_places_jsons_subset/haunted_place_8484.json,data/haunted_places_jsons_subset/haunted_place_5737.json,0.5
data/haunted_places_jsons_subset/haunted_place_8484.json,data/haunted_places_jsons_subset/haunted_place_2508.json,0.5
data/haunted_places_jsons_subset/haunted_place_8484.json,data/haunted_places_jsons_subset/haunted_place_8105.json,0.6363636363636364
data/haunted_places_jsons_subset/haunted_place_8484.json,data/haunted_places_jsons_subset/haunted_place_5367.json,0.5
data/haunted_places_jsons_subset/haunted_place_8484.json,data/haunted_places_jsons_subset/haunted_place_459.json,0.5
data/haunted_places_jsons_subset/haunted_place_8484.json,data/haunted_places_jsons_subset/haunted_place_2158.json,0.5
data/haunted_places_jsons_subset/haunted_place_8484.json,data/haunted_places_jsons_subset/haunted_place_8555.json,0.5
data/haunted_places_jsons_subset/haunted_place_8484.json,data/haunted_places_jsons_subset/haunted_place_10266.json,0.6363636363636364
data/haunted_places_jsons_subset/haunted_place_8484.json,data/haunted_places_jsons_subset/haunted_place_4126.json,0.6363636363636364
data/haunted_places_jsons_subset/haunted_place_8484.json,data/haunted_places_jsons_subset/haunted_place_1324.json,0.6363636363636364
data/haunted_places_jsons_subset/haunted_place_8484.json,data/haunted_places_jsons_subset/haunted_place_3319.json,0.5
data/haunted_places_jsons_subset/haunted_place_8484.json,data/haunted_places_jsons_subset/haunted_place_8806.json,0.5
data/haunted_places_jsons_subset/haunted_place_8484.json,data/haunted_places_jsons_subset/haunted_place_9714.json,0.5
data/haunted_places_jsons_subset/haunted_place_8484.json,data/haunted_places_jsons_subset/haunted_place_10636.json,0.5
data/haunted_places_jsons_subset/haunted_place_8484.json,data/haunted_places_jsons_subset/haunted_place_4576.json,0.5
data/haunted_places_jsons_subset/haunted_place_8484.json,data/haunted_places_jsons_subset/haunted_place_1774.json,0.5
data/haunted_places_jsons_subset/haunted_place_8484.json,data/haunted_places_jsons_subset/haunted_place_3749.json,0.5
data/haunted_places_jsons_subset/haunted_place_8484.json,data/haunted_places_jsons_subset/haunted_place_9344.json,0.6363636363636364
data/haunted_places_jsons_subset/haunted_place_8484.json,data/haunted_places_jsons_subset/haunted_place_7073.json,0.6363636363636364
data/haunted_places_jsons_subset/haunted_place_8484.json,data/haunted_places_jsons_subset/haunted_place_770.json,0.5
data/haunted_places_jsons_subset/haunted_place_8484.json,data/haunted_places_jsons_subset/haunted_place_3899.json,0.5
data/haunted_places_jsons_subset/haunted_place_8484.json,data/haunted_places_jsons_subset/haunted_place_8386.json,0.6363636363636364
data/haunted_places_jsons_subset/haunted_place_8484.json,data/haunted_places_jsons_subset/haunted_place_2271.json,0.5
data/haunted_places_jsons_subset/haunted_place_8484.json,data/haunted_places_jsons_subset/haunted_place_7589.json,0.5
data/haunted_places_jsons_subset/haunted_place_8484.json,data/haunted_places_jsons_subset/haunted_place_320.json,0.6363636363636364
data/haunted_places_jsons_subset/haunted_place_8484.json,data/haunted_places_jsons_subset/haunted_place_7423.json,0.5
data/haunted_places_jsons_subset/haunted_place_8484.json,data/haunted_places_jsons_subset/haunted_place_60.json,0.5
data/haunted_places_jsons_subset/haunted_place_8484.json,data/haunted_places_jsons_subset/haunted_place_2621.json,0.6363636363636364
data/haunted_places_jsons_subset/haunted_place_8484.json,data/haunted_places_jsons_subset/haunted_place_3933.json,0.5
data/haunted_places_jsons_subset/haunted_place_8484.json,data/haunted_places_jsons_subset/haunted_place_6662.json,0.6363636363636364
data/haunted_places_jsons_subset/haunted_place_8484.json,data/haunted_places_jsons_subset/haunted_place_7970.json,0.5
data/haunted_places_jsons_subset/haunted_place_8484.json,data/haunted_places_jsons_subset/haunted_place_9597.json,0.5
data/haunted_places_jsons_subset/haunted_place_8484.json,data/haunted_places_jsons_subset/haunted_place_3460.json,0.5
data/haunted_places_jsons_subset/haunted_place_8484.json,data/haunted_places_jsons_subset/haunted_place_6398.json,0.5
data/haunted_places_jsons_subset/haunted_place_8484.json,data/haunted_places_jsons_subset/haunted_place_6232.json,0.6363636363636364
data/haunted_places_jsons_subset/haunted_place_8484.json,data/haunted_places_jsons_subset/haunted_place_3030.json,0.5
data/haunted_places_jsons_subset/haunted_place_8484.json,data/haunted_places_jsons_subset/haunted_place_9128.json,0.6363636363636364
data/haunted_places_jsons_subset/haunted_place_8484.json,data/haunted_places_jsons_subset/haunted_place_3525.json,0.5
data/haunted_places_jsons_subset/haunted_place_8484.json,data/haunted_places_jsons_subset/haunted_place_1518.json,0.5
data/haunted_places_jsons_subset/haunted_place_8484.json,data/haunted_places_jsons_subset/haunted_place_6727.json,0.5
data/haunted_places_jsons_subset/haunted_place_8484.json,data/haunted_places_jsons_subset/haunted_place_5808.json,0.5
data/haunted_places_jsons_subset/haunted_place_8484.json,data/haunted_places_jsons_subset/haunted_place_7835.json,0.6363636363636364
data/haunted_places_jsons_subset/haunted_place_8484.json,data/haunted_places_jsons_subset/haunted_place_9578.json,0.6363636363636364
data/haunted_places_jsons_subset/haunted_place_8484.json,data/haunted_places_jsons_subset/haunted_place_3175.json,0.5
data/haunted_places_jsons_subset/haunted_place_8484.json,data/haunted_places_jsons_subset/haunted_place_1148.json,0.5
data/haunted_places_jsons_subset/haunted_place_8484.json,data/haunted_places_jsons_subset/haunted_place_6377.json,0.5
data/haunted_places_jsons_subset/haunted_place_8484.json,data/haunted_places_jsons_subset/haunted_place_9082.json,0.5
data/haunted_places_jsons_subset/haunted_place_8484.json,data/haunted_places_jsons_subset/haunted_place_8739.json,0.5
data/haunted_places_jsons_subset/haunted_place_8484.json,data/haunted_places_jsons_subset/haunted_place_2334.json,0.5
data/haunted_places_jsons_subset/haunted_place_8484.json,data/haunted_places_jsons_subset/haunted_place_7136.json,0.5
data/haunted_places_jsons_subset/haunted_place_8484.json,data/haunted_places_jsons_subset/haunted_place_635.json,0.6363636363636364
data/haunted_places_jsons_subset/haunted_place_8484.json,data/haunted_places_jsons_subset/haunted_place_8369.json,0.5
data/haunted_places_jsons_subset/haunted_place_8484.json,data/haunted_places_jsons_subset/haunted_place_2764.json,0.5
data/haunted_places_jsons_subset/haunted_place_8484.json,data/haunted_places_jsons_subset/haunted_place_3876.json,0.5
data/haunted_places_jsons_subset/haunted_place_8484.json,data/haunted_places_jsons_subset/haunted_place_265.json,0.6363636363636364
data/haunted_places_jsons_subset/haunted_place_8484.json,data/haunted_places_jsons_subset/haunted_place_7566.json,0.6363636363636364
data/haunted_places_jsons_subset/haunted_place_8484.json,data/haunted_places_jsons_subset/haunted_place_8693.json,0.6363636363636364
data/haunted_places_jsons_subset/haunted_place_8484.json,data/haunted_places_jsons_subset/haunted_place_10909.json,0.5
data/haunted_places_jsons_subset/haunted_place_8484.json,data/haunted_places_jsons_subset/haunted_place_9981.json,0.6363636363636364
data/haunted_places_jsons_subset/haunted_place_8484.json,data/haunted_places_jsons_subset/haunted_place_212.json,0.5
data/haunted_places_jsons_subset/haunted_place_8484.json,data/haunted_places_jsons_subset/haunted_place_7511.json,0.5
data/haunted_places_jsons_subset/haunted_place_8484.json,data/haunted_places_jsons_subset/haunted_place_2713.json,0.5
data/haunted_places_jsons_subset/haunted_place_8484.json,data/haunted_places_jsons_subset/haunted_place_3801.json,0.5
data/haunted_places_jsons_subset/haunted_place_8484.json,data/haunted_places_jsons_subset/haunted_place_7141.json,0.5
data/haunted_places_jsons_subset/haunted_place_8484.json,data/haunted_places_jsons_subset/haunted_place_642.json,0.5
data/haunted_places_jsons_subset/haunted_place_8484.json,data/haunted_places_jsons_subset/haunted_place_1996.json,0.6363636363636364
data/haunted_places_jsons_subset/haunted_place_8484.json,data/haunted_places_jsons_subset/haunted_place_5486.json,0.5
data/haunted_places_jsons_subset/haunted_place_8484.json,data/haunted_places_jsons_subset/haunted_place_2343.json,0.5
data/haunted_places_jsons_subset/haunted_place_8484.json,data/haunted_places_jsons_subset/haunted_place_6300.json,0.5
data/haunted_places_jsons_subset/haunted_place_8484.json,data/haunted_places_jsons_subset/haunted_place_10587.json,0.5
data/haunted_places_jsons_subset/haunted_place_8484.json,data/haunted_places_jsons_subset/haunted_place_3102.json,0.5
data/haunted_places_jsons_subset/haunted_place_8484.json,data/haunted_places_jsons_subset/haunted_place_6750.json,0.5
data/haunted_places_jsons_subset/haunted_place_8484.json,data/haunted_places_jsons_subset/haunted_place_1095.json,0.5
data/haunted_places_jsons_subset/haunted_place_8484.json,data/haunted_places_jsons_subset/haunted_place_7842.json,0.5
data/haunted_places_jsons_subset/haunted_place_8484.json,data/haunted_places_jsons_subset/haunted_place_3552.json,0.5
data/haunted_places_jsons_subset/haunted_place_8484.json,data/haunted_places_jsons_subset/haunted_place_4297.json,0.6363636363636364
data/haunted_places_jsons_subset/haunted_place_8484.json,data/haunted_places_jsons_subset/haunted_place_4782.json,0.5
data/haunted_places_jsons_subset/haunted_place_8484.json,data/haunted_places_jsons_subset/haunted_place_3047.json,0.5
data/haunted_places_jsons_subset/haunted_place_8484.json,data/haunted_places_jsons_subset/haunted_place_5890.json,0.5
data/haunted_places_jsons_subset/haunted_place_8484.json,data/haunted_places_jsons_subset/haunted_place_1580.json,0.5
data/haunted_places_jsons_subset/haunted_place_8484.json,data/haunted_places_jsons_subset/haunted_place_4278.json,0.5
data/haunted_places_jsons_subset/haunted_place_8484.json,data/haunted_places_jsons_subset/haunted_place_6245.json,0.6363636363636364
data/haunted_places_jsons_subset/haunted_place_8484.json,data/haunted_places_jsons_subset/haunted_place_10138.json,0.5
data/haunted_places_jsons_subset/haunted_place_8484.json,data/haunted_places_jsons_subset/haunted_place_10092.json,0.5
data/haunted_places_jsons_subset/haunted_place_8484.json,data/haunted_places_jsons_subset/haunted_place_3417.json,0.5
data/haunted_places_jsons_subset/haunted_place_8484.json,data/haunted_places_jsons_subset/haunted_place_4628.json,0.5
data/haunted_places_jsons_subset/haunted_place_8484.json,data/haunted_places_jsons_subset/haunted_place_6615.json,0.6363636363636364
data/haunted_places_jsons_subset/haunted_place_8484.json,data/haunted_places_jsons_subset/haunted_place_7907.json,0.6363636363636364
data/haunted_places_jsons_subset/haunted_place_8484.json,data/haunted_places_jsons_subset/haunted_place_10568.json,0.6363636363636364
data/haunted_places_jsons_subset/haunted_place_8484.json,data/haunted_places_jsons_subset/haunted_place_2656.json,0.5
data/haunted_places_jsons_subset/haunted_place_8484.json,data/haunted_places_jsons_subset/haunted_place_5193.json,0.5
data/haunted_places_jsons_subset/haunted_place_8484.json,data/haunted_places_jsons_subset/haunted_place_1979.json,0.5
data/haunted_places_jsons_subset/haunted_place_8484.json,data/haunted_places_jsons_subset/haunted_place_3944.json,0.6363636363636364
data/haunted_places_jsons_subset/haunted_place_8484.json,data/haunted_places_jsons_subset/haunted_place_357.json,0.6363636363636364
data/haunted_places_jsons_subset/haunted_place_8484.json,data/haunted_places_jsons_subset/haunted_place_7454.json,0.6363636363636364
data/haunted_places_jsons_subset/haunted_place_8484.json,data/haunted_places_jsons_subset/haunted_place_5469.json,0.5
data/haunted_places_jsons_subset/haunted_place_8484.json,data/haunted_places_jsons_subset/haunted_place_17.json,0.6363636363636364
data/haunted_places_jsons_subset/haunted_place_8484.json,data/haunted_places_jsons_subset/haunted_place_10991.json,0.6363636363636364
data/haunted_places_jsons_subset/haunted_place_8484.json,data/haunted_places_jsons_subset/haunted_place_9919.json,0.5
data/haunted_places_jsons_subset/haunted_place_8484.json,data/haunted_places_jsons_subset/haunted_place_2206.json,0.5
data/haunted_places_jsons_subset/haunted_place_8484.json,data/haunted_places_jsons_subset/haunted_place_7004.json,0.5
data/haunted_places_jsons_subset/haunted_place_8484.json,data/haunted_places_jsons_subset/haunted_place_5039.json,0.5
data/haunted_places_jsons_subset/haunted_place_8484.json,data/haunted_places_jsons_subset/haunted_place_707.json,0.5
data/haunted_places_jsons_subset/haunted_place_8484.json,data/haunted_places_jsons_subset/haunted_place_1703.json,0.5
data/haunted_places_jsons_subset/haunted_place_8484.json,data/haunted_places_jsons_subset/haunted_place_9333.json,0.5
data/haunted_places_jsons_subset/haunted_place_8484.json,data/haunted_places_jsons_subset/haunted_place_10641.json,0.6363636363636364
data/haunted_places_jsons_subset/haunted_place_8484.json,data/haunted_places_jsons_subset/haunted_place_4501.json,0.5
data/haunted_places_jsons_subset/haunted_place_8484.json,data/haunted_places_jsons_subset/haunted_place_1353.json,0.5
data/haunted_places_jsons_subset/haunted_place_8484.json,data/haunted_places_jsons_subset/haunted_place_6496.json,0.5
data/haunted_places_jsons_subset/haunted_place_8484.json,data/haunted_places_jsons_subset/haunted_place_8871.json,0.5
data/haunted_places_jsons_subset/haunted_place_8484.json,data/haunted_places_jsons_subset/haunted_place_9763.json,0.5
data/haunted_places_jsons_subset/haunted_place_8484.json,data/haunted_places_jsons_subset/haunted_place_10211.json,0.6363636363636364
data/haunted_places_jsons_subset/haunted_place_8484.json,data/haunted_places_jsons_subset/haunted_place_9299.json,0.6363636363636364
data/haunted_places_jsons_subset/haunted_place_8484.json,data/haunted_places_jsons_subset/haunted_place_2986.json,0.5
data/haunted_places_jsons_subset/haunted_place_8484.json,data/haunted_places_jsons_subset/haunted_place_4151.json,0.5
data/haunted_places_jsons_subset/haunted_place_8484.json,data/haunted_places_jsons_subset/haunted_place_3694.json,0.6363636363636364
data/haunted_places_jsons_subset/haunted_place_8484.json,data/haunted_places_jsons_subset/haunted_place_8522.json,0.6363636363636364
data/haunted_places_jsons_subset/haunted_place_8484.json,data/haunted_places_jsons_subset/haunted_place_5310.json,0.5
data/haunted_places_jsons_subset/haunted_place_8484.json,data/haunted_places_jsons_subset/haunted_place_7287.json,0.5
data/haunted_places_jsons_subset/haunted_place_8484.json,data/haunted_places_jsons_subset/haunted_place_584.json,0.6363636363636364
data/haunted_places_jsons_subset/haunted_place_8484.json,data/haunted_places_jsons_subset/haunted_place_8172.json,0.5
data/haunted_places_jsons_subset/haunted_place_8484.json,data/haunted_places_jsons_subset/haunted_place_8488.json,0.6363636363636364
data/haunted_places_jsons_subset/haunted_place_8484.json,data/haunted_places_jsons_subset/haunted_place_4852.json,0.5
data/haunted_places_jsons_subset/haunted_place_8484.json,data/haunted_places_jsons_subset/haunted_place_2085.json,0.5
data/haunted_places_jsons_subset/haunted_place_8484.json,data/haunted_places_jsons_subset/haunted_place_5740.json,0.5
data/haunted_places_jsons_subset/haunted_place_2573.json,data/haunted_places_jsons_subset/haunted_place_588.json,0.5
data/haunted_places_jsons_subset/haunted_place_2573.json,data/haunted_places_jsons_subset/haunted_place_7321.json,0.5
data/haunted_places_jsons_subset/haunted_place_2573.json,data/haunted_places_jsons_subset/haunted_place_422.json,0.5
data/haunted_places_jsons_subset/haunted_place_2573.json,data/haunted_places_jsons_subset/haunted_place_2123.json,0.5
data/haunted_places_jsons_subset/haunted_place_2573.json,data/haunted_places_jsons_subset/haunted_place_971.json,0.5
data/haunted_places_jsons_subset/haunted_place_2573.json,data/haunted_places_jsons_subset/haunted_place_6160.json,0.5
data/haunted_places_jsons_subset/haunted_place_2573.json,data/haunted_places_jsons_subset/haunted_place_3698.json,0.5
data/haunted_places_jsons_subset/haunted_place_2573.json,data/haunted_places_jsons_subset/haunted_place_9295.json,0.5
data/haunted_places_jsons_subset/haunted_place_2573.json,data/haunted_places_jsons_subset/haunted_place_3362.json,0.5
data/haunted_places_jsons_subset/haunted_place_2573.json,data/haunted_places_jsons_subset/haunted_place_6530.json,0.6363636363636364
data/haunted_places_jsons_subset/haunted_place_2573.json,data/haunted_places_jsons_subset/haunted_place_2820.json,0.5
data/haunted_places_jsons_subset/haunted_place_2573.json,data/haunted_places_jsons_subset/haunted_place_3732.json,0.5
data/haunted_places_jsons_subset/haunted_place_2573.json,data/haunted_places_jsons_subset/haunted_place_8938.json,0.5
data/haunted_places_jsons_subset/haunted_place_2573.json,data/haunted_places_jsons_subset/haunted_place_3227.json,0.5
data/haunted_places_jsons_subset/haunted_place_2573.json,data/haunted_places_jsons_subset/haunted_place_4018.json,0.5
data/haunted_places_jsons_subset/haunted_place_2573.json,data/haunted_places_jsons_subset/haunted_place_6025.json,0.6363636363636364
data/haunted_places_jsons_subset/haunted_place_2573.json,data/haunted_places_jsons_subset/haunted_place_834.json,0.6363636363636364
data/haunted_places_jsons_subset/haunted_place_2573.json,data/haunted_places_jsons_subset/haunted_place_10358.json,0.5
data/haunted_places_jsons_subset/haunted_place_2573.json,data/haunted_places_jsons_subset/haunted_place_2965.json,0.5
data/haunted_places_jsons_subset/haunted_place_2573.json,data/haunted_places_jsons_subset/haunted_place_3677.json,0.5
data/haunted_places_jsons_subset/haunted_place_2573.json,data/haunted_places_jsons_subset/haunted_place_4448.json,0.5
data/haunted_places_jsons_subset/haunted_place_2573.json,data/haunted_places_jsons_subset/haunted_place_6475.json,0.5
data/haunted_places_jsons_subset/haunted_place_2573.json,data/haunted_places_jsons_subset/haunted_place_8892.json,0.5
data/haunted_places_jsons_subset/haunted_place_2573.json,data/haunted_places_jsons_subset/haunted_place_10708.json,0.6363636363636364
data/haunted_places_jsons_subset/haunted_place_2573.json,data/haunted_places_jsons_subset/haunted_place_9780.json,0.5
data/haunted_places_jsons_subset/haunted_place_2573.json,data/haunted_places_jsons_subset/haunted_place_2436.json,0.5
data/haunted_places_jsons_subset/haunted_place_2573.json,data/haunted_places_jsons_subset/haunted_place_6926.json,0.6363636363636364
data/haunted_places_jsons_subset/haunted_place_2573.json,data/haunted_places_jsons_subset/haunted_place_137.json,0.5
data/haunted_places_jsons_subset/haunted_place_2573.json,data/haunted_places_jsons_subset/haunted_place_7634.json,0.6363636363636364
data/haunted_places_jsons_subset/haunted_place_2573.json,data/haunted_places_jsons_subset/haunted_place_5609.json,0.5
data/haunted_places_jsons_subset/haunted_place_2573.json,data/haunted_places_jsons_subset/haunted_place_2066.json,0.5
data/haunted_places_jsons_subset/haunted_place_2573.json,data/haunted_places_jsons_subset/haunted_place_7264.json,0.5
data/haunted_places_jsons_subset/haunted_place_2573.json,data/haunted_places_jsons_subset/haunted_place_5259.json,0.5
data/haunted_places_jsons_subset/haunted_place_2573.json,data/haunted_places_jsons_subset/haunted_place_567.json,0.6363636363636364
data/haunted_places_jsons_subset/haunted_place_2573.json,data/haunted_places_jsons_subset/haunted_place_8191.json,0.5
data/haunted_places_jsons_subset/haunted_place_2573.json,data/haunted_places_jsons_subset/haunted_place_1563.json,0.5
data/haunted_places_jsons_subset/haunted_place_2573.json,data/haunted_places_jsons_subset/haunted_place_9153.json,0.6363636363636364
data/haunted_places_jsons_subset/haunted_place_2573.json,data/haunted_places_jsons_subset/haunted_place_10421.json,0.5
data/haunted_places_jsons_subset/haunted_place_2573.json,data/haunted_places_jsons_subset/haunted_place_1099.json,0.6363636363636364
data/haunted_places_jsons_subset/haunted_place_2573.json,data/haunted_places_jsons_subset/haunted_place_4761.json,0.6363636363636364
data/haunted_places_jsons_subset/haunted_place_2573.json,data/haunted_places_jsons_subset/haunted_place_5873.json,0.6363636363636364
data/haunted_places_jsons_subset/haunted_place_2573.json,data/haunted_places_jsons_subset/haunted_place_1133.json,0.5
data/haunted_places_jsons_subset/haunted_place_2573.json,data/haunted_places_jsons_subset/haunted_place_9503.json,0.5
data/haunted_places_jsons_subset/haunted_place_2573.json,data/haunted_places_jsons_subset/haunted_place_10071.json,0.6363636363636364
data/haunted_places_jsons_subset/haunted_place_2573.json,data/haunted_places_jsons_subset/haunted_place_4331.json,0.6363636363636364
data/haunted_places_jsons_subset/haunted_place_2573.json,data/haunted_places_jsons_subset/haunted_place_8742.json,0.6363636363636364
data/haunted_places_jsons_subset/haunted_place_2573.json,data/haunted_places_jsons_subset/haunted_place_9850.json,0.5
data/haunted_places_jsons_subset/haunted_place_2573.json,data/haunted_places_jsons_subset/haunted_place_5170.json,0.5
data/haunted_places_jsons_subset/haunted_place_2573.json,data/haunted_places_jsons_subset/haunted_place_1830.json,0.5
data/haunted_places_jsons_subset/haunted_place_2573.json,data/haunted_places_jsons_subset/haunted_place_8312.json,0.6363636363636364
data/haunted_places_jsons_subset/haunted_place_2573.json,data/haunted_places_jsons_subset/haunted_place_10972.json,0.5
data/haunted_places_jsons_subset/haunted_place_2573.json,data/haunted_places_jsons_subset/haunted_place_5520.json,0.5
data/haunted_places_jsons_subset/haunted_place_2573.json,data/haunted_places_jsons_subset/haunted_place_5035.json,0.5
data/haunted_places_jsons_subset/haunted_place_2573.json,data/haunted_places_jsons_subset/haunted_place_7008.json,0.5
data/haunted_places_jsons_subset/haunted_place_2573.json,data/haunted_places_jsons_subset/haunted_place_8607.json,0.5
data/haunted_places_jsons_subset/haunted_place_2573.json,data/haunted_places_jsons_subset/haunted_place_9915.json,0.5
data/haunted_places_jsons_subset/haunted_place_2573.json,data/haunted_places_jsons_subset/haunted_place_10837.json,0.5
data/haunted_places_jsons_subset/haunted_place_2573.json,data/haunted_places_jsons_subset/haunted_place_5465.json,0.5
data/haunted_places_jsons_subset/haunted_place_2573.json,data/haunted_places_jsons_subset/haunted_place_7458.json,0.6363636363636364
data/haunted_places_jsons_subset/haunted_place_2573.json,data/haunted_places_jsons_subset/haunted_place_3948.json,0.5
data/haunted_places_jsons_subset/haunted_place_2573.json,data/haunted_places_jsons_subset/haunted_place_1975.json,0.5
data/haunted_places_jsons_subset/haunted_place_2573.json,data/haunted_places_jsons_subset/haunted_place_8257.json,0.6363636363636364
data/haunted_places_jsons_subset/haunted_place_2573.json,data/haunted_places_jsons_subset/haunted_place_10564.json,0.5
data/haunted_places_jsons_subset/haunted_place_2573.json,data/haunted_places_jsons_subset/haunted_place_6619.json,0.5
data/haunted_places_jsons_subset/haunted_place_2573.json,data/haunted_places_jsons_subset/haunted_place_4624.json,0.5
data/haunted_places_jsons_subset/haunted_place_2573.json,data/haunted_places_jsons_subset/haunted_place_5936.json,0.5
data/haunted_places_jsons_subset/haunted_place_2573.json,data/haunted_places_jsons_subset/haunted_place_1426.json,0.6363636363636364
data/haunted_places_jsons_subset/haunted_place_2573.json,data/haunted_places_jsons_subset/haunted_place_9016.json,0.5
data/haunted_places_jsons_subset/haunted_place_2573.json,data/haunted_places_jsons_subset/haunted_place_10134.json,0.5
data/haunted_places_jsons_subset/haunted_place_2573.json,data/haunted_places_jsons_subset/haunted_place_6249.json,0.5
data/haunted_places_jsons_subset/haunted_place_2573.json,data/haunted_places_jsons_subset/haunted_place_4274.json,0.5
data/haunted_places_jsons_subset/haunted_place_2573.json,data/haunted_places_jsons_subset/haunted_place_1076.json,0.6363636363636364
data/haunted_places_jsons_subset/haunted_place_2573.json,data/haunted_places_jsons_subset/haunted_place_9446.json,0.6363636363636364
data/haunted_places_jsons_subset/haunted_place_2573.json,data/haunted_places_jsons_subset/haunted_place_9368.json,0.5
data/haunted_places_jsons_subset/haunted_place_2573.json,data/haunted_places_jsons_subset/haunted_place_2877.json,0.6363636363636364
data/haunted_places_jsons_subset/haunted_place_2573.json,data/haunted_places_jsons_subset/haunted_place_1758.json,0.6363636363636364
data/haunted_places_jsons_subset/haunted_place_2573.json,data/haunted_places_jsons_subset/haunted_place_3765.json,0.5
data/haunted_places_jsons_subset/haunted_place_2573.json,data/haunted_places_jsons_subset/haunted_place_6567.json,0.6363636363636364
data/haunted_places_jsons_subset/haunted_place_2573.json,data/haunted_places_jsons_subset/haunted_place_8980.json,0.6363636363636364
data/haunted_places_jsons_subset/haunted_place_2573.json,data/haunted_places_jsons_subset/haunted_place_9692.json,0.5
data/haunted_places_jsons_subset/haunted_place_2573.json,data/haunted_places_jsons_subset/haunted_place_9738.json,0.5
data/haunted_places_jsons_subset/haunted_place_2573.json,data/haunted_places_jsons_subset/haunted_place_1308.json,0.5
data/haunted_places_jsons_subset/haunted_place_2573.json,data/haunted_places_jsons_subset/haunted_place_3335.json,0.5
data/haunted_places_jsons_subset/haunted_place_2573.json,data/haunted_places_jsons_subset/haunted_place_6137.json,0.6363636363636364
data/haunted_places_jsons_subset/haunted_place_2573.json,data/haunted_places_jsons_subset/haunted_place_926.json,0.5
data/haunted_places_jsons_subset/haunted_place_2573.json,data/haunted_places_jsons_subset/haunted_place_8579.json,0.5
data/haunted_places_jsons_subset/haunted_place_2573.json,data/haunted_places_jsons_subset/haunted_place_2174.json,0.6363636363636364
data/haunted_places_jsons_subset/haunted_place_2573.json,data/haunted_places_jsons_subset/haunted_place_7376.json,0.5
data/haunted_places_jsons_subset/haunted_place_2573.json,data/haunted_places_jsons_subset/haunted_place_475.json,0.5
data/haunted_places_jsons_subset/haunted_place_2573.json,data/haunted_places_jsons_subset/haunted_place_8083.json,0.5
data/haunted_places_jsons_subset/haunted_place_2573.json,data/haunted_places_jsons_subset/haunted_place_8129.json,0.6363636363636364
data/haunted_places_jsons_subset/haunted_place_2573.json,data/haunted_places_jsons_subset/haunted_place_2524.json,0.5
data/haunted_places_jsons_subset/haunted_place_2573.json,data/haunted_places_jsons_subset/haunted_place_4809.json,0.5
data/haunted_places_jsons_subset/haunted_place_2573.json,data/haunted_places_jsons_subset/haunted_place_6834.json,0.5
data/haunted_places_jsons_subset/haunted_place_2573.json,data/haunted_places_jsons_subset/haunted_place_7726.json,0.5
data/haunted_places_jsons_subset/haunted_place_2573.json,data/haunted_places_jsons_subset/haunted_place_7233.json,0.6363636363636364
data/haunted_places_jsons_subset/haunted_place_2573.json,data/haunted_places_jsons_subset/haunted_place_530.json,0.6363636363636364
data/haunted_places_jsons_subset/haunted_place_2573.json,data/haunted_places_jsons_subset/haunted_place_2031.json,0.5
data/haunted_places_jsons_subset/haunted_place_2573.json,data/haunted_places_jsons_subset/haunted_place_160.json,0.5
data/haunted_places_jsons_subset/haunted_place_2573.json,data/haunted_places_jsons_subset/haunted_place_6971.json,0.5
data/haunted_places_jsons_subset/haunted_place_2573.json,data/haunted_places_jsons_subset/haunted_place_7663.json,0.6363636363636364
data/haunted_places_jsons_subset/haunted_place_2573.json,data/haunted_places_jsons_subset/haunted_place_8596.json,0.5
data/haunted_places_jsons_subset/haunted_place_2573.json,data/haunted_places_jsons_subset/haunted_place_2461.json,0.5
data/haunted_places_jsons_subset/haunted_place_2573.json,data/haunted_places_jsons_subset/haunted_place_7399.json,0.5
data/haunted_places_jsons_subset/haunted_place_2573.json,data/haunted_places_jsons_subset/haunted_place_6422.json,0.5
data/haunted_places_jsons_subset/haunted_place_2573.json,data/haunted_places_jsons_subset/haunted_place_2932.json,0.5
data/haunted_places_jsons_subset/haunted_place_2573.json,data/haunted_places_jsons_subset/haunted_place_3620.json,0.5
data/haunted_places_jsons_subset/haunted_place_2573.json,data/haunted_places_jsons_subset/haunted_place_2898.json,0.6363636363636364
data/haunted_places_jsons_subset/haunted_place_2573.json,data/haunted_places_jsons_subset/haunted_place_863.json,0.5
data/haunted_places_jsons_subset/haunted_place_2573.json,data/haunted_places_jsons_subset/haunted_place_6072.json,0.5
data/haunted_places_jsons_subset/haunted_place_2573.json,data/haunted_places_jsons_subset/haunted_place_9387.json,0.5
data/haunted_places_jsons_subset/haunted_place_2573.json,data/haunted_places_jsons_subset/haunted_place_3270.json,0.5
data/haunted_places_jsons_subset/haunted_place_2573.json,data/haunted_places_jsons_subset/haunted_place_6588.json,0.5
data/haunted_places_jsons_subset/haunted_place_2573.json,data/haunted_places_jsons_subset/haunted_place_10925.json,0.6363636363636364
data/haunted_places_jsons_subset/haunted_place_2573.json,data/haunted_places_jsons_subset/haunted_place_249.json,0.5
data/haunted_places_jsons_subset/haunted_place_2573.json,data/haunted_places_jsons_subset/haunted_place_5577.json,0.5
data/haunted_places_jsons_subset/haunted_place_2573.json,data/haunted_places_jsons_subset/haunted_place_2748.json,0.5
data/haunted_places_jsons_subset/haunted_place_2573.json,data/haunted_places_jsons_subset/haunted_place_1867.json,0.5
data/haunted_places_jsons_subset/haunted_place_2573.json,data/haunted_places_jsons_subset/haunted_place_8345.json,0.5
data/haunted_places_jsons_subset/haunted_place_2573.json,data/haunted_places_jsons_subset/haunted_place_5127.json,0.5
data/haunted_places_jsons_subset/haunted_place_2573.json,data/haunted_places_jsons_subset/haunted_place_619.json,0.5
data/haunted_places_jsons_subset/haunted_place_2573.json,data/haunted_places_jsons_subset/haunted_place_2318.json,0.6363636363636364
data/haunted_places_jsons_subset/haunted_place_2573.json,data/haunted_places_jsons_subset/haunted_place_8715.json,0.5
data/haunted_places_jsons_subset/haunted_place_2573.json,data/haunted_places_jsons_subset/haunted_place_9807.json,0.5
data/haunted_places_jsons_subset/haunted_place_2573.json,data/haunted_places_jsons_subset/haunted_place_10026.json,0.5
data/haunted_places_jsons_subset/haunted_place_2573.json,data/haunted_places_jsons_subset/haunted_place_4366.json,0.5
data/haunted_places_jsons_subset/haunted_place_2573.json,data/haunted_places_jsons_subset/haunted_place_3159.json,0.6363636363636364
data/haunted_places_jsons_subset/haunted_place_2573.json,data/haunted_places_jsons_subset/haunted_place_1164.json,0.5
data/haunted_places_jsons_subset/haunted_place_2573.json,data/haunted_places_jsons_subset/haunted_place_9554.json,0.6363636363636364
data/haunted_places_jsons_subset/haunted_place_2573.json,data/haunted_places_jsons_subset/haunted_place_10476.json,0.5
data/haunted_places_jsons_subset/haunted_place_2573.json,data/haunted_places_jsons_subset/haunted_place_4736.json,0.5
data/haunted_places_jsons_subset/haunted_place_2573.json,data/haunted_places_jsons_subset/haunted_place_5824.json,0.6363636363636364
data/haunted_places_jsons_subset/haunted_place_2573.json,data/haunted_places_jsons_subset/haunted_place_7819.json,0.5
data/haunted_places_jsons_subset/haunted_place_2573.json,data/haunted_places_jsons_subset/haunted_place_3509.json,0.5
data/haunted_places_jsons_subset/haunted_place_2573.json,data/haunted_places_jsons_subset/haunted_place_1534.json,0.6363636363636364
data/haunted_places_jsons_subset/haunted_place_2573.json,data/haunted_places_jsons_subset/haunted_place_9104.json,0.5
data/haunted_places_jsons_subset/haunted_place_2573.json,data/haunted_places_jsons_subset/haunted_place_1021.json,0.5
data/haunted_places_jsons_subset/haunted_place_2573.json,data/haunted_places_jsons_subset/haunted_place_10499.json,0.5
data/haunted_places_jsons_subset/haunted_place_2573.json,data/haunted_places_jsons_subset/haunted_place_9411.json,0.5
data/haunted_places_jsons_subset/haunted_place_2573.json,data/haunted_places_jsons_subset/haunted_place_10163.json,0.5
data/haunted_places_jsons_subset/haunted_place_2573.json,data/haunted_places_jsons_subset/haunted_place_4223.json,0.6363636363636364
data/haunted_places_jsons_subset/haunted_place_2573.json,data/haunted_places_jsons_subset/haunted_place_4389.json,0.5
data/haunted_places_jsons_subset/haunted_place_2573.json,data/haunted_places_jsons_subset/haunted_place_1471.json,0.5
data/haunted_places_jsons_subset/haunted_place_2573.json,data/haunted_places_jsons_subset/haunted_place_9041.json,0.6363636363636364
data/haunted_places_jsons_subset/haunted_place_2573.json,data/haunted_places_jsons_subset/haunted_place_10533.json,0.5
data/haunted_places_jsons_subset/haunted_place_2573.json,data/haunted_places_jsons_subset/haunted_place_4673.json,0.5
data/haunted_places_jsons_subset/haunted_place_2573.json,data/haunted_places_jsons_subset/haunted_place_5961.json,0.5
data/haunted_places_jsons_subset/haunted_place_2573.json,data/haunted_places_jsons_subset/haunted_place_1922.json,0.5
data/haunted_places_jsons_subset/haunted_place_2573.json,data/haunted_places_jsons_subset/haunted_place_8200.json,0.6363636363636364
data/haunted_places_jsons_subset/haunted_place_2573.json,data/haunted_places_jsons_subset/haunted_place_10860.json,0.6363636363636364
data/haunted_places_jsons_subset/haunted_place_2573.json,data/haunted_places_jsons_subset/haunted_place_5432.json,0.5
data/haunted_places_jsons_subset/haunted_place_2573.json,data/haunted_places_jsons_subset/haunted_place_5598.json,0.5
data/haunted_places_jsons_subset/haunted_place_2573.json,data/haunted_places_jsons_subset/haunted_place_8650.json,0.5
data/haunted_places_jsons_subset/haunted_place_2573.json,data/haunted_places_jsons_subset/haunted_place_9942.json,0.5
data/haunted_places_jsons_subset/haunted_place_2573.json,data/haunted_places_jsons_subset/haunted_place_5062.json,0.5
data/haunted_places_jsons_subset/haunted_place_2573.json,data/haunted_places_jsons_subset/haunted_place_1888.json,0.5
data/haunted_places_jsons_subset/haunted_place_2573.json,data/haunted_places_jsons_subset/haunted_place_7730.json,0.6363636363636364
data/haunted_places_jsons_subset/haunted_place_2573.json,data/haunted_places_jsons_subset/haunted_place_6822.json,0.6363636363636364
data/haunted_places_jsons_subset/haunted_place_2573.json,data/haunted_places_jsons_subset/haunted_place_2532.json,0.5
data/haunted_places_jsons_subset/haunted_place_2573.json,data/haunted_places_jsons_subset/haunted_place_8095.json,0.5
data/haunted_places_jsons_subset/haunted_place_2573.json,data/haunted_places_jsons_subset/haunted_place_463.json,0.5
data/haunted_places_jsons_subset/haunted_place_2573.json,data/haunted_places_jsons_subset/haunted_place_7360.json,0.5
data/haunted_places_jsons_subset/haunted_place_2573.json,data/haunted_places_jsons_subset/haunted_place_2498.json,0.6363636363636364
data/haunted_places_jsons_subset/haunted_place_2573.json,data/haunted_places_jsons_subset/haunted_place_2162.json,0.6363636363636364
data/haunted_places_jsons_subset/haunted_place_2573.json,data/haunted_places_jsons_subset/haunted_place_199.json,0.5
data/haunted_places_jsons_subset/haunted_place_2573.json,data/haunted_places_jsons_subset/haunted_place_6988.json,0.5
data/haunted_places_jsons_subset/haunted_place_2573.json,data/haunted_places_jsons_subset/haunted_place_6121.json,0.5
data/haunted_places_jsons_subset/haunted_place_2573.json,data/haunted_places_jsons_subset/haunted_place_930.json,0.5
data/haunted_places_jsons_subset/haunted_place_2573.json,data/haunted_places_jsons_subset/haunted_place_3323.json,0.5
data/haunted_places_jsons_subset/haunted_place_2573.json,data/haunted_places_jsons_subset/haunted_place_9684.json,0.5
data/haunted_places_jsons_subset/haunted_place_2573.json,data/haunted_places_jsons_subset/haunted_place_8996.json,0.5
data/haunted_places_jsons_subset/haunted_place_2573.json,data/haunted_places_jsons_subset/haunted_place_6571.json,0.5
data/haunted_places_jsons_subset/haunted_place_2573.json,data/haunted_places_jsons_subset/haunted_place_3289.json,0.5
data/haunted_places_jsons_subset/haunted_place_2573.json,data/haunted_places_jsons_subset/haunted_place_3773.json,0.6363636363636364
data/haunted_places_jsons_subset/haunted_place_2573.json,data/haunted_places_jsons_subset/haunted_place_2861.json,0.6363636363636364
data/haunted_places_jsons_subset/haunted_place_2573.json,data/haunted_places_jsons_subset/haunted_place_3266.json,0.5
data/haunted_places_jsons_subset/haunted_place_2573.json,data/haunted_places_jsons_subset/haunted_place_8979.json,0.5
data/haunted_places_jsons_subset/haunted_place_2573.json,data/haunted_places_jsons_subset/haunted_place_10319.json,0.5
data/haunted_places_jsons_subset/haunted_place_2573.json,data/haunted_places_jsons_subset/haunted_place_9391.json,0.5
data/haunted_places_jsons_subset/haunted_place_2573.json,data/haunted_places_jsons_subset/haunted_place_875.json,0.5
data/haunted_places_jsons_subset/haunted_place_2573.json,data/haunted_places_jsons_subset/haunted_place_6064.json,0.5
data/haunted_places_jsons_subset/haunted_place_2573.json,data/haunted_places_jsons_subset/haunted_place_4059.json,0.6363636363636364
data/haunted_places_jsons_subset/haunted_place_2573.json,data/haunted_places_jsons_subset/haunted_place_3636.json,0.5
data/haunted_places_jsons_subset/haunted_place_2573.json,data/haunted_places_jsons_subset/haunted_place_2924.json,0.5
data/haunted_places_jsons_subset/haunted_place_2573.json,data/haunted_places_jsons_subset/haunted_place_10749.json,0.5
data/haunted_places_jsons_subset/haunted_place_2573.json,data/haunted_places_jsons_subset/haunted_place_6434.json,0.5
data/haunted_places_jsons_subset/haunted_place_2573.json,data/haunted_places_jsons_subset/haunted_place_4409.json,0.5
data/haunted_places_jsons_subset/haunted_place_2573.json,data/haunted_places_jsons_subset/haunted_place_2477.json,0.5
data/haunted_places_jsons_subset/haunted_place_2573.json,data/haunted_places_jsons_subset/haunted_place_8580.json,0.5
data/haunted_places_jsons_subset/haunted_place_2573.json,data/haunted_places_jsons_subset/haunted_place_5648.json,0.6363636363636364
data/haunted_places_jsons_subset/haunted_place_2573.json,data/haunted_places_jsons_subset/haunted_place_7675.json,0.6363636363636364
data/haunted_places_jsons_subset/haunted_place_2573.json,data/haunted_places_jsons_subset/haunted_place_176.json,0.5
data/haunted_places_jsons_subset/haunted_place_2573.json,data/haunted_places_jsons_subset/haunted_place_6967.json,0.6363636363636364
data/haunted_places_jsons_subset/haunted_place_2573.json,data/haunted_places_jsons_subset/haunted_place_2027.json,0.5
data/haunted_places_jsons_subset/haunted_place_2573.json,data/haunted_places_jsons_subset/haunted_place_526.json,0.6363636363636364
data/haunted_places_jsons_subset/haunted_place_2573.json,data/haunted_places_jsons_subset/haunted_place_5218.json,0.5
data/haunted_places_jsons_subset/haunted_place_2573.json,data/haunted_places_jsons_subset/haunted_place_7225.json,0.5
data/haunted_places_jsons_subset/haunted_place_2573.json,data/haunted_places_jsons_subset/haunted_place_9112.json,0.5
data/haunted_places_jsons_subset/haunted_place_2573.json,data/haunted_places_jsons_subset/haunted_place_1522.json,0.5
data/haunted_places_jsons_subset/haunted_place_2573.json,data/haunted_places_jsons_subset/haunted_place_5832.json,0.6363636363636364
data/haunted_places_jsons_subset/haunted_place_2573.json,data/haunted_places_jsons_subset/haunted_place_4720.json,0.5
data/haunted_places_jsons_subset/haunted_place_2573.json,data/haunted_places_jsons_subset/haunted_place_10460.json,0.5
data/haunted_places_jsons_subset/haunted_place_2573.json,data/haunted_places_jsons_subset/haunted_place_9542.json,0.5
data/haunted_places_jsons_subset/haunted_place_2573.json,data/haunted_places_jsons_subset/haunted_place_5998.json,0.5
data/haunted_places_jsons_subset/haunted_place_2573.json,data/haunted_places_jsons_subset/haunted_place_1172.json,0.5
data/haunted_places_jsons_subset/haunted_place_2573.json,data/haunted_places_jsons_subset/haunted_place_1488.json,0.5
data/haunted_places_jsons_subset/haunted_place_2573.json,data/haunted_places_jsons_subset/haunted_place_4370.json,0.5
data/haunted_places_jsons_subset/haunted_place_2573.json,data/haunted_places_jsons_subset/haunted_place_10030.json,0.5
data/haunted_places_jsons_subset/haunted_place_2573.json,data/haunted_places_jsons_subset/haunted_place_10899.json,0.6363636363636364
data/haunted_places_jsons_subset/haunted_place_2573.json,data/haunted_places_jsons_subset/haunted_place_9811.json,0.5
data/haunted_places_jsons_subset/haunted_place_2573.json,data/haunted_places_jsons_subset/haunted_place_8703.json,0.5
data/haunted_places_jsons_subset/haunted_place_2573.json,data/haunted_places_jsons_subset/haunted_place_5131.json,0.5
data/haunted_places_jsons_subset/haunted_place_2573.json,data/haunted_places_jsons_subset/haunted_place_8353.json,0.6363636363636364
data/haunted_places_jsons_subset/haunted_place_2573.json,data/haunted_places_jsons_subset/haunted_place_1871.json,0.5
data/haunted_places_jsons_subset/haunted_place_2573.json,data/haunted_places_jsons_subset/haunted_place_5561.json,0.6363636363636364
data/haunted_places_jsons_subset/haunted_place_2573.json,data/haunted_places_jsons_subset/haunted_place_10933.json,0.5
data/haunted_places_jsons_subset/haunted_place_2573.json,data/haunted_places_jsons_subset/haunted_place_7049.json,0.5
data/haunted_places_jsons_subset/haunted_place_2573.json,data/haunted_places_jsons_subset/haunted_place_5074.json,0.5
data/haunted_places_jsons_subset/haunted_place_2573.json,data/haunted_places_jsons_subset/haunted_place_9954.json,0.5
data/haunted_places_jsons_subset/haunted_place_2573.json,data/haunted_places_jsons_subset/haunted_place_8646.json,0.6363636363636364
data/haunted_places_jsons_subset/haunted_place_2573.json,data/haunted_places_jsons_subset/haunted_place_7419.json,0.6363636363636364
data/haunted_places_jsons_subset/haunted_place_2573.json,data/haunted_places_jsons_subset/haunted_place_5424.json,0.5
data/haunted_places_jsons_subset/haunted_place_2573.json,data/haunted_places_jsons_subset/haunted_place_10876.json,0.5
data/haunted_places_jsons_subset/haunted_place_2573.json,data/haunted_places_jsons_subset/haunted_place_8216.json,0.6363636363636364
data/haunted_places_jsons_subset/haunted_place_2573.json,data/haunted_places_jsons_subset/haunted_place_1934.json,0.5
data/haunted_places_jsons_subset/haunted_place_2573.json,data/haunted_places_jsons_subset/haunted_place_3909.json,0.6363636363636364
data/haunted_places_jsons_subset/haunted_place_2573.json,data/haunted_places_jsons_subset/haunted_place_5977.json,0.6363636363636364
data/haunted_places_jsons_subset/haunted_place_2573.json,data/haunted_places_jsons_subset/haunted_place_4665.json,0.6363636363636364
data/haunted_places_jsons_subset/haunted_place_2573.json,data/haunted_places_jsons_subset/haunted_place_6658.json,0.5
data/haunted_places_jsons_subset/haunted_place_2573.json,data/haunted_places_jsons_subset/haunted_place_10525.json,0.6363636363636364
data/haunted_places_jsons_subset/haunted_place_2573.json,data/haunted_places_jsons_subset/haunted_place_9057.json,0.5
data/haunted_places_jsons_subset/haunted_place_2573.json,data/haunted_places_jsons_subset/haunted_place_1467.json,0.5
data/haunted_places_jsons_subset/haunted_place_2573.json,data/haunted_places_jsons_subset/haunted_place_4235.json,0.5
data/haunted_places_jsons_subset/haunted_place_2573.json,data/haunted_places_jsons_subset/haunted_place_6208.json,0.5
data/haunted_places_jsons_subset/haunted_place_2573.json,data/haunted_places_jsons_subset/haunted_place_10175.json,0.5
data/haunted_places_jsons_subset/haunted_place_2573.json,data/haunted_places_jsons_subset/haunted_place_9407.json,0.6363636363636364
data/haunted_places_jsons_subset/haunted_place_2573.json,data/haunted_places_jsons_subset/haunted_place_1037.json,0.5
data/haunted_places_jsons_subset/haunted_place_2573.json,data/haunted_places_jsons_subset/haunted_place_3724.json,0.5
data/haunted_places_jsons_subset/haunted_place_2573.json,data/haunted_places_jsons_subset/haunted_place_1719.json,0.6363636363636364
data/haunted_places_jsons_subset/haunted_place_2573.json,data/haunted_places_jsons_subset/haunted_place_2836.json,0.5
data/haunted_places_jsons_subset/haunted_place_2573.json,data/haunted_places_jsons_subset/haunted_place_9329.json,0.6363636363636364
data/haunted_places_jsons_subset/haunted_place_2573.json,data/haunted_places_jsons_subset/haunted_place_6526.json,0.6363636363636364
data/haunted_places_jsons_subset/haunted_place_2573.json,data/haunted_places_jsons_subset/haunted_place_3374.json,0.5
data/haunted_places_jsons_subset/haunted_place_2573.json,data/haunted_places_jsons_subset/haunted_place_1349.json,0.6363636363636364
data/haunted_places_jsons_subset/haunted_place_2573.json,data/haunted_places_jsons_subset/haunted_place_9779.json,0.5
data/haunted_places_jsons_subset/haunted_place_2573.json,data/haunted_places_jsons_subset/haunted_place_9283.json,0.5
data/haunted_places_jsons_subset/haunted_place_2573.json,data/haunted_places_jsons_subset/haunted_place_967.json,0.5
data/haunted_places_jsons_subset/haunted_place_2573.json,data/haunted_places_jsons_subset/haunted_place_6176.json,0.5
data/haunted_places_jsons_subset/haunted_place_2573.json,data/haunted_places_jsons_subset/haunted_place_2135.json,0.5
data/haunted_places_jsons_subset/haunted_place_2573.json,data/haunted_places_jsons_subset/haunted_place_8538.json,0.5
data/haunted_places_jsons_subset/haunted_place_2573.json,data/haunted_places_jsons_subset/haunted_place_434.json,0.5
data/haunted_places_jsons_subset/haunted_place_2573.json,data/haunted_places_jsons_subset/haunted_place_7337.json,0.5
data/haunted_places_jsons_subset/haunted_place_2573.json,data/haunted_places_jsons_subset/haunted_place_2565.json,0.6363636363636364
data/haunted_places_jsons_subset/haunted_place_2573.json,data/haunted_places_jsons_subset/haunted_place_8168.json,0.6363636363636364
data/haunted_places_jsons_subset/haunted_place_2573.json,data/haunted_places_jsons_subset/haunted_place_8492.json,0.6363636363636364
data/haunted_places_jsons_subset/haunted_place_2573.json,data/haunted_places_jsons_subset/haunted_place_7767.json,0.6363636363636364
data/haunted_places_jsons_subset/haunted_place_2573.json,data/haunted_places_jsons_subset/haunted_place_6875.json,0.5
data/haunted_places_jsons_subset/haunted_place_2573.json,data/haunted_places_jsons_subset/haunted_place_4848.json,0.5
data/haunted_places_jsons_subset/haunted_place_2573.json,data/haunted_places_jsons_subset/haunted_place_8187.json,0.5
data/haunted_places_jsons_subset/haunted_place_2573.json,data/haunted_places_jsons_subset/haunted_place_571.json,0.6363636363636364
data/haunted_places_jsons_subset/haunted_place_2573.json,data/haunted_places_jsons_subset/haunted_place_7272.json,0.5
data/haunted_places_jsons_subset/haunted_place_2573.json,data/haunted_places_jsons_subset/haunted_place_2070.json,0.5
data/haunted_places_jsons_subset/haunted_place_2573.json,data/haunted_places_jsons_subset/haunted_place_7788.json,0.6363636363636364
data/haunted_places_jsons_subset/haunted_place_2573.json,data/haunted_places_jsons_subset/haunted_place_7622.json,0.5
data/haunted_places_jsons_subset/haunted_place_2573.json,data/haunted_places_jsons_subset/haunted_place_6930.json,0.5
data/haunted_places_jsons_subset/haunted_place_2573.json,data/haunted_places_jsons_subset/haunted_place_121.json,0.5
data/haunted_places_jsons_subset/haunted_place_2573.json,data/haunted_places_jsons_subset/haunted_place_2420.json,0.6363636363636364
data/haunted_places_jsons_subset/haunted_place_2573.json,data/haunted_places_jsons_subset/haunted_place_9796.json,0.6363636363636364
data/haunted_places_jsons_subset/haunted_place_2573.json,data/haunted_places_jsons_subset/haunted_place_8884.json,0.5
data/haunted_places_jsons_subset/haunted_place_2573.json,data/haunted_places_jsons_subset/haunted_place_6463.json,0.5
data/haunted_places_jsons_subset/haunted_place_2573.json,data/haunted_places_jsons_subset/haunted_place_3661.json,0.5
data/haunted_places_jsons_subset/haunted_place_2573.json,data/haunted_places_jsons_subset/haunted_place_988.json,0.5
data/haunted_places_jsons_subset/haunted_place_2573.json,data/haunted_places_jsons_subset/haunted_place_6199.json,0.6363636363636364
data/haunted_places_jsons_subset/haunted_place_2573.json,data/haunted_places_jsons_subset/haunted_place_2973.json,0.5
data/haunted_places_jsons_subset/haunted_place_2573.json,data/haunted_places_jsons_subset/haunted_place_6033.json,0.6363636363636364
data/haunted_places_jsons_subset/haunted_place_2573.json,data/haunted_places_jsons_subset/haunted_place_822.json,0.5
data/haunted_places_jsons_subset/haunted_place_2573.json,data/haunted_places_jsons_subset/haunted_place_3231.json,0.5
data/haunted_places_jsons_subset/haunted_place_2573.json,data/haunted_places_jsons_subset/haunted_place_5536.json,0.6363636363636364
data/haunted_places_jsons_subset/haunted_place_2573.json,data/haunted_places_jsons_subset/haunted_place_208.json,0.5
data/haunted_places_jsons_subset/haunted_place_2573.json,data/haunted_places_jsons_subset/haunted_place_10964.json,0.5
data/haunted_places_jsons_subset/haunted_place_2573.json,data/haunted_places_jsons_subset/haunted_place_8304.json,0.5
data/haunted_places_jsons_subset/haunted_place_2573.json,data/haunted_places_jsons_subset/haunted_place_1826.json,0.5
data/haunted_places_jsons_subset/haunted_place_2573.json,data/haunted_places_jsons_subset/haunted_place_2709.json,0.5
data/haunted_places_jsons_subset/haunted_place_2573.json,data/haunted_places_jsons_subset/haunted_place_658.json,0.5
data/haunted_places_jsons_subset/haunted_place_2573.json,data/haunted_places_jsons_subset/haunted_place_5166.json,0.6363636363636364
data/haunted_places_jsons_subset/haunted_place_2573.json,data/haunted_places_jsons_subset/haunted_place_9846.json,0.5
data/haunted_places_jsons_subset/haunted_place_2573.json,data/haunted_places_jsons_subset/haunted_place_8754.json,0.6363636363636364
data/haunted_places_jsons_subset/haunted_place_2573.json,data/haunted_places_jsons_subset/haunted_place_2359.json,0.5
data/haunted_places_jsons_subset/haunted_place_2573.json,data/haunted_places_jsons_subset/haunted_place_4327.json,0.6363636363636364
data/haunted_places_jsons_subset/haunted_place_2573.json,data/haunted_places_jsons_subset/haunted_place_10067.json,0.5
data/haunted_places_jsons_subset/haunted_place_2573.json,data/haunted_places_jsons_subset/haunted_place_9515.json,0.5
data/haunted_places_jsons_subset/haunted_place_2573.json,data/haunted_places_jsons_subset/haunted_place_1125.json,0.6363636363636364
data/haunted_places_jsons_subset/haunted_place_2573.json,data/haunted_places_jsons_subset/haunted_place_3118.json,0.5
data/haunted_places_jsons_subset/haunted_place_2573.json,data/haunted_places_jsons_subset/haunted_place_7858.json,0.5
data/haunted_places_jsons_subset/haunted_place_2573.json,data/haunted_places_jsons_subset/haunted_place_5865.json,0.5
data/haunted_places_jsons_subset/haunted_place_2573.json,data/haunted_places_jsons_subset/haunted_place_4777.json,0.5
data/haunted_places_jsons_subset/haunted_place_2573.json,data/haunted_places_jsons_subset/haunted_place_10437.json,0.5
data/haunted_places_jsons_subset/haunted_place_2573.json,data/haunted_places_jsons_subset/haunted_place_9145.json,0.5
data/haunted_places_jsons_subset/haunted_place_2573.json,data/haunted_places_jsons_subset/haunted_place_1575.json,0.6363636363636364
data/haunted_places_jsons_subset/haunted_place_2573.json,data/haunted_places_jsons_subset/haunted_place_3548.json,0.5
data/haunted_places_jsons_subset/haunted_place_2573.json,data/haunted_places_jsons_subset/haunted_place_9450.json,0.5
data/haunted_places_jsons_subset/haunted_place_2573.json,data/haunted_places_jsons_subset/haunted_place_4798.json,0.5
data/haunted_places_jsons_subset/haunted_place_2573.json,data/haunted_places_jsons_subset/haunted_place_1060.json,0.5
data/haunted_places_jsons_subset/haunted_place_2573.json,data/haunted_places_jsons_subset/haunted_place_4262.json,0.6363636363636364
data/haunted_places_jsons_subset/haunted_place_2573.json,data/haunted_places_jsons_subset/haunted_place_10122.json,0.5
data/haunted_places_jsons_subset/haunted_place_2573.json,data/haunted_places_jsons_subset/haunted_place_10088.json,0.5
data/haunted_places_jsons_subset/haunted_place_2573.json,data/haunted_places_jsons_subset/haunted_place_9000.json,0.5
data/haunted_places_jsons_subset/haunted_place_2573.json,data/haunted_places_jsons_subset/haunted_place_1430.json,0.6363636363636364
data/haunted_places_jsons_subset/haunted_place_2573.json,data/haunted_places_jsons_subset/haunted_place_5920.json,0.5
data/haunted_places_jsons_subset/haunted_place_2573.json,data/haunted_places_jsons_subset/haunted_place_4632.json,0.5
data/haunted_places_jsons_subset/haunted_place_2573.json,data/haunted_places_jsons_subset/haunted_place_10572.json,0.6363636363636364
data/haunted_places_jsons_subset/haunted_place_2573.json,data/haunted_places_jsons_subset/haunted_place_8241.json,0.5
data/haunted_places_jsons_subset/haunted_place_2573.json,data/haunted_places_jsons_subset/haunted_place_1963.json,0.5
data/haunted_places_jsons_subset/haunted_place_2573.json,data/haunted_places_jsons_subset/haunted_place_5189.json,0.5
data/haunted_places_jsons_subset/haunted_place_2573.json,data/haunted_places_jsons_subset/haunted_place_5473.json,0.5
data/haunted_places_jsons_subset/haunted_place_2573.json,data/haunted_places_jsons_subset/haunted_place_10821.json,0.6363636363636364
data/haunted_places_jsons_subset/haunted_place_2573.json,data/haunted_places_jsons_subset/haunted_place_9903.json,0.5
data/haunted_places_jsons_subset/haunted_place_2573.json,data/haunted_places_jsons_subset/haunted_place_8611.json,0.5
data/haunted_places_jsons_subset/haunted_place_2573.json,data/haunted_places_jsons_subset/haunted_place_5023.json,0.5
data/haunted_places_jsons_subset/haunted_place_2573.json,data/haunted_places_jsons_subset/haunted_place_5234.json,0.6363636363636364
data/haunted_places_jsons_subset/haunted_place_2573.json,data/haunted_places_jsons_subset/haunted_place_7209.json,0.5
data/haunted_places_jsons_subset/haunted_place_2573.json,data/haunted_places_jsons_subset/haunted_place_8406.json,0.6363636363636364
data/haunted_places_jsons_subset/haunted_place_2573.json,data/haunted_places_jsons_subset/haunted_place_5664.json,0.5
data/haunted_places_jsons_subset/haunted_place_2573.json,data/haunted_places_jsons_subset/haunted_place_7659.json,0.5
data/haunted_places_jsons_subset/haunted_place_2573.json,data/haunted_places_jsons_subset/haunted_place_4976.json,0.5
data/haunted_places_jsons_subset/haunted_place_2573.json,data/haunted_places_jsons_subset/haunted_place_8056.json,0.5
data/haunted_places_jsons_subset/haunted_place_2573.json,data/haunted_places_jsons_subset/haunted_place_6418.json,0.5
data/haunted_places_jsons_subset/haunted_place_2573.json,data/haunted_places_jsons_subset/haunted_place_4425.json,0.6363636363636364
data/haunted_places_jsons_subset/haunted_place_2573.json,data/haunted_places_jsons_subset/haunted_place_10765.json,0.5
data/haunted_places_jsons_subset/haunted_place_2573.json,data/haunted_places_jsons_subset/haunted_place_9217.json,0.5
data/haunted_places_jsons_subset/haunted_place_2573.json,data/haunted_places_jsons_subset/haunted_place_1627.json,0.5
data/haunted_places_jsons_subset/haunted_place_2573.json,data/haunted_places_jsons_subset/haunted_place_2908.json,0.5
data/haunted_places_jsons_subset/haunted_place_2573.json,data/haunted_places_jsons_subset/haunted_place_859.json,0.6363636363636364
data/haunted_places_jsons_subset/haunted_place_2573.json,data/haunted_places_jsons_subset/haunted_place_6048.json,0.5
data/haunted_places_jsons_subset/haunted_place_2573.json,data/haunted_places_jsons_subset/haunted_place_4075.json,0.5
data/haunted_places_jsons_subset/haunted_place_2573.json,data/haunted_places_jsons_subset/haunted_place_10335.json,0.5
data/haunted_places_jsons_subset/haunted_place_2573.json,data/haunted_places_jsons_subset/haunted_place_9647.json,0.5
data/haunted_places_jsons_subset/haunted_place_2573.json,data/haunted_places_jsons_subset/haunted_place_8955.json,0.6363636363636364
data/haunted_places_jsons_subset/haunted_place_2573.json,data/haunted_places_jsons_subset/haunted_place_1277.json,0.5
data/haunted_places_jsons_subset/haunted_place_2573.json,data/haunted_places_jsons_subset/haunted_place_9352.json,0.5
data/haunted_places_jsons_subset/haunted_place_2573.json,data/haunted_places_jsons_subset/haunted_place_1762.json,0.5
data/haunted_places_jsons_subset/haunted_place_2573.json,data/haunted_places_jsons_subset/haunted_place_1298.json,0.6363636363636364
data/haunted_places_jsons_subset/haunted_place_2573.json,data/haunted_places_jsons_subset/haunted_place_4560.json,0.5
data/haunted_places_jsons_subset/haunted_place_2573.json,data/haunted_places_jsons_subset/haunted_place_10620.json,0.5
data/haunted_places_jsons_subset/haunted_place_2573.json,data/haunted_places_jsons_subset/haunted_place_9702.json,0.5
data/haunted_places_jsons_subset/haunted_place_2573.json,data/haunted_places_jsons_subset/haunted_place_8810.json,0.5
data/haunted_places_jsons_subset/haunted_place_2573.json,data/haunted_places_jsons_subset/haunted_place_1332.json,0.6363636363636364
data/haunted_places_jsons_subset/haunted_place_2573.json,data/haunted_places_jsons_subset/haunted_place_4130.json,0.5
data/haunted_places_jsons_subset/haunted_place_2573.json,data/haunted_places_jsons_subset/haunted_place_10270.json,0.5
data/haunted_places_jsons_subset/haunted_place_2573.json,data/haunted_places_jsons_subset/haunted_place_8543.json,0.5
data/haunted_places_jsons_subset/haunted_place_2573.json,data/haunted_places_jsons_subset/haunted_place_4999.json,0.5
data/haunted_places_jsons_subset/haunted_place_2573.json,data/haunted_places_jsons_subset/haunted_place_5371.json,0.6363636363636364
data/haunted_places_jsons_subset/haunted_place_2573.json,data/haunted_places_jsons_subset/haunted_place_8113.json,0.5
data/haunted_places_jsons_subset/haunted_place_2573.json,data/haunted_places_jsons_subset/haunted_place_5721.json,0.5
data/haunted_places_jsons_subset/haunted_place_2573.json,data/haunted_places_jsons_subset/haunted_place_4833.json,0.5
data/haunted_places_jsons_subset/haunted_place_2573.json,data/haunted_places_jsons_subset/haunted_place_3026.json,0.5
data/haunted_places_jsons_subset/haunted_place_2573.json,data/haunted_places_jsons_subset/haunted_place_10159.json,0.6363636363636364
data/haunted_places_jsons_subset/haunted_place_2573.json,data/haunted_places_jsons_subset/haunted_place_4219.json,0.5
data/haunted_places_jsons_subset/haunted_place_2573.json,data/haunted_places_jsons_subset/haunted_place_6224.json,0.5
data/haunted_places_jsons_subset/haunted_place_2573.json,data/haunted_places_jsons_subset/haunted_place_3476.json,0.6363636363636364
data/haunted_places_jsons_subset/haunted_place_2573.json,data/haunted_places_jsons_subset/haunted_place_10509.json,0.5
data/haunted_places_jsons_subset/haunted_place_2573.json,data/haunted_places_jsons_subset/haunted_place_9581.json,0.5
data/haunted_places_jsons_subset/haunted_place_2573.json,data/haunted_places_jsons_subset/haunted_place_7966.json,0.5
data/haunted_places_jsons_subset/haunted_place_2573.json,data/haunted_places_jsons_subset/haunted_place_4649.json,0.5
data/haunted_places_jsons_subset/haunted_place_2573.json,data/haunted_places_jsons_subset/haunted_place_6674.json,0.5
data/haunted_places_jsons_subset/haunted_place_2573.json,data/haunted_places_jsons_subset/haunted_place_1918.json,0.5
data/haunted_places_jsons_subset/haunted_place_2573.json,data/haunted_places_jsons_subset/haunted_place_3925.json,0.5
data/haunted_places_jsons_subset/haunted_place_2573.json,data/haunted_places_jsons_subset/haunted_place_2637.json,0.5
data/haunted_places_jsons_subset/haunted_place_2573.json,data/haunted_places_jsons_subset/haunted_place_76.json,0.5
data/haunted_places_jsons_subset/haunted_place_2573.json,data/haunted_places_jsons_subset/haunted_place_7435.json,0.6363636363636364
data/haunted_places_jsons_subset/haunted_place_2573.json,data/haunted_places_jsons_subset/haunted_place_5408.json,0.5
data/haunted_places_jsons_subset/haunted_place_2573.json,data/haunted_places_jsons_subset/haunted_place_336.json,0.5
data/haunted_places_jsons_subset/haunted_place_2573.json,data/haunted_places_jsons_subset/haunted_place_2267.json,0.5
data/haunted_places_jsons_subset/haunted_place_2573.json,data/haunted_places_jsons_subset/haunted_place_9978.json,0.6363636363636364
data/haunted_places_jsons_subset/haunted_place_2573.json,data/haunted_places_jsons_subset/haunted_place_8390.json,0.6363636363636364
data/haunted_places_jsons_subset/haunted_place_2573.json,data/haunted_places_jsons_subset/haunted_place_766.json,0.5
data/haunted_places_jsons_subset/haunted_place_2573.json,data/haunted_places_jsons_subset/haunted_place_7065.json,0.5
data/haunted_places_jsons_subset/haunted_place_2573.json,data/haunted_places_jsons_subset/haunted_place_5058.json,0.5
data/haunted_places_jsons_subset/haunted_place_2573.json,data/haunted_places_jsons_subset/haunted_place_9997.json,0.6363636363636364
data/haunted_places_jsons_subset/haunted_place_2573.json,data/haunted_places_jsons_subset/haunted_place_8685.json,0.6363636363636364
data/haunted_places_jsons_subset/haunted_place_2573.json,data/haunted_places_jsons_subset/haunted_place_7570.json,0.5
data/haunted_places_jsons_subset/haunted_place_2573.json,data/haunted_places_jsons_subset/haunted_place_2288.json,0.6363636363636364
data/haunted_places_jsons_subset/haunted_place_2573.json,data/haunted_places_jsons_subset/haunted_place_273.json,0.5
data/haunted_places_jsons_subset/haunted_place_2573.json,data/haunted_places_jsons_subset/haunted_place_3860.json,0.6363636363636364
data/haunted_places_jsons_subset/haunted_place_2573.json,data/haunted_places_jsons_subset/haunted_place_789.json,0.5
data/haunted_places_jsons_subset/haunted_place_2573.json,data/haunted_places_jsons_subset/haunted_place_2772.json,0.6363636363636364
data/haunted_places_jsons_subset/haunted_place_2573.json,data/haunted_places_jsons_subset/haunted_place_623.json,0.5
data/haunted_places_jsons_subset/haunted_place_2573.json,data/haunted_places_jsons_subset/haunted_place_7120.json,0.5
data/haunted_places_jsons_subset/haunted_place_2573.json,data/haunted_places_jsons_subset/haunted_place_2322.json,0.6363636363636364
data/haunted_places_jsons_subset/haunted_place_2573.json,data/haunted_places_jsons_subset/haunted_place_99.json,0.6363636363636364
data/haunted_places_jsons_subset/haunted_place_2573.json,data/haunted_places_jsons_subset/haunted_place_9094.json,0.5
data/haunted_places_jsons_subset/haunted_place_2573.json,data/haunted_places_jsons_subset/haunted_place_6361.json,0.6363636363636364
data/haunted_places_jsons_subset/haunted_place_2573.json,data/haunted_places_jsons_subset/haunted_place_3499.json,0.5
data/haunted_places_jsons_subset/haunted_place_2573.json,data/haunted_places_jsons_subset/haunted_place_7989.json,0.5
data/haunted_places_jsons_subset/haunted_place_2573.json,data/haunted_places_jsons_subset/haunted_place_3163.json,0.5
data/haunted_places_jsons_subset/haunted_place_2573.json,data/haunted_places_jsons_subset/haunted_place_7823.json,0.5
data/haunted_places_jsons_subset/haunted_place_2573.json,data/haunted_places_jsons_subset/haunted_place_6731.json,0.6363636363636364
data/haunted_places_jsons_subset/haunted_place_2573.json,data/haunted_places_jsons_subset/haunted_place_3533.json,0.5
data/haunted_places_jsons_subset/haunted_place_2573.json,data/haunted_places_jsons_subset/haunted_place_10698.json,0.5
data/haunted_places_jsons_subset/haunted_place_2573.json,data/haunted_places_jsons_subset/haunted_place_9610.json,0.5
data/haunted_places_jsons_subset/haunted_place_2573.json,data/haunted_places_jsons_subset/haunted_place_8902.json,0.5
data/haunted_places_jsons_subset/haunted_place_2573.json,data/haunted_places_jsons_subset/haunted_place_1220.json,0.5
data/haunted_places_jsons_subset/haunted_place_2573.json,data/haunted_places_jsons_subset/haunted_place_4022.json,0.6363636363636364
data/haunted_places_jsons_subset/haunted_place_2573.json,data/haunted_places_jsons_subset/haunted_place_10362.json,0.5
data/haunted_places_jsons_subset/haunted_place_2573.json,data/haunted_places_jsons_subset/haunted_place_9240.json,0.5
data/haunted_places_jsons_subset/haunted_place_2573.json,data/haunted_places_jsons_subset/haunted_place_4188.json,0.5
data/haunted_places_jsons_subset/haunted_place_2573.json,data/haunted_places_jsons_subset/haunted_place_1670.json,0.6363636363636364
data/haunted_places_jsons_subset/haunted_place_2573.json,data/haunted_places_jsons_subset/haunted_place_4472.json,0.5
data/haunted_places_jsons_subset/haunted_place_2573.json,data/haunted_places_jsons_subset/haunted_place_10732.json,0.5
data/haunted_places_jsons_subset/haunted_place_2573.json,data/haunted_places_jsons_subset/haunted_place_8001.json,0.5
data/haunted_places_jsons_subset/haunted_place_2573.json,data/haunted_places_jsons_subset/haunted_place_5633.json,0.5
data/haunted_places_jsons_subset/haunted_place_2573.json,data/haunted_places_jsons_subset/haunted_place_4921.json,0.5
data/haunted_places_jsons_subset/haunted_place_2573.json,data/haunted_places_jsons_subset/haunted_place_8451.json,0.5
data/haunted_places_jsons_subset/haunted_place_2573.json,data/haunted_places_jsons_subset/haunted_place_5799.json,0.5
data/haunted_places_jsons_subset/haunted_place_2573.json,data/haunted_places_jsons_subset/haunted_place_5263.json,0.6363636363636364
data/haunted_places_jsons_subset/haunted_place_2573.json,data/haunted_places_jsons_subset/haunted_place_5776.json,0.5
data/haunted_places_jsons_subset/haunted_place_2573.json,data/haunted_places_jsons_subset/haunted_place_6859.json,0.5
data/haunted_places_jsons_subset/haunted_place_2573.json,data/haunted_places_jsons_subset/haunted_place_4864.json,0.5
data/haunted_places_jsons_subset/haunted_place_2573.json,data/haunted_places_jsons_subset/haunted_place_8144.json,0.6363636363636364
data/haunted_places_jsons_subset/haunted_place_2573.json,data/haunted_places_jsons_subset/haunted_place_2549.json,0.5
data/haunted_places_jsons_subset/haunted_place_2573.json,data/haunted_places_jsons_subset/haunted_place_418.json,0.6363636363636364
data/haunted_places_jsons_subset/haunted_place_2573.json,data/haunted_places_jsons_subset/haunted_place_5326.json,0.5
data/haunted_places_jsons_subset/haunted_place_2573.json,data/haunted_places_jsons_subset/haunted_place_8514.json,0.6363636363636364
data/haunted_places_jsons_subset/haunted_place_2573.json,data/haunted_places_jsons_subset/haunted_place_2119.json,0.5
data/haunted_places_jsons_subset/haunted_place_2573.json,data/haunted_places_jsons_subset/haunted_place_4167.json,0.5
data/haunted_places_jsons_subset/haunted_place_2573.json,data/haunted_places_jsons_subset/haunted_place_10227.json,0.5
data/haunted_places_jsons_subset/haunted_place_2573.json,data/haunted_places_jsons_subset/haunted_place_9755.json,0.5
data/haunted_places_jsons_subset/haunted_place_2573.json,data/haunted_places_jsons_subset/haunted_place_8847.json,0.6363636363636364
data/haunted_places_jsons_subset/haunted_place_2573.json,data/haunted_places_jsons_subset/haunted_place_3358.json,0.5
data/haunted_places_jsons_subset/haunted_place_2573.json,data/haunted_places_jsons_subset/haunted_place_1365.json,0.6363636363636364
data/haunted_places_jsons_subset/haunted_place_2573.json,data/haunted_places_jsons_subset/haunted_place_4537.json,0.5
data/haunted_places_jsons_subset/haunted_place_2573.json,data/haunted_places_jsons_subset/haunted_place_10677.json,0.5
data/haunted_places_jsons_subset/haunted_place_2573.json,data/haunted_places_jsons_subset/haunted_place_9305.json,0.5
data/haunted_places_jsons_subset/haunted_place_2573.json,data/haunted_places_jsons_subset/haunted_place_3708.json,0.5
data/haunted_places_jsons_subset/haunted_place_2573.json,data/haunted_places_jsons_subset/haunted_place_1735.json,0.6363636363636364
data/haunted_places_jsons_subset/haunted_place_2573.json,data/haunted_places_jsons_subset/haunted_place_731.json,0.5
data/haunted_places_jsons_subset/haunted_place_2573.json,data/haunted_places_jsons_subset/haunted_place_7032.json,0.6363636363636364
data/haunted_places_jsons_subset/haunted_place_2573.json,data/haunted_places_jsons_subset/haunted_place_2230.json,0.5
data/haunted_places_jsons_subset/haunted_place_2573.json,data/haunted_places_jsons_subset/haunted_place_9885.json,0.5
data/haunted_places_jsons_subset/haunted_place_2573.json,data/haunted_places_jsons_subset/haunted_place_8797.json,0.5
data/haunted_places_jsons_subset/haunted_place_2573.json,data/haunted_places_jsons_subset/haunted_place_21.json,0.6363636363636364
data/haunted_places_jsons_subset/haunted_place_2573.json,data/haunted_places_jsons_subset/haunted_place_7462.json,0.5
data/haunted_places_jsons_subset/haunted_place_2573.json,data/haunted_places_jsons_subset/haunted_place_361.json,0.5
data/haunted_places_jsons_subset/haunted_place_2573.json,data/haunted_places_jsons_subset/haunted_place_3972.json,0.5
data/haunted_places_jsons_subset/haunted_place_2573.json,data/haunted_places_jsons_subset/haunted_place_2660.json,0.5
data/haunted_places_jsons_subset/haunted_place_2573.json,data/haunted_places_jsons_subset/haunted_place_7198.json,0.5
data/haunted_places_jsons_subset/haunted_place_2573.json,data/haunted_places_jsons_subset/haunted_place_7931.json,0.5
data/haunted_places_jsons_subset/haunted_place_2573.json,data/haunted_places_jsons_subset/haunted_place_6623.json,0.5
data/haunted_places_jsons_subset/haunted_place_2573.json,data/haunted_places_jsons_subset/haunted_place_3421.json,0.5
data/haunted_places_jsons_subset/haunted_place_2573.json,data/haunted_places_jsons_subset/haunted_place_9186.json,0.5
data/haunted_places_jsons_subset/haunted_place_2573.json,data/haunted_places_jsons_subset/haunted_place_6273.json,0.6363636363636364
data/haunted_places_jsons_subset/haunted_place_2573.json,data/haunted_places_jsons_subset/haunted_place_3071.json,0.6363636363636364
data/haunted_places_jsons_subset/haunted_place_2573.json,data/haunted_places_jsons_subset/haunted_place_6789.json,0.5
data/haunted_places_jsons_subset/haunted_place_2573.json,data/haunted_places_jsons_subset/haunted_place_1559.json,0.5
data/haunted_places_jsons_subset/haunted_place_2573.json,data/haunted_places_jsons_subset/haunted_place_3564.json,0.5
data/haunted_places_jsons_subset/haunted_place_2573.json,data/haunted_places_jsons_subset/haunted_place_9169.json,0.5
data/haunted_places_jsons_subset/haunted_place_2573.json,data/haunted_places_jsons_subset/haunted_place_9493.json,0.5
data/haunted_places_jsons_subset/haunted_place_2573.json,data/haunted_places_jsons_subset/haunted_place_7874.json,0.6363636363636364
data/haunted_places_jsons_subset/haunted_place_2573.json,data/haunted_places_jsons_subset/haunted_place_5849.json,0.6363636363636364
data/haunted_places_jsons_subset/haunted_place_2573.json,data/haunted_places_jsons_subset/haunted_place_6766.json,0.5
data/haunted_places_jsons_subset/haunted_place_2573.json,data/haunted_places_jsons_subset/haunted_place_1109.json,0.5
data/haunted_places_jsons_subset/haunted_place_2573.json,data/haunted_places_jsons_subset/haunted_place_3134.json,0.6363636363636364
data/haunted_places_jsons_subset/haunted_place_2573.json,data/haunted_places_jsons_subset/haunted_place_9539.json,0.5
data/haunted_places_jsons_subset/haunted_place_2573.json,data/haunted_places_jsons_subset/haunted_place_6336.json,0.5
data/haunted_places_jsons_subset/haunted_place_2573.json,data/haunted_places_jsons_subset/haunted_place_2375.json,0.5
data/haunted_places_jsons_subset/haunted_place_2573.json,data/haunted_places_jsons_subset/haunted_place_8778.json,0.6363636363636364
data/haunted_places_jsons_subset/haunted_place_2573.json,data/haunted_places_jsons_subset/haunted_place_8282.json,0.6363636363636364
data/haunted_places_jsons_subset/haunted_place_2573.json,data/haunted_places_jsons_subset/haunted_place_674.json,0.5
data/haunted_places_jsons_subset/haunted_place_2573.json,data/haunted_places_jsons_subset/haunted_place_7177.json,0.5
data/haunted_places_jsons_subset/haunted_place_2573.json,data/haunted_places_jsons_subset/haunted_place_3837.json,0.6363636363636364
data/haunted_places_jsons_subset/haunted_place_2573.json,data/haunted_places_jsons_subset/haunted_place_2725.json,0.6363636363636364
data/haunted_places_jsons_subset/haunted_place_2573.json,data/haunted_places_jsons_subset/haunted_place_8328.json,0.6363636363636364
data/haunted_places_jsons_subset/haunted_place_2573.json,data/haunted_places_jsons_subset/haunted_place_10948.json,0.6363636363636364
data/haunted_places_jsons_subset/haunted_place_2573.json,data/haunted_places_jsons_subset/haunted_place_7527.json,0.5
data/haunted_places_jsons_subset/haunted_place_2573.json,data/haunted_places_jsons_subset/haunted_place_224.json,0.6363636363636364
data/haunted_places_jsons_subset/haunted_place_2573.json,data/haunted_places_jsons_subset/haunted_place_7248.json,0.6363636363636364
data/haunted_places_jsons_subset/haunted_place_2573.json,data/haunted_places_jsons_subset/haunted_place_5275.json,0.5
data/haunted_places_jsons_subset/haunted_place_2573.json,data/haunted_places_jsons_subset/haunted_place_8447.json,0.5
data/haunted_places_jsons_subset/haunted_place_2573.json,data/haunted_places_jsons_subset/haunted_place_4937.json,0.5
data/haunted_places_jsons_subset/haunted_place_2573.json,data/haunted_places_jsons_subset/haunted_place_7618.json,0.6363636363636364
data/haunted_places_jsons_subset/haunted_place_2573.json,data/haunted_places_jsons_subset/haunted_place_5625.json,0.6363636363636364
data/haunted_places_jsons_subset/haunted_place_2573.json,data/haunted_places_jsons_subset/haunted_place_8017.json,0.5
data/haunted_places_jsons_subset/haunted_place_2573.json,data/haunted_places_jsons_subset/haunted_place_10724.json,0.5
data/haunted_places_jsons_subset/haunted_place_2573.json,data/haunted_places_jsons_subset/haunted_place_4464.json,0.6363636363636364
data/haunted_places_jsons_subset/haunted_place_2573.json,data/haunted_places_jsons_subset/haunted_place_6459.json,0.6363636363636364
data/haunted_places_jsons_subset/haunted_place_2573.json,data/haunted_places_jsons_subset/haunted_place_2949.json,0.6363636363636364
data/haunted_places_jsons_subset/haunted_place_2573.json,data/haunted_places_jsons_subset/haunted_place_1666.json,0.5
data/haunted_places_jsons_subset/haunted_place_2573.json,data/haunted_places_jsons_subset/haunted_place_9256.json,0.5
data/haunted_places_jsons_subset/haunted_place_2573.json,data/haunted_places_jsons_subset/haunted_place_10374.json,0.5
data/haunted_places_jsons_subset/haunted_place_2573.json,data/haunted_places_jsons_subset/haunted_place_4034.json,0.6363636363636364
data/haunted_places_jsons_subset/haunted_place_2573.json,data/haunted_places_jsons_subset/haunted_place_6009.json,0.6363636363636364
data/haunted_places_jsons_subset/haunted_place_2573.json,data/haunted_places_jsons_subset/haunted_place_818.json,0.5
data/haunted_places_jsons_subset/haunted_place_2573.json,data/haunted_places_jsons_subset/haunted_place_1236.json,0.5
data/haunted_places_jsons_subset/haunted_place_2573.json,data/haunted_places_jsons_subset/haunted_place_8914.json,0.6363636363636364
data/haunted_places_jsons_subset/haunted_place_2573.json,data/haunted_places_jsons_subset/haunted_place_9606.json,0.5
data/haunted_places_jsons_subset/haunted_place_2573.json,data/haunted_places_jsons_subset/haunted_place_1723.json,0.5
data/haunted_places_jsons_subset/haunted_place_2573.json,data/haunted_places_jsons_subset/haunted_place_9313.json,0.5
data/haunted_places_jsons_subset/haunted_place_2573.json,data/haunted_places_jsons_subset/haunted_place_10661.json,0.5
data/haunted_places_jsons_subset/haunted_place_2573.json,data/haunted_places_jsons_subset/haunted_place_4521.json,0.5
data/haunted_places_jsons_subset/haunted_place_2573.json,data/haunted_places_jsons_subset/haunted_place_1373.json,0.6363636363636364
data/haunted_places_jsons_subset/haunted_place_2573.json,data/haunted_places_jsons_subset/haunted_place_8851.json,0.6363636363636364
data/haunted_places_jsons_subset/haunted_place_2573.json,data/haunted_places_jsons_subset/haunted_place_9743.json,0.5
data/haunted_places_jsons_subset/haunted_place_2573.json,data/haunted_places_jsons_subset/haunted_place_10231.json,0.5
data/haunted_places_jsons_subset/haunted_place_2573.json,data/haunted_places_jsons_subset/haunted_place_1689.json,0.5
data/haunted_places_jsons_subset/haunted_place_2573.json,data/haunted_places_jsons_subset/haunted_place_4171.json,0.5
data/haunted_places_jsons_subset/haunted_place_2573.json,data/haunted_places_jsons_subset/haunted_place_8502.json,0.6363636363636364
data/haunted_places_jsons_subset/haunted_place_2573.json,data/haunted_places_jsons_subset/haunted_place_5330.json,0.5
data/haunted_places_jsons_subset/haunted_place_2573.json,data/haunted_places_jsons_subset/haunted_place_8152.json,0.5
data/haunted_places_jsons_subset/haunted_place_2573.json,data/haunted_places_jsons_subset/haunted_place_4872.json,0.6363636363636364
data/haunted_places_jsons_subset/haunted_place_2573.json,data/haunted_places_jsons_subset/haunted_place_5760.json,0.5
data/haunted_places_jsons_subset/haunted_place_2573.json,data/haunted_places_jsons_subset/haunted_place_3067.json,0.5
data/haunted_places_jsons_subset/haunted_place_2573.json,data/haunted_places_jsons_subset/haunted_place_6265.json,0.5
data/haunted_places_jsons_subset/haunted_place_2573.json,data/haunted_places_jsons_subset/haunted_place_4258.json,0.5
data/haunted_places_jsons_subset/haunted_place_2573.json,data/haunted_places_jsons_subset/haunted_place_10118.json,0.5
data/haunted_places_jsons_subset/haunted_place_2573.json,data/haunted_places_jsons_subset/haunted_place_9190.json,0.6363636363636364
data/haunted_places_jsons_subset/haunted_place_2573.json,data/haunted_places_jsons_subset/haunted_place_3437.json,0.5
data/haunted_places_jsons_subset/haunted_place_2573.json,data/haunted_places_jsons_subset/haunted_place_6635.json,0.5
data/haunted_places_jsons_subset/haunted_place_2573.json,data/haunted_places_jsons_subset/haunted_place_4608.json,0.5
data/haunted_places_jsons_subset/haunted_place_2573.json,data/haunted_places_jsons_subset/haunted_place_7927.json,0.5
data/haunted_places_jsons_subset/haunted_place_2573.json,data/haunted_places_jsons_subset/haunted_place_10548.json,0.6363636363636364
data/haunted_places_jsons_subset/haunted_place_2573.json,data/haunted_places_jsons_subset/haunted_place_2676.json,0.5
data/haunted_places_jsons_subset/haunted_place_2573.json,data/haunted_places_jsons_subset/haunted_place_3964.json,0.5
data/haunted_places_jsons_subset/haunted_place_2573.json,data/haunted_places_jsons_subset/haunted_place_1959.json,0.6363636363636364
data/haunted_places_jsons_subset/haunted_place_2573.json,data/haunted_places_jsons_subset/haunted_place_377.json,0.6363636363636364
data/haunted_places_jsons_subset/haunted_place_2573.json,data/haunted_places_jsons_subset/haunted_place_5449.json,0.5
data/haunted_places_jsons_subset/haunted_place_2573.json,data/haunted_places_jsons_subset/haunted_place_7474.json,0.5
data/haunted_places_jsons_subset/haunted_place_2573.json,data/haunted_places_jsons_subset/haunted_place_8781.json,0.6363636363636364
data/haunted_places_jsons_subset/haunted_place_2573.json,data/haunted_places_jsons_subset/haunted_place_37.json,0.5
data/haunted_places_jsons_subset/haunted_place_2573.json,data/haunted_places_jsons_subset/haunted_place_9893.json,0.5
data/haunted_places_jsons_subset/haunted_place_2573.json,data/haunted_places_jsons_subset/haunted_place_9939.json,0.5
data/haunted_places_jsons_subset/haunted_place_2573.json,data/haunted_places_jsons_subset/haunted_place_2226.json,0.5
data/haunted_places_jsons_subset/haunted_place_2573.json,data/haunted_places_jsons_subset/haunted_place_5019.json,0.6363636363636364
data/haunted_places_jsons_subset/haunted_place_2573.json,data/haunted_places_jsons_subset/haunted_place_7024.json,0.6363636363636364
data/haunted_places_jsons_subset/haunted_place_2573.json,data/haunted_places_jsons_subset/haunted_place_727.json,0.5
data/haunted_places_jsons_subset/haunted_place_2573.json,data/haunted_places_jsons_subset/haunted_place_232.json,0.5
data/haunted_places_jsons_subset/haunted_place_2573.json,data/haunted_places_jsons_subset/haunted_place_7531.json,0.5
data/haunted_places_jsons_subset/haunted_place_2573.json,data/haunted_places_jsons_subset/haunted_place_2733.json,0.6363636363636364
data/haunted_places_jsons_subset/haunted_place_2573.json,data/haunted_places_jsons_subset/haunted_place_3821.json,0.5
data/haunted_places_jsons_subset/haunted_place_2573.json,data/haunted_places_jsons_subset/haunted_place_7161.json,0.6363636363636364
data/haunted_places_jsons_subset/haunted_place_2573.json,data/haunted_places_jsons_subset/haunted_place_2699.json,0.5
data/haunted_places_jsons_subset/haunted_place_2573.json,data/haunted_places_jsons_subset/haunted_place_662.json,0.5
data/haunted_places_jsons_subset/haunted_place_2573.json,data/haunted_places_jsons_subset/haunted_place_8294.json,0.5
data/haunted_places_jsons_subset/haunted_place_2573.json,data/haunted_places_jsons_subset/haunted_place_398.json,0.6363636363636364
data/haunted_places_jsons_subset/haunted_place_2573.json,data/haunted_places_jsons_subset/haunted_place_2363.json,0.5
data/haunted_places_jsons_subset/haunted_place_2573.json,data/haunted_places_jsons_subset/haunted_place_6320.json,0.5
data/haunted_places_jsons_subset/haunted_place_2573.json,data/haunted_places_jsons_subset/haunted_place_3122.json,0.6363636363636364
data/haunted_places_jsons_subset/haunted_place_2573.json,data/haunted_places_jsons_subset/haunted_place_6770.json,0.5
data/haunted_places_jsons_subset/haunted_place_2573.json,data/haunted_places_jsons_subset/haunted_place_3088.json,0.5
data/haunted_places_jsons_subset/haunted_place_2573.json,data/haunted_places_jsons_subset/haunted_place_7862.json,0.6363636363636364
data/haunted_places_jsons_subset/haunted_place_2573.json,data/haunted_places_jsons_subset/haunted_place_9485.json,0.6363636363636364
data/haunted_places_jsons_subset/haunted_place_2573.json,data/haunted_places_jsons_subset/haunted_place_3572.json,0.5
data/haunted_places_jsons_subset/haunted_place_2573.json,data/haunted_places_jsons_subset/haunted_place_4599.json,0.5
data/haunted_places_jsons_subset/haunted_place_2573.json,data/haunted_places_jsons_subset/haunted_place_1261.json,0.6363636363636364
data/haunted_places_jsons_subset/haunted_place_2573.json,data/haunted_places_jsons_subset/haunted_place_8943.json,0.5
data/haunted_places_jsons_subset/haunted_place_2573.json,data/haunted_places_jsons_subset/haunted_place_9651.json,0.5
data/haunted_places_jsons_subset/haunted_place_2573.json,data/haunted_places_jsons_subset/haunted_place_10323.json,0.6363636363636364
data/haunted_places_jsons_subset/haunted_place_2573.json,data/haunted_places_jsons_subset/haunted_place_4063.json,0.6363636363636364
data/haunted_places_jsons_subset/haunted_place_2573.json,data/haunted_places_jsons_subset/haunted_place_1631.json,0.5
data/haunted_places_jsons_subset/haunted_place_2573.json,data/haunted_places_jsons_subset/haunted_place_10289.json,0.5
data/haunted_places_jsons_subset/haunted_place_2573.json,data/haunted_places_jsons_subset/haunted_place_9201.json,0.6363636363636364
data/haunted_places_jsons_subset/haunted_place_2573.json,data/haunted_places_jsons_subset/haunted_place_10773.json,0.6363636363636364
data/haunted_places_jsons_subset/haunted_place_2573.json,data/haunted_places_jsons_subset/haunted_place_4433.json,0.6363636363636364
data/haunted_places_jsons_subset/haunted_place_2573.json,data/haunted_places_jsons_subset/haunted_place_5388.json,0.5
data/haunted_places_jsons_subset/haunted_place_2573.json,data/haunted_places_jsons_subset/haunted_place_8040.json,0.5
data/haunted_places_jsons_subset/haunted_place_2573.json,data/haunted_places_jsons_subset/haunted_place_4960.json,0.6363636363636364
data/haunted_places_jsons_subset/haunted_place_2573.json,data/haunted_places_jsons_subset/haunted_place_5672.json,0.6363636363636364
data/haunted_places_jsons_subset/haunted_place_2573.json,data/haunted_places_jsons_subset/haunted_place_8410.json,0.5
data/haunted_places_jsons_subset/haunted_place_2573.json,data/haunted_places_jsons_subset/haunted_place_5222.json,0.5
data/haunted_places_jsons_subset/haunted_place_2573.json,data/haunted_places_jsons_subset/haunted_place_4825.json,0.6363636363636364
data/haunted_places_jsons_subset/haunted_place_2573.json,data/haunted_places_jsons_subset/haunted_place_6818.json,0.6363636363636364
data/haunted_places_jsons_subset/haunted_place_2573.json,data/haunted_places_jsons_subset/haunted_place_5737.json,0.5
data/haunted_places_jsons_subset/haunted_place_2573.json,data/haunted_places_jsons_subset/haunted_place_2508.json,0.5
data/haunted_places_jsons_subset/haunted_place_2573.json,data/haunted_places_jsons_subset/haunted_place_8105.json,0.6363636363636364
data/haunted_places_jsons_subset/haunted_place_2573.json,data/haunted_places_jsons_subset/haunted_place_5367.json,0.6363636363636364
data/haunted_places_jsons_subset/haunted_place_2573.json,data/haunted_places_jsons_subset/haunted_place_459.json,0.5
data/haunted_places_jsons_subset/haunted_place_2573.json,data/haunted_places_jsons_subset/haunted_place_2158.json,0.5
data/haunted_places_jsons_subset/haunted_place_2573.json,data/haunted_places_jsons_subset/haunted_place_8555.json,0.5
data/haunted_places_jsons_subset/haunted_place_2573.json,data/haunted_places_jsons_subset/haunted_place_10266.json,0.5
data/haunted_places_jsons_subset/haunted_place_2573.json,data/haunted_places_jsons_subset/haunted_place_4126.json,0.5
data/haunted_places_jsons_subset/haunted_place_2573.json,data/haunted_places_jsons_subset/haunted_place_1324.json,0.5
data/haunted_places_jsons_subset/haunted_place_2573.json,data/haunted_places_jsons_subset/haunted_place_3319.json,0.5
data/haunted_places_jsons_subset/haunted_place_2573.json,data/haunted_places_jsons_subset/haunted_place_8806.json,0.5
data/haunted_places_jsons_subset/haunted_place_2573.json,data/haunted_places_jsons_subset/haunted_place_9714.json,0.5
data/haunted_places_jsons_subset/haunted_place_2573.json,data/haunted_places_jsons_subset/haunted_place_10636.json,0.6363636363636364
data/haunted_places_jsons_subset/haunted_place_2573.json,data/haunted_places_jsons_subset/haunted_place_4576.json,0.5
data/haunted_places_jsons_subset/haunted_place_2573.json,data/haunted_places_jsons_subset/haunted_place_1774.json,0.5
data/haunted_places_jsons_subset/haunted_place_2573.json,data/haunted_places_jsons_subset/haunted_place_3749.json,0.5
data/haunted_places_jsons_subset/haunted_place_2573.json,data/haunted_places_jsons_subset/haunted_place_9344.json,0.6363636363636364
data/haunted_places_jsons_subset/haunted_place_2573.json,data/haunted_places_jsons_subset/haunted_place_7073.json,0.5
data/haunted_places_jsons_subset/haunted_place_2573.json,data/haunted_places_jsons_subset/haunted_place_770.json,0.6363636363636364
data/haunted_places_jsons_subset/haunted_place_2573.json,data/haunted_places_jsons_subset/haunted_place_3899.json,0.6363636363636364
data/haunted_places_jsons_subset/haunted_place_2573.json,data/haunted_places_jsons_subset/haunted_place_8386.json,0.5
data/haunted_places_jsons_subset/haunted_place_2573.json,data/haunted_places_jsons_subset/haunted_place_2271.json,0.5
data/haunted_places_jsons_subset/haunted_place_2573.json,data/haunted_places_jsons_subset/haunted_place_7589.json,0.5
data/haunted_places_jsons_subset/haunted_place_2573.json,data/haunted_places_jsons_subset/haunted_place_320.json,0.5
data/haunted_places_jsons_subset/haunted_place_2573.json,data/haunted_places_jsons_subset/haunted_place_7423.json,0.5
data/haunted_places_jsons_subset/haunted_place_2573.json,data/haunted_places_jsons_subset/haunted_place_60.json,0.6363636363636364
data/haunted_places_jsons_subset/haunted_place_2573.json,data/haunted_places_jsons_subset/haunted_place_2621.json,0.5
data/haunted_places_jsons_subset/haunted_place_2573.json,data/haunted_places_jsons_subset/haunted_place_3933.json,0.5
data/haunted_places_jsons_subset/haunted_place_2573.json,data/haunted_places_jsons_subset/haunted_place_6662.json,0.5
data/haunted_places_jsons_subset/haunted_place_2573.json,data/haunted_places_jsons_subset/haunted_place_7970.json,0.5
data/haunted_places_jsons_subset/haunted_place_2573.json,data/haunted_places_jsons_subset/haunted_place_9597.json,0.5
data/haunted_places_jsons_subset/haunted_place_2573.json,data/haunted_places_jsons_subset/haunted_place_3460.json,0.6363636363636364
data/haunted_places_jsons_subset/haunted_place_2573.json,data/haunted_places_jsons_subset/haunted_place_6398.json,0.6363636363636364
data/haunted_places_jsons_subset/haunted_place_2573.json,data/haunted_places_jsons_subset/haunted_place_6232.json,0.5
data/haunted_places_jsons_subset/haunted_place_2573.json,data/haunted_places_jsons_subset/haunted_place_3030.json,0.5
data/haunted_places_jsons_subset/haunted_place_2573.json,data/haunted_places_jsons_subset/haunted_place_9128.json,0.5
data/haunted_places_jsons_subset/haunted_place_2573.json,data/haunted_places_jsons_subset/haunted_place_3525.json,0.5
data/haunted_places_jsons_subset/haunted_place_2573.json,data/haunted_places_jsons_subset/haunted_place_1518.json,0.6363636363636364
data/haunted_places_jsons_subset/haunted_place_2573.json,data/haunted_places_jsons_subset/haunted_place_6727.json,0.6363636363636364
data/haunted_places_jsons_subset/haunted_place_2573.json,data/haunted_places_jsons_subset/haunted_place_5808.json,0.5
data/haunted_places_jsons_subset/haunted_place_2573.json,data/haunted_places_jsons_subset/haunted_place_7835.json,0.5
data/haunted_places_jsons_subset/haunted_place_2573.json,data/haunted_places_jsons_subset/haunted_place_9578.json,0.5
data/haunted_places_jsons_subset/haunted_place_2573.json,data/haunted_places_jsons_subset/haunted_place_3175.json,0.5
data/haunted_places_jsons_subset/haunted_place_2573.json,data/haunted_places_jsons_subset/haunted_place_1148.json,0.6363636363636364
data/haunted_places_jsons_subset/haunted_place_2573.json,data/haunted_places_jsons_subset/haunted_place_6377.json,0.5
data/haunted_places_jsons_subset/haunted_place_2573.json,data/haunted_places_jsons_subset/haunted_place_9082.json,0.5
data/haunted_places_jsons_subset/haunted_place_2573.json,data/haunted_places_jsons_subset/haunted_place_8739.json,0.5
data/haunted_places_jsons_subset/haunted_place_2573.json,data/haunted_places_jsons_subset/haunted_place_2334.json,0.6363636363636364
data/haunted_places_jsons_subset/haunted_place_2573.json,data/haunted_places_jsons_subset/haunted_place_7136.json,0.5
data/haunted_places_jsons_subset/haunted_place_2573.json,data/haunted_places_jsons_subset/haunted_place_635.json,0.5
data/haunted_places_jsons_subset/haunted_place_2573.json,data/haunted_places_jsons_subset/haunted_place_8369.json,0.5
data/haunted_places_jsons_subset/haunted_place_2573.json,data/haunted_places_jsons_subset/haunted_place_2764.json,0.6363636363636364
data/haunted_places_jsons_subset/haunted_place_2573.json,data/haunted_places_jsons_subset/haunted_place_3876.json,0.5
data/haunted_places_jsons_subset/haunted_place_2573.json,data/haunted_places_jsons_subset/haunted_place_265.json,0.5
data/haunted_places_jsons_subset/haunted_place_2573.json,data/haunted_places_jsons_subset/haunted_place_7566.json,0.5
data/haunted_places_jsons_subset/haunted_place_2573.json,data/haunted_places_jsons_subset/haunted_place_8693.json,0.5
data/haunted_places_jsons_subset/haunted_place_2573.json,data/haunted_places_jsons_subset/haunted_place_10909.json,0.5
data/haunted_places_jsons_subset/haunted_place_2573.json,data/haunted_places_jsons_subset/haunted_place_9981.json,0.6363636363636364
data/haunted_places_jsons_subset/haunted_place_2573.json,data/haunted_places_jsons_subset/haunted_place_212.json,0.5
data/haunted_places_jsons_subset/haunted_place_2573.json,data/haunted_places_jsons_subset/haunted_place_7511.json,0.5
data/haunted_places_jsons_subset/haunted_place_2573.json,data/haunted_places_jsons_subset/haunted_place_2713.json,0.5
data/haunted_places_jsons_subset/haunted_place_2573.json,data/haunted_places_jsons_subset/haunted_place_3801.json,0.5
data/haunted_places_jsons_subset/haunted_place_2573.json,data/haunted_places_jsons_subset/haunted_place_7141.json,0.5
data/haunted_places_jsons_subset/haunted_place_2573.json,data/haunted_places_jsons_subset/haunted_place_642.json,0.5
data/haunted_places_jsons_subset/haunted_place_2573.json,data/haunted_places_jsons_subset/haunted_place_1996.json,0.6363636363636364
data/haunted_places_jsons_subset/haunted_place_2573.json,data/haunted_places_jsons_subset/haunted_place_5486.json,0.6363636363636364
data/haunted_places_jsons_subset/haunted_place_2573.json,data/haunted_places_jsons_subset/haunted_place_2343.json,0.5
data/haunted_places_jsons_subset/haunted_place_2573.json,data/haunted_places_jsons_subset/haunted_place_6300.json,0.6363636363636364
data/haunted_places_jsons_subset/haunted_place_2573.json,data/haunted_places_jsons_subset/haunted_place_10587.json,0.6363636363636364
data/haunted_places_jsons_subset/haunted_place_2573.json,data/haunted_places_jsons_subset/haunted_place_3102.json,0.5
data/haunted_places_jsons_subset/haunted_place_2573.json,data/haunted_places_jsons_subset/haunted_place_6750.json,0.5
data/haunted_places_jsons_subset/haunted_place_2573.json,data/haunted_places_jsons_subset/haunted_place_1095.json,0.6363636363636364
data/haunted_places_jsons_subset/haunted_place_2573.json,data/haunted_places_jsons_subset/haunted_place_7842.json,0.6363636363636364
data/haunted_places_jsons_subset/haunted_place_2573.json,data/haunted_places_jsons_subset/haunted_place_3552.json,0.5
data/haunted_places_jsons_subset/haunted_place_2573.json,data/haunted_places_jsons_subset/haunted_place_4297.json,0.5
data/haunted_places_jsons_subset/haunted_place_2573.json,data/haunted_places_jsons_subset/haunted_place_4782.json,0.6363636363636364
data/haunted_places_jsons_subset/haunted_place_2573.json,data/haunted_places_jsons_subset/haunted_place_3047.json,0.5
data/haunted_places_jsons_subset/haunted_place_2573.json,data/haunted_places_jsons_subset/haunted_place_5890.json,0.5
data/haunted_places_jsons_subset/haunted_place_2573.json,data/haunted_places_jsons_subset/haunted_place_1580.json,0.5
data/haunted_places_jsons_subset/haunted_place_2573.json,data/haunted_places_jsons_subset/haunted_place_4278.json,0.6363636363636364
data/haunted_places_jsons_subset/haunted_place_2573.json,data/haunted_places_jsons_subset/haunted_place_6245.json,0.5
data/haunted_places_jsons_subset/haunted_place_2573.json,data/haunted_places_jsons_subset/haunted_place_10138.json,0.5
data/haunted_places_jsons_subset/haunted_place_2573.json,data/haunted_places_jsons_subset/haunted_place_10092.json,0.5
data/haunted_places_jsons_subset/haunted_place_2573.json,data/haunted_places_jsons_subset/haunted_place_3417.json,0.5
data/haunted_places_jsons_subset/haunted_place_2573.json,data/haunted_places_jsons_subset/haunted_place_4628.json,0.5
data/haunted_places_jsons_subset/haunted_place_2573.json,data/haunted_places_jsons_subset/haunted_place_6615.json,0.5
data/haunted_places_jsons_subset/haunted_place_2573.json,data/haunted_places_jsons_subset/haunted_place_7907.json,0.5
data/haunted_places_jsons_subset/haunted_place_2573.json,data/haunted_places_jsons_subset/haunted_place_10568.json,0.5
data/haunted_places_jsons_subset/haunted_place_2573.json,data/haunted_places_jsons_subset/haunted_place_2656.json,0.5
data/haunted_places_jsons_subset/haunted_place_2573.json,data/haunted_places_jsons_subset/haunted_place_5193.json,0.5
data/haunted_places_jsons_subset/haunted_place_2573.json,data/haunted_places_jsons_subset/haunted_place_1979.json,0.5
data/haunted_places_jsons_subset/haunted_place_2573.json,data/haunted_places_jsons_subset/haunted_place_3944.json,0.6363636363636364
data/haunted_places_jsons_subset/haunted_place_2573.json,data/haunted_places_jsons_subset/haunted_place_357.json,0.5
data/haunted_places_jsons_subset/haunted_place_2573.json,data/haunted_places_jsons_subset/haunted_place_7454.json,0.5
data/haunted_places_jsons_subset/haunted_place_2573.json,data/haunted_places_jsons_subset/haunted_place_5469.json,0.6363636363636364
data/haunted_places_jsons_subset/haunted_place_2573.json,data/haunted_places_jsons_subset/haunted_place_17.json,0.6363636363636364
data/haunted_places_jsons_subset/haunted_place_2573.json,data/haunted_places_jsons_subset/haunted_place_10991.json,0.5
data/haunted_places_jsons_subset/haunted_place_2573.json,data/haunted_places_jsons_subset/haunted_place_9919.json,0.5
data/haunted_places_jsons_subset/haunted_place_2573.json,data/haunted_places_jsons_subset/haunted_place_2206.json,0.5
data/haunted_places_jsons_subset/haunted_place_2573.json,data/haunted_places_jsons_subset/haunted_place_7004.json,0.6363636363636364
data/haunted_places_jsons_subset/haunted_place_2573.json,data/haunted_places_jsons_subset/haunted_place_5039.json,0.5
data/haunted_places_jsons_subset/haunted_place_2573.json,data/haunted_places_jsons_subset/haunted_place_707.json,0.5
data/haunted_places_jsons_subset/haunted_place_2573.json,data/haunted_places_jsons_subset/haunted_place_1703.json,0.5
data/haunted_places_jsons_subset/haunted_place_2573.json,data/haunted_places_jsons_subset/haunted_place_9333.json,0.6363636363636364
data/haunted_places_jsons_subset/haunted_place_2573.json,data/haunted_places_jsons_subset/haunted_place_10641.json,0.5
data/haunted_places_jsons_subset/haunted_place_2573.json,data/haunted_places_jsons_subset/haunted_place_4501.json,0.5
data/haunted_places_jsons_subset/haunted_place_2573.json,data/haunted_places_jsons_subset/haunted_place_1353.json,0.5
data/haunted_places_jsons_subset/haunted_place_2573.json,data/haunted_places_jsons_subset/haunted_place_6496.json,0.6363636363636364
data/haunted_places_jsons_subset/haunted_place_2573.json,data/haunted_places_jsons_subset/haunted_place_8871.json,0.5
data/haunted_places_jsons_subset/haunted_place_2573.json,data/haunted_places_jsons_subset/haunted_place_9763.json,0.5
data/haunted_places_jsons_subset/haunted_place_2573.json,data/haunted_places_jsons_subset/haunted_place_10211.json,0.5
data/haunted_places_jsons_subset/haunted_place_2573.json,data/haunted_places_jsons_subset/haunted_place_9299.json,0.6363636363636364
data/haunted_places_jsons_subset/haunted_place_2573.json,data/haunted_places_jsons_subset/haunted_place_2986.json,0.5
data/haunted_places_jsons_subset/haunted_place_2573.json,data/haunted_places_jsons_subset/haunted_place_4151.json,0.5
data/haunted_places_jsons_subset/haunted_place_2573.json,data/haunted_places_jsons_subset/haunted_place_3694.json,0.5
data/haunted_places_jsons_subset/haunted_place_2573.json,data/haunted_places_jsons_subset/haunted_place_8522.json,0.6363636363636364
data/haunted_places_jsons_subset/haunted_place_2573.json,data/haunted_places_jsons_subset/haunted_place_5310.json,0.5
data/haunted_places_jsons_subset/haunted_place_2573.json,data/haunted_places_jsons_subset/haunted_place_7287.json,0.5
data/haunted_places_jsons_subset/haunted_place_2573.json,data/haunted_places_jsons_subset/haunted_place_584.json,0.5
data/haunted_places_jsons_subset/haunted_place_2573.json,data/haunted_places_jsons_subset/haunted_place_8172.json,0.5
data/haunted_places_jsons_subset/haunted_place_2573.json,data/haunted_places_jsons_subset/haunted_place_8488.json,0.6363636363636364
data/haunted_places_jsons_subset/haunted_place_2573.json,data/haunted_places_jsons_subset/haunted_place_4852.json,0.5
data/haunted_places_jsons_subset/haunted_place_2573.json,data/haunted_places_jsons_subset/haunted_place_2085.json,0.6363636363636364
data/haunted_places_jsons_subset/haunted_place_2573.json,data/haunted_places_jsons_subset/haunted_place_5740.json,0.6363636363636364
data/haunted_places_jsons_subset/haunted_place_588.json,data/haunted_places_jsons_subset/haunted_place_7321.json,0.5
data/haunted_places_jsons_subset/haunted_place_588.json,data/haunted_places_jsons_subset/haunted_place_422.json,0.5
data/haunted_places_jsons_subset/haunted_place_588.json,data/haunted_places_jsons_subset/haunted_place_2123.json,0.5
data/haunted_places_jsons_subset/haunted_place_588.json,data/haunted_places_jsons_subset/haunted_place_971.json,0.5
data/haunted_places_jsons_subset/haunted_place_588.json,data/haunted_places_jsons_subset/haunted_place_6160.json,0.6363636363636364
data/haunted_places_jsons_subset/haunted_place_588.json,data/haunted_places_jsons_subset/haunted_place_3698.json,0.5
data/haunted_places_jsons_subset/haunted_place_588.json,data/haunted_places_jsons_subset/haunted_place_9295.json,0.5
data/haunted_places_jsons_subset/haunted_place_588.json,data/haunted_places_jsons_subset/haunted_place_3362.json,0.5
data/haunted_places_jsons_subset/haunted_place_588.json,data/haunted_places_jsons_subset/haunted_place_6530.json,0.6363636363636364
data/haunted_places_jsons_subset/haunted_place_588.json,data/haunted_places_jsons_subset/haunted_place_2820.json,0.5
data/haunted_places_jsons_subset/haunted_place_588.json,data/haunted_places_jsons_subset/haunted_place_3732.json,0.5
data/haunted_places_jsons_subset/haunted_place_588.json,data/haunted_places_jsons_subset/haunted_place_8938.json,0.6363636363636364
data/haunted_places_jsons_subset/haunted_place_588.json,data/haunted_places_jsons_subset/haunted_place_3227.json,0.6363636363636364
data/haunted_places_jsons_subset/haunted_place_588.json,data/haunted_places_jsons_subset/haunted_place_4018.json,0.6363636363636364
data/haunted_places_jsons_subset/haunted_place_588.json,data/haunted_places_jsons_subset/haunted_place_6025.json,0.5
data/haunted_places_jsons_subset/haunted_place_588.json,data/haunted_places_jsons_subset/haunted_place_834.json,0.5
data/haunted_places_jsons_subset/haunted_place_588.json,data/haunted_places_jsons_subset/haunted_place_10358.json,0.6363636363636364
data/haunted_places_jsons_subset/haunted_place_588.json,data/haunted_places_jsons_subset/haunted_place_2965.json,0.5
data/haunted_places_jsons_subset/haunted_place_588.json,data/haunted_places_jsons_subset/haunted_place_3677.json,0.5
data/haunted_places_jsons_subset/haunted_place_588.json,data/haunted_places_jsons_subset/haunted_place_4448.json,0.6363636363636364
data/haunted_places_jsons_subset/haunted_place_588.json,data/haunted_places_jsons_subset/haunted_place_6475.json,0.6363636363636364
data/haunted_places_jsons_subset/haunted_place_588.json,data/haunted_places_jsons_subset/haunted_place_8892.json,0.5
data/haunted_places_jsons_subset/haunted_place_588.json,data/haunted_places_jsons_subset/haunted_place_10708.json,0.5
data/haunted_places_jsons_subset/haunted_place_588.json,data/haunted_places_jsons_subset/haunted_place_9780.json,0.5
data/haunted_places_jsons_subset/haunted_place_588.json,data/haunted_places_jsons_subset/haunted_place_2436.json,0.5
data/haunted_places_jsons_subset/haunted_place_588.json,data/haunted_places_jsons_subset/haunted_place_6926.json,0.6363636363636364
data/haunted_places_jsons_subset/haunted_place_588.json,data/haunted_places_jsons_subset/haunted_place_137.json,0.6363636363636364
data/haunted_places_jsons_subset/haunted_place_588.json,data/haunted_places_jsons_subset/haunted_place_7634.json,0.5
data/haunted_places_jsons_subset/haunted_place_588.json,data/haunted_places_jsons_subset/haunted_place_5609.json,0.5
data/haunted_places_jsons_subset/haunted_place_588.json,data/haunted_places_jsons_subset/haunted_place_2066.json,0.5
data/haunted_places_jsons_subset/haunted_place_588.json,data/haunted_places_jsons_subset/haunted_place_7264.json,0.5
data/haunted_places_jsons_subset/haunted_place_588.json,data/haunted_places_jsons_subset/haunted_place_5259.json,0.5
data/haunted_places_jsons_subset/haunted_place_588.json,data/haunted_places_jsons_subset/haunted_place_567.json,0.6363636363636364
data/haunted_places_jsons_subset/haunted_place_588.json,data/haunted_places_jsons_subset/haunted_place_8191.json,0.5
data/haunted_places_jsons_subset/haunted_place_588.json,data/haunted_places_jsons_subset/haunted_place_1563.json,0.6363636363636364
data/haunted_places_jsons_subset/haunted_place_588.json,data/haunted_places_jsons_subset/haunted_place_9153.json,0.6363636363636364
data/haunted_places_jsons_subset/haunted_place_588.json,data/haunted_places_jsons_subset/haunted_place_10421.json,0.6363636363636364
data/haunted_places_jsons_subset/haunted_place_588.json,data/haunted_places_jsons_subset/haunted_place_1099.json,0.5
data/haunted_places_jsons_subset/haunted_place_588.json,data/haunted_places_jsons_subset/haunted_place_4761.json,0.5
data/haunted_places_jsons_subset/haunted_place_588.json,data/haunted_places_jsons_subset/haunted_place_5873.json,0.5
data/haunted_places_jsons_subset/haunted_place_588.json,data/haunted_places_jsons_subset/haunted_place_1133.json,0.5
data/haunted_places_jsons_subset/haunted_place_588.json,data/haunted_places_jsons_subset/haunted_place_9503.json,0.5
data/haunted_places_jsons_subset/haunted_place_588.json,data/haunted_places_jsons_subset/haunted_place_10071.json,0.6363636363636364
data/haunted_places_jsons_subset/haunted_place_588.json,data/haunted_places_jsons_subset/haunted_place_4331.json,0.6363636363636364
data/haunted_places_jsons_subset/haunted_place_588.json,data/haunted_places_jsons_subset/haunted_place_8742.json,0.6363636363636364
data/haunted_places_jsons_subset/haunted_place_588.json,data/haunted_places_jsons_subset/haunted_place_9850.json,0.6363636363636364
data/haunted_places_jsons_subset/haunted_place_588.json,data/haunted_places_jsons_subset/haunted_place_5170.json,0.6363636363636364
data/haunted_places_jsons_subset/haunted_place_588.json,data/haunted_places_jsons_subset/haunted_place_1830.json,0.5
data/haunted_places_jsons_subset/haunted_place_588.json,data/haunted_places_jsons_subset/haunted_place_8312.json,0.5
data/haunted_places_jsons_subset/haunted_place_588.json,data/haunted_places_jsons_subset/haunted_place_10972.json,0.5
data/haunted_places_jsons_subset/haunted_place_588.json,data/haunted_places_jsons_subset/haunted_place_5520.json,0.6363636363636364
data/haunted_places_jsons_subset/haunted_place_588.json,data/haunted_places_jsons_subset/haunted_place_5035.json,0.5
data/haunted_places_jsons_subset/haunted_place_588.json,data/haunted_places_jsons_subset/haunted_place_7008.json,0.5
data/haunted_places_jsons_subset/haunted_place_588.json,data/haunted_places_jsons_subset/haunted_place_8607.json,0.5
data/haunted_places_jsons_subset/haunted_place_588.json,data/haunted_places_jsons_subset/haunted_place_9915.json,0.6363636363636364
data/haunted_places_jsons_subset/haunted_place_588.json,data/haunted_places_jsons_subset/haunted_place_10837.json,0.5
data/haunted_places_jsons_subset/haunted_place_588.json,data/haunted_places_jsons_subset/haunted_place_5465.json,0.5
data/haunted_places_jsons_subset/haunted_place_588.json,data/haunted_places_jsons_subset/haunted_place_7458.json,0.5
data/haunted_places_jsons_subset/haunted_place_588.json,data/haunted_places_jsons_subset/haunted_place_3948.json,0.5
data/haunted_places_jsons_subset/haunted_place_588.json,data/haunted_places_jsons_subset/haunted_place_1975.json,0.6363636363636364
data/haunted_places_jsons_subset/haunted_place_588.json,data/haunted_places_jsons_subset/haunted_place_8257.json,0.5
data/haunted_places_jsons_subset/haunted_place_588.json,data/haunted_places_jsons_subset/haunted_place_10564.json,0.6363636363636364
data/haunted_places_jsons_subset/haunted_place_588.json,data/haunted_places_jsons_subset/haunted_place_6619.json,0.5
data/haunted_places_jsons_subset/haunted_place_588.json,data/haunted_places_jsons_subset/haunted_place_4624.json,0.6363636363636364
data/haunted_places_jsons_subset/haunted_place_588.json,data/haunted_places_jsons_subset/haunted_place_5936.json,0.5
data/haunted_places_jsons_subset/haunted_place_588.json,data/haunted_places_jsons_subset/haunted_place_1426.json,0.5
data/haunted_places_jsons_subset/haunted_place_588.json,data/haunted_places_jsons_subset/haunted_place_9016.json,0.5
data/haunted_places_jsons_subset/haunted_place_588.json,data/haunted_places_jsons_subset/haunted_place_10134.json,0.6363636363636364
data/haunted_places_jsons_subset/haunted_place_588.json,data/haunted_places_jsons_subset/haunted_place_6249.json,0.5
data/haunted_places_jsons_subset/haunted_place_588.json,data/haunted_places_jsons_subset/haunted_place_4274.json,0.5
data/haunted_places_jsons_subset/haunted_place_588.json,data/haunted_places_jsons_subset/haunted_place_1076.json,0.5
data/haunted_places_jsons_subset/haunted_place_588.json,data/haunted_places_jsons_subset/haunted_place_9446.json,0.6363636363636364
data/haunted_places_jsons_subset/haunted_place_588.json,data/haunted_places_jsons_subset/haunted_place_9368.json,0.5
data/haunted_places_jsons_subset/haunted_place_588.json,data/haunted_places_jsons_subset/haunted_place_2877.json,0.6363636363636364
data/haunted_places_jsons_subset/haunted_place_588.json,data/haunted_places_jsons_subset/haunted_place_1758.json,0.5
data/haunted_places_jsons_subset/haunted_place_588.json,data/haunted_places_jsons_subset/haunted_place_3765.json,0.6363636363636364
data/haunted_places_jsons_subset/haunted_place_588.json,data/haunted_places_jsons_subset/haunted_place_6567.json,0.5
data/haunted_places_jsons_subset/haunted_place_588.json,data/haunted_places_jsons_subset/haunted_place_8980.json,0.5
data/haunted_places_jsons_subset/haunted_place_588.json,data/haunted_places_jsons_subset/haunted_place_9692.json,0.6363636363636364
data/haunted_places_jsons_subset/haunted_place_588.json,data/haunted_places_jsons_subset/haunted_place_9738.json,0.5
data/haunted_places_jsons_subset/haunted_place_588.json,data/haunted_places_jsons_subset/haunted_place_1308.json,0.6363636363636364
data/haunted_places_jsons_subset/haunted_place_588.json,data/haunted_places_jsons_subset/haunted_place_3335.json,0.6363636363636364
data/haunted_places_jsons_subset/haunted_place_588.json,data/haunted_places_jsons_subset/haunted_place_6137.json,0.5
data/haunted_places_jsons_subset/haunted_place_588.json,data/haunted_places_jsons_subset/haunted_place_926.json,0.5
data/haunted_places_jsons_subset/haunted_place_588.json,data/haunted_places_jsons_subset/haunted_place_8579.json,0.6363636363636364
data/haunted_places_jsons_subset/haunted_place_588.json,data/haunted_places_jsons_subset/haunted_place_2174.json,0.5
data/haunted_places_jsons_subset/haunted_place_588.json,data/haunted_places_jsons_subset/haunted_place_7376.json,0.5
data/haunted_places_jsons_subset/haunted_place_588.json,data/haunted_places_jsons_subset/haunted_place_475.json,0.6363636363636364
data/haunted_places_jsons_subset/haunted_place_588.json,data/haunted_places_jsons_subset/haunted_place_8083.json,0.5
data/haunted_places_jsons_subset/haunted_place_588.json,data/haunted_places_jsons_subset/haunted_place_8129.json,0.6363636363636364
data/haunted_places_jsons_subset/haunted_place_588.json,data/haunted_places_jsons_subset/haunted_place_2524.json,0.5
data/haunted_places_jsons_subset/haunted_place_588.json,data/haunted_places_jsons_subset/haunted_place_4809.json,0.5
data/haunted_places_jsons_subset/haunted_place_588.json,data/haunted_places_jsons_subset/haunted_place_6834.json,0.5
data/haunted_places_jsons_subset/haunted_place_588.json,data/haunted_places_jsons_subset/haunted_place_7726.json,0.5
data/haunted_places_jsons_subset/haunted_place_588.json,data/haunted_places_jsons_subset/haunted_place_7233.json,0.5
data/haunted_places_jsons_subset/haunted_place_588.json,data/haunted_places_jsons_subset/haunted_place_530.json,0.5
data/haunted_places_jsons_subset/haunted_place_588.json,data/haunted_places_jsons_subset/haunted_place_2031.json,0.5
data/haunted_places_jsons_subset/haunted_place_588.json,data/haunted_places_jsons_subset/haunted_place_160.json,0.5
data/haunted_places_jsons_subset/haunted_place_588.json,data/haunted_places_jsons_subset/haunted_place_6971.json,0.6363636363636364
data/haunted_places_jsons_subset/haunted_place_588.json,data/haunted_places_jsons_subset/haunted_place_7663.json,0.5
data/haunted_places_jsons_subset/haunted_place_588.json,data/haunted_places_jsons_subset/haunted_place_8596.json,0.6363636363636364
data/haunted_places_jsons_subset/haunted_place_588.json,data/haunted_places_jsons_subset/haunted_place_2461.json,0.5
data/haunted_places_jsons_subset/haunted_place_588.json,data/haunted_places_jsons_subset/haunted_place_7399.json,0.6363636363636364
data/haunted_places_jsons_subset/haunted_place_588.json,data/haunted_places_jsons_subset/haunted_place_6422.json,0.5
data/haunted_places_jsons_subset/haunted_place_588.json,data/haunted_places_jsons_subset/haunted_place_2932.json,0.5
data/haunted_places_jsons_subset/haunted_place_588.json,data/haunted_places_jsons_subset/haunted_place_3620.json,0.5
data/haunted_places_jsons_subset/haunted_place_588.json,data/haunted_places_jsons_subset/haunted_place_2898.json,0.6363636363636364
data/haunted_places_jsons_subset/haunted_place_588.json,data/haunted_places_jsons_subset/haunted_place_863.json,0.5
data/haunted_places_jsons_subset/haunted_place_588.json,data/haunted_places_jsons_subset/haunted_place_6072.json,0.5
data/haunted_places_jsons_subset/haunted_place_588.json,data/haunted_places_jsons_subset/haunted_place_9387.json,0.5
data/haunted_places_jsons_subset/haunted_place_588.json,data/haunted_places_jsons_subset/haunted_place_3270.json,0.5
data/haunted_places_jsons_subset/haunted_place_588.json,data/haunted_places_jsons_subset/haunted_place_6588.json,0.6363636363636364
data/haunted_places_jsons_subset/haunted_place_588.json,data/haunted_places_jsons_subset/haunted_place_10925.json,0.5
data/haunted_places_jsons_subset/haunted_place_588.json,data/haunted_places_jsons_subset/haunted_place_249.json,0.5
data/haunted_places_jsons_subset/haunted_place_588.json,data/haunted_places_jsons_subset/haunted_place_5577.json,0.5
data/haunted_places_jsons_subset/haunted_place_588.json,data/haunted_places_jsons_subset/haunted_place_2748.json,0.6363636363636364
data/haunted_places_jsons_subset/haunted_place_588.json,data/haunted_places_jsons_subset/haunted_place_1867.json,0.5
data/haunted_places_jsons_subset/haunted_place_588.json,data/haunted_places_jsons_subset/haunted_place_8345.json,0.5
data/haunted_places_jsons_subset/haunted_place_588.json,data/haunted_places_jsons_subset/haunted_place_5127.json,0.5
data/haunted_places_jsons_subset/haunted_place_588.json,data/haunted_places_jsons_subset/haunted_place_619.json,0.6363636363636364
data/haunted_places_jsons_subset/haunted_place_588.json,data/haunted_places_jsons_subset/haunted_place_2318.json,0.5
data/haunted_places_jsons_subset/haunted_place_588.json,data/haunted_places_jsons_subset/haunted_place_8715.json,0.5
data/haunted_places_jsons_subset/haunted_place_588.json,data/haunted_places_jsons_subset/haunted_place_9807.json,0.5
data/haunted_places_jsons_subset/haunted_place_588.json,data/haunted_places_jsons_subset/haunted_place_10026.json,0.5
data/haunted_places_jsons_subset/haunted_place_588.json,data/haunted_places_jsons_subset/haunted_place_4366.json,0.6363636363636364
data/haunted_places_jsons_subset/haunted_place_588.json,data/haunted_places_jsons_subset/haunted_place_3159.json,0.6363636363636364
data/haunted_places_jsons_subset/haunted_place_588.json,data/haunted_places_jsons_subset/haunted_place_1164.json,0.6363636363636364
data/haunted_places_jsons_subset/haunted_place_588.json,data/haunted_places_jsons_subset/haunted_place_9554.json,0.5
data/haunted_places_jsons_subset/haunted_place_588.json,data/haunted_places_jsons_subset/haunted_place_10476.json,0.5
data/haunted_places_jsons_subset/haunted_place_588.json,data/haunted_places_jsons_subset/haunted_place_4736.json,0.5
data/haunted_places_jsons_subset/haunted_place_588.json,data/haunted_places_jsons_subset/haunted_place_5824.json,0.6363636363636364
data/haunted_places_jsons_subset/haunted_place_588.json,data/haunted_places_jsons_subset/haunted_place_7819.json,0.5
data/haunted_places_jsons_subset/haunted_place_588.json,data/haunted_places_jsons_subset/haunted_place_3509.json,0.5
data/haunted_places_jsons_subset/haunted_place_588.json,data/haunted_places_jsons_subset/haunted_place_1534.json,0.5
data/haunted_places_jsons_subset/haunted_place_588.json,data/haunted_places_jsons_subset/haunted_place_9104.json,0.5
data/haunted_places_jsons_subset/haunted_place_588.json,data/haunted_places_jsons_subset/haunted_place_1021.json,0.6363636363636364
data/haunted_places_jsons_subset/haunted_place_588.json,data/haunted_places_jsons_subset/haunted_place_10499.json,0.5
data/haunted_places_jsons_subset/haunted_place_588.json,data/haunted_places_jsons_subset/haunted_place_9411.json,0.5
data/haunted_places_jsons_subset/haunted_place_588.json,data/haunted_places_jsons_subset/haunted_place_10163.json,0.6363636363636364
data/haunted_places_jsons_subset/haunted_place_588.json,data/haunted_places_jsons_subset/haunted_place_4223.json,0.6363636363636364
data/haunted_places_jsons_subset/haunted_place_588.json,data/haunted_places_jsons_subset/haunted_place_4389.json,0.5
data/haunted_places_jsons_subset/haunted_place_588.json,data/haunted_places_jsons_subset/haunted_place_1471.json,0.5
data/haunted_places_jsons_subset/haunted_place_588.json,data/haunted_places_jsons_subset/haunted_place_9041.json,0.5
data/haunted_places_jsons_subset/haunted_place_588.json,data/haunted_places_jsons_subset/haunted_place_10533.json,0.6363636363636364
data/haunted_places_jsons_subset/haunted_place_588.json,data/haunted_places_jsons_subset/haunted_place_4673.json,0.5
data/haunted_places_jsons_subset/haunted_place_588.json,data/haunted_places_jsons_subset/haunted_place_5961.json,0.5
data/haunted_places_jsons_subset/haunted_place_588.json,data/haunted_places_jsons_subset/haunted_place_1922.json,0.5
data/haunted_places_jsons_subset/haunted_place_588.json,data/haunted_places_jsons_subset/haunted_place_8200.json,0.6363636363636364
data/haunted_places_jsons_subset/haunted_place_588.json,data/haunted_places_jsons_subset/haunted_place_10860.json,0.6363636363636364
data/haunted_places_jsons_subset/haunted_place_588.json,data/haunted_places_jsons_subset/haunted_place_5432.json,0.5
data/haunted_places_jsons_subset/haunted_place_588.json,data/haunted_places_jsons_subset/haunted_place_5598.json,0.6363636363636364
data/haunted_places_jsons_subset/haunted_place_588.json,data/haunted_places_jsons_subset/haunted_place_8650.json,0.5
data/haunted_places_jsons_subset/haunted_place_588.json,data/haunted_places_jsons_subset/haunted_place_9942.json,0.6363636363636364
data/haunted_places_jsons_subset/haunted_place_588.json,data/haunted_places_jsons_subset/haunted_place_5062.json,0.5
data/haunted_places_jsons_subset/haunted_place_588.json,data/haunted_places_jsons_subset/haunted_place_1888.json,0.5
data/haunted_places_jsons_subset/haunted_place_588.json,data/haunted_places_jsons_subset/haunted_place_7730.json,0.6363636363636364
data/haunted_places_jsons_subset/haunted_place_588.json,data/haunted_places_jsons_subset/haunted_place_6822.json,0.6363636363636364
data/haunted_places_jsons_subset/haunted_place_588.json,data/haunted_places_jsons_subset/haunted_place_2532.json,0.5
data/haunted_places_jsons_subset/haunted_place_588.json,data/haunted_places_jsons_subset/haunted_place_8095.json,0.5
data/haunted_places_jsons_subset/haunted_place_588.json,data/haunted_places_jsons_subset/haunted_place_463.json,0.5
data/haunted_places_jsons_subset/haunted_place_588.json,data/haunted_places_jsons_subset/haunted_place_7360.json,0.5
data/haunted_places_jsons_subset/haunted_place_588.json,data/haunted_places_jsons_subset/haunted_place_2498.json,0.5
data/haunted_places_jsons_subset/haunted_place_588.json,data/haunted_places_jsons_subset/haunted_place_2162.json,0.6363636363636364
data/haunted_places_jsons_subset/haunted_place_588.json,data/haunted_places_jsons_subset/haunted_place_199.json,0.5
data/haunted_places_jsons_subset/haunted_place_588.json,data/haunted_places_jsons_subset/haunted_place_6988.json,0.5
data/haunted_places_jsons_subset/haunted_place_588.json,data/haunted_places_jsons_subset/haunted_place_6121.json,0.6363636363636364
data/haunted_places_jsons_subset/haunted_place_588.json,data/haunted_places_jsons_subset/haunted_place_930.json,0.5
data/haunted_places_jsons_subset/haunted_place_588.json,data/haunted_places_jsons_subset/haunted_place_3323.json,0.5
data/haunted_places_jsons_subset/haunted_place_588.json,data/haunted_places_jsons_subset/haunted_place_9684.json,0.6363636363636364
data/haunted_places_jsons_subset/haunted_place_588.json,data/haunted_places_jsons_subset/haunted_place_8996.json,0.6363636363636364
data/haunted_places_jsons_subset/haunted_place_588.json,data/haunted_places_jsons_subset/haunted_place_6571.json,0.5
data/haunted_places_jsons_subset/haunted_place_588.json,data/haunted_places_jsons_subset/haunted_place_3289.json,0.5
data/haunted_places_jsons_subset/haunted_place_588.json,data/haunted_places_jsons_subset/haunted_place_3773.json,0.5
data/haunted_places_jsons_subset/haunted_place_588.json,data/haunted_places_jsons_subset/haunted_place_2861.json,0.6363636363636364
data/haunted_places_jsons_subset/haunted_place_588.json,data/haunted_places_jsons_subset/haunted_place_3266.json,0.5
data/haunted_places_jsons_subset/haunted_place_588.json,data/haunted_places_jsons_subset/haunted_place_8979.json,0.5
data/haunted_places_jsons_subset/haunted_place_588.json,data/haunted_places_jsons_subset/haunted_place_10319.json,0.6363636363636364
data/haunted_places_jsons_subset/haunted_place_588.json,data/haunted_places_jsons_subset/haunted_place_9391.json,0.5
data/haunted_places_jsons_subset/haunted_place_588.json,data/haunted_places_jsons_subset/haunted_place_875.json,0.6363636363636364
data/haunted_places_jsons_subset/haunted_place_588.json,data/haunted_places_jsons_subset/haunted_place_6064.json,0.5
data/haunted_places_jsons_subset/haunted_place_588.json,data/haunted_places_jsons_subset/haunted_place_4059.json,0.6363636363636364
data/haunted_places_jsons_subset/haunted_place_588.json,data/haunted_places_jsons_subset/haunted_place_3636.json,0.5
data/haunted_places_jsons_subset/haunted_place_588.json,data/haunted_places_jsons_subset/haunted_place_2924.json,0.5
data/haunted_places_jsons_subset/haunted_place_588.json,data/haunted_places_jsons_subset/haunted_place_10749.json,0.5
data/haunted_places_jsons_subset/haunted_place_588.json,data/haunted_places_jsons_subset/haunted_place_6434.json,0.5
data/haunted_places_jsons_subset/haunted_place_588.json,data/haunted_places_jsons_subset/haunted_place_4409.json,0.6363636363636364
data/haunted_places_jsons_subset/haunted_place_588.json,data/haunted_places_jsons_subset/haunted_place_2477.json,0.5
data/haunted_places_jsons_subset/haunted_place_588.json,data/haunted_places_jsons_subset/haunted_place_8580.json,0.5
data/haunted_places_jsons_subset/haunted_place_588.json,data/haunted_places_jsons_subset/haunted_place_5648.json,0.5
data/haunted_places_jsons_subset/haunted_place_588.json,data/haunted_places_jsons_subset/haunted_place_7675.json,0.5
data/haunted_places_jsons_subset/haunted_place_588.json,data/haunted_places_jsons_subset/haunted_place_176.json,0.6363636363636364
data/haunted_places_jsons_subset/haunted_place_588.json,data/haunted_places_jsons_subset/haunted_place_6967.json,0.5
data/haunted_places_jsons_subset/haunted_place_588.json,data/haunted_places_jsons_subset/haunted_place_2027.json,0.5
data/haunted_places_jsons_subset/haunted_place_588.json,data/haunted_places_jsons_subset/haunted_place_526.json,0.5
data/haunted_places_jsons_subset/haunted_place_588.json,data/haunted_places_jsons_subset/haunted_place_5218.json,0.6363636363636364
data/haunted_places_jsons_subset/haunted_place_588.json,data/haunted_places_jsons_subset/haunted_place_7225.json,0.5
data/haunted_places_jsons_subset/haunted_place_588.json,data/haunted_places_jsons_subset/haunted_place_9112.json,0.5
data/haunted_places_jsons_subset/haunted_place_588.json,data/haunted_places_jsons_subset/haunted_place_1522.json,0.5
data/haunted_places_jsons_subset/haunted_place_588.json,data/haunted_places_jsons_subset/haunted_place_5832.json,0.6363636363636364
data/haunted_places_jsons_subset/haunted_place_588.json,data/haunted_places_jsons_subset/haunted_place_4720.json,0.5
data/haunted_places_jsons_subset/haunted_place_588.json,data/haunted_places_jsons_subset/haunted_place_10460.json,0.5
data/haunted_places_jsons_subset/haunted_place_588.json,data/haunted_places_jsons_subset/haunted_place_9542.json,0.6363636363636364
data/haunted_places_jsons_subset/haunted_place_588.json,data/haunted_places_jsons_subset/haunted_place_5998.json,0.5
data/haunted_places_jsons_subset/haunted_place_588.json,data/haunted_places_jsons_subset/haunted_place_1172.json,0.5
data/haunted_places_jsons_subset/haunted_place_588.json,data/haunted_places_jsons_subset/haunted_place_1488.json,0.6363636363636364
data/haunted_places_jsons_subset/haunted_place_588.json,data/haunted_places_jsons_subset/haunted_place_4370.json,0.6363636363636364
data/haunted_places_jsons_subset/haunted_place_588.json,data/haunted_places_jsons_subset/haunted_place_10030.json,0.5
data/haunted_places_jsons_subset/haunted_place_588.json,data/haunted_places_jsons_subset/haunted_place_10899.json,0.5
data/haunted_places_jsons_subset/haunted_place_588.json,data/haunted_places_jsons_subset/haunted_place_9811.json,0.5
data/haunted_places_jsons_subset/haunted_place_588.json,data/haunted_places_jsons_subset/haunted_place_8703.json,0.5
data/haunted_places_jsons_subset/haunted_place_588.json,data/haunted_places_jsons_subset/haunted_place_5131.json,0.5
data/haunted_places_jsons_subset/haunted_place_588.json,data/haunted_places_jsons_subset/haunted_place_8353.json,0.5
data/haunted_places_jsons_subset/haunted_place_588.json,data/haunted_places_jsons_subset/haunted_place_1871.json,0.5
data/haunted_places_jsons_subset/haunted_place_588.json,data/haunted_places_jsons_subset/haunted_place_5561.json,0.6363636363636364
data/haunted_places_jsons_subset/haunted_place_588.json,data/haunted_places_jsons_subset/haunted_place_10933.json,0.6363636363636364
data/haunted_places_jsons_subset/haunted_place_588.json,data/haunted_places_jsons_subset/haunted_place_7049.json,0.5
data/haunted_places_jsons_subset/haunted_place_588.json,data/haunted_places_jsons_subset/haunted_place_5074.json,0.5
data/haunted_places_jsons_subset/haunted_place_588.json,data/haunted_places_jsons_subset/haunted_place_9954.json,0.5
data/haunted_places_jsons_subset/haunted_place_588.json,data/haunted_places_jsons_subset/haunted_place_8646.json,0.6363636363636364
data/haunted_places_jsons_subset/haunted_place_588.json,data/haunted_places_jsons_subset/haunted_place_7419.json,0.5
data/haunted_places_jsons_subset/haunted_place_588.json,data/haunted_places_jsons_subset/haunted_place_5424.json,0.5
data/haunted_places_jsons_subset/haunted_place_588.json,data/haunted_places_jsons_subset/haunted_place_10876.json,0.5
data/haunted_places_jsons_subset/haunted_place_588.json,data/haunted_places_jsons_subset/haunted_place_8216.json,0.5
data/haunted_places_jsons_subset/haunted_place_588.json,data/haunted_places_jsons_subset/haunted_place_1934.json,0.5
data/haunted_places_jsons_subset/haunted_place_588.json,data/haunted_places_jsons_subset/haunted_place_3909.json,0.5
data/haunted_places_jsons_subset/haunted_place_588.json,data/haunted_places_jsons_subset/haunted_place_5977.json,0.5
data/haunted_places_jsons_subset/haunted_place_588.json,data/haunted_places_jsons_subset/haunted_place_4665.json,0.6363636363636364
data/haunted_places_jsons_subset/haunted_place_588.json,data/haunted_places_jsons_subset/haunted_place_6658.json,0.6363636363636364
data/haunted_places_jsons_subset/haunted_place_588.json,data/haunted_places_jsons_subset/haunted_place_10525.json,0.5
data/haunted_places_jsons_subset/haunted_place_588.json,data/haunted_places_jsons_subset/haunted_place_9057.json,0.5
data/haunted_places_jsons_subset/haunted_place_588.json,data/haunted_places_jsons_subset/haunted_place_1467.json,0.6363636363636364
data/haunted_places_jsons_subset/haunted_place_588.json,data/haunted_places_jsons_subset/haunted_place_4235.json,0.5
data/haunted_places_jsons_subset/haunted_place_588.json,data/haunted_places_jsons_subset/haunted_place_6208.json,0.6363636363636364
data/haunted_places_jsons_subset/haunted_place_588.json,data/haunted_places_jsons_subset/haunted_place_10175.json,0.5
data/haunted_places_jsons_subset/haunted_place_588.json,data/haunted_places_jsons_subset/haunted_place_9407.json,0.5
data/haunted_places_jsons_subset/haunted_place_588.json,data/haunted_places_jsons_subset/haunted_place_1037.json,0.5
data/haunted_places_jsons_subset/haunted_place_588.json,data/haunted_places_jsons_subset/haunted_place_3724.json,0.5
data/haunted_places_jsons_subset/haunted_place_588.json,data/haunted_places_jsons_subset/haunted_place_1719.json,0.5
data/haunted_places_jsons_subset/haunted_place_588.json,data/haunted_places_jsons_subset/haunted_place_2836.json,0.6363636363636364
data/haunted_places_jsons_subset/haunted_place_588.json,data/haunted_places_jsons_subset/haunted_place_9329.json,0.6363636363636364
data/haunted_places_jsons_subset/haunted_place_588.json,data/haunted_places_jsons_subset/haunted_place_6526.json,0.6363636363636364
data/haunted_places_jsons_subset/haunted_place_588.json,data/haunted_places_jsons_subset/haunted_place_3374.json,0.5
data/haunted_places_jsons_subset/haunted_place_588.json,data/haunted_places_jsons_subset/haunted_place_1349.json,0.5
data/haunted_places_jsons_subset/haunted_place_588.json,data/haunted_places_jsons_subset/haunted_place_9779.json,0.5
data/haunted_places_jsons_subset/haunted_place_588.json,data/haunted_places_jsons_subset/haunted_place_9283.json,0.6363636363636364
data/haunted_places_jsons_subset/haunted_place_588.json,data/haunted_places_jsons_subset/haunted_place_967.json,0.5
data/haunted_places_jsons_subset/haunted_place_588.json,data/haunted_places_jsons_subset/haunted_place_6176.json,0.5
data/haunted_places_jsons_subset/haunted_place_588.json,data/haunted_places_jsons_subset/haunted_place_2135.json,0.5
data/haunted_places_jsons_subset/haunted_place_588.json,data/haunted_places_jsons_subset/haunted_place_8538.json,0.5
data/haunted_places_jsons_subset/haunted_place_588.json,data/haunted_places_jsons_subset/haunted_place_434.json,0.6363636363636364
data/haunted_places_jsons_subset/haunted_place_588.json,data/haunted_places_jsons_subset/haunted_place_7337.json,0.5
data/haunted_places_jsons_subset/haunted_place_588.json,data/haunted_places_jsons_subset/haunted_place_2565.json,0.5
data/haunted_places_jsons_subset/haunted_place_588.json,data/haunted_places_jsons_subset/haunted_place_8168.json,0.5
data/haunted_places_jsons_subset/haunted_place_588.json,data/haunted_places_jsons_subset/haunted_place_8492.json,0.6363636363636364
data/haunted_places_jsons_subset/haunted_place_588.json,data/haunted_places_jsons_subset/haunted_place_7767.json,0.6363636363636364
data/haunted_places_jsons_subset/haunted_place_588.json,data/haunted_places_jsons_subset/haunted_place_6875.json,0.6363636363636364
